facility_id,latitude,longitude,source_url,matched_address,address,city,state,zip_code,query_address,verified_on,address_source_url
030148,31.956442785326,-110.983240154804,https://geocoding.geo.census.gov/,"16260 S RANCHO SAHUARITA BL, SAHUARITA, AZ, 85629",16260 SOUTH RANCHO SAHUARITA BOULEVARD,SAHUARITA,AZ,85629,,,
054111,34.009880274519,-117.688284163288,https://geocoding.geo.census.gov/,"5353 G ST, CHINO, CA, 91710",5353 G STREET,CHINO,CA,91710,,,
030147,33.286555226295,-111.858659924706,https://geocoding.geo.census.gov/,"1405 S ALMA SCHOOL RD, CHANDLER, AZ, 85286",1405 SOUTH ALMA SCHOOL ROAD,CHANDLER,AZ,85286,,,
054110,37.546530885639,-121.978825325094,https://geocoding.geo.census.gov/,"39001 SUNDALE DR, FREMONT, CA, 94538",39001 SUNDALE DRIVE,FREMONT,CA,94538,,,
030146,33.785668467365,-112.128681515522,https://geocoding.geo.census.gov/,"33400 N 32ND AVE, PHOENIX, AZ, 85085",33400 NORTH 32ND AVENUE,PHOENIX,AZ,85085,,,
010779,32.14624248787,-85.71614392846,https://geocoding.geo.census.gov/,"102 CONECUH AVE, UNION SPRINGS, AL, 36089",102 WEST CONECUH AVENUE,UNION SPRINGS,AL,36089,,,
100110,28.300843847368,-81.410963037471,https://geocoding.geo.census.gov/,"700 W OAK ST, KISSIMMEE, FL, 34741",700 WEST OAK STREET,KISSIMMEE,FL,34741,,,
030155,35.100402205517,-114.598125767729,https://geocoding.geo.census.gov/,"2365 STATE RTE 95, BULLHEAD CITY, AZ, 86442",2365 HIGHWAY 95,BULLHEAD CITY,AZ,86442,,,
054104,38.643700279741,-121.365148136572,https://geocoding.geo.census.gov/,"4250 AUBURN BLVD, SACRAMENTO, CA, 95841",4250 AUBURN BLVD,SACRAMENTO,CA,95841,,,
030154,32.679926921833,-114.521593241106,https://geocoding.geo.census.gov/,"2648 S ARABY RD, YUMA, AZ, 85365",2648 SOUTH ARABY RD,YUMA,AZ,85365,,,
100109,27.535998778746,-81.510195662694,https://geocoding.geo.census.gov/,"4200 SUN N LAKE BLVD, SEBRING, FL, 33872",4200 SUN N LAKE BLVD,SEBRING,FL,33872,,,
100105,27.656855745296,-80.394160574091,https://geocoding.geo.census.gov/,"1000 36TH ST, VERO BEACH, FL, 32960",1000 36TH ST,VERO BEACH,FL,32960,,,
100107,26.614362944878,-81.658486574641,https://geocoding.geo.census.gov/,"1500 LEE BLVD, LEHIGH ACRES, FL, 33936",1500 LEE BLVD,LEHIGH ACRES,FL,33936,,,
030123,33.669849922371,-111.922138967398,https://geocoding.geo.census.gov/,"7400 E THOMPSON PEAK PKWY, SCOTTSDALE, AZ, 85255",7400 EAST THOMPSON PEAK PARKWAY,SCOTTSDALE,AZ,85255,,,
030122,33.384379233876,-111.719508126167,https://geocoding.geo.census.gov/,"1900 S HIGLEY RD, GILBERT, AZ, 85234",1900 NORTH HIGLEY ROAD,GILBERT,AZ,85234,,,
03012F,33.494839576449,-112.066785872032,https://geocoding.geo.census.gov/,"650 E INDIAN SCHOOL RD, PHOENIX, AZ, 85012",650 E. INDIAN SCHOOL ROAD,PHOENIX,AZ,85012,,,
040164,34.872433472746,-92.124576096437,https://geocoding.geo.census.gov/,"1400 BRADEN ST, JACKSONVILLE, AR, 72076",1400 BRADEN STREET,JACKSONVILLE,AR,72076,,,
030134,33.39339015426,-111.566639588424,https://geocoding.geo.census.gov/,"2050 W SOUTHERN AVE, APACHE JUNCTION, AZ, 85120",2050 WEST SOUTHERN AVENUE,APACHE JUNCTION,AZ,85120,,,
030136,33.381810705251,-112.168217398977,https://geocoding.geo.census.gov/,"7171 S 51ST AVE, LAVEEN, AZ, 85339",7171 SOUTH 51ST AVENUE,LAVEEN,AZ,85339,,,
030130,33.214591921935,-111.563531696966,https://geocoding.geo.census.gov/,"37000 N GANTZEL RD, QUEEN CREEK, AZ, 85140",37000 NORTH GANTZEL ROAD,QUEEN CREEK,AZ,85140,,,
010781,31.997105680317,-87.299500278017,https://geocoding.geo.census.gov/,"317 MCWILLIAMS AVE, CAMDEN, AL, 36726",317 MCWILLIAMS AVENUE,CAMDEN,AL,36726,,,
010780,32.825097456283,-85.170535963312,https://geocoding.geo.census.gov/,"4800 48TH ST, VALLEY, AL, 36854",4800 48TH STREET,VALLEY,AL,36854,,,
03013F,32.182108085359,-110.968054322803,https://geocoding.geo.census.gov/,"3601 S 6TH AVE, TUCSON, AZ, 85723",3601 SOUTH SIXTH AVENUE,TUCSON,AZ,85723,,,
030108,33.531446680697,-112.099570535016,https://geocoding.geo.census.gov/,"6501 N 19TH AVE, PHOENIX, AZ, 85015",6501 NORTH 19TH AVENUE,PHOENIX,AZ,85015,,,
030105,33.410442224444,-111.685524288039,https://geocoding.geo.census.gov/,"6750 E BAYWOOD AVE, MESA, AZ, 85206",6750 EAST BAYWOOD AVENUE,MESA,AZ,85206,,,
100140,30.653652976615,-81.449291895897,https://geocoding.geo.census.gov/,"1250 S 18TH ST, FERNANDINA BEACH, FL, 32034",1250 S 18TH ST,FERNANDINA BEACH,FL,32034,,,
030101,35.110002046138,-114.555761413414,https://geocoding.geo.census.gov/,"2735 SILVER CREEK RD, BULLHEAD CITY, AZ, 86442",2735 SILVER CREEK ROAD,BULLHEAD CITY,AZ,86442,,,
050195,37.558469614464,-121.980092620842,https://geocoding.geo.census.gov/,"2000 MOWRY AVE, FREMONT, CA, 94538",2000 MOWRY AVE,FREMONT,CA,94538,,,
030103,33.663347334312,-111.955759284274,https://geocoding.geo.census.gov/,"5777 E MAYO BLVD, PHOENIX, AZ, 85054",5777 EAST MAYO BOULEVARD,PHOENIX,AZ,85054,,,
050194,36.928221507747,-121.793596624528,https://geocoding.geo.census.gov/,"75 NEILSON ST, WATSONVILLE, CA, 95076",75 NIELSON STREET,WATSONVILLE,CA,95076,,,
090011,38.931118184327,-77.012564312072,https://geocoding.geo.census.gov/,"110 IRVING ST NW, WASHINGTON, DC, 20010",110 IRVING STREET NW,WASHINGTON,DC,20010,,,
10013F,30.228414334385,-81.693261777609,https://geocoding.geo.census.gov/,"2080 CHILD ST, JACKSONVILLE, FL, 32214",2080 Child St,Jacksonville,FL,32214,,,
040147,34.801879660901,-92.349215619066,https://geocoding.geo.census.gov/,"5201 NORTHSHORE DR, NORTH LITTLE ROCK, AR, 72118",5201 NORTH SHORE DRIVE,NO LITTLE ROCK,AR,72118,,,
100134,30.28573092225,-82.119511789147,https://geocoding.geo.census.gov/,"159 N 3RD ST, MACCLENNY, FL, 32063",159 N 3RD ST,MACCLENNY,FL,32063,,,
100135,30.455588356413,-84.262390101694,https://geocoding.geo.census.gov/,"1300 MICCOSUKEE RD, TALLAHASSEE, FL, 32308",1300 MICCOSUKEE RD,TALLAHASSEE,FL,32308,,,
100137,28.179587807016,-81.639999537683,https://geocoding.geo.census.gov/,"40100 US HWY 27, DAVENPORT, FL, 33837",40100 HWY 27,DAVENPORT,FL,33837,,,
030119,33.286164888361,-111.755341484546,https://geocoding.geo.census.gov/,"3555 S VAL VISTA DR, GILBERT, AZ, 85297",3555 SOUTH VAL VISTA DRIVE,GILBERT,AZ,85297,,,
100150,24.581836362028,-81.743078768001,https://geocoding.geo.census.gov/,"5900 COLLEGE RD, KEY WEST, FL, 33040",5900 COLLEGE ROAD,KEY WEST,FL,33040,,,
100151,30.264981653522,-81.43757328566,https://geocoding.geo.census.gov/,"4500 SAN PABLO PKWY, JACKSONVILLE, FL, 32224",4500 SAN PABLO RD,JACKSONVILLE,FL,32224,,,
030117,35.003213334969,-114.597997917788,https://geocoding.geo.census.gov/,"5330 STATE RTE 95, FORT MOHAVE, AZ, 86426",5330 SOUTH HIGHWAY 95,FORT MOHAVE,AZ,86426,,,
100154,25.702964700837,-80.293428233363,https://geocoding.geo.census.gov/,"6200 SW 73RD ST, MIAMI, FL, 33143",6200 SW 73RD ST,MIAMI,FL,33143,,,
030112,33.455820382869,-111.995311792598,https://geocoding.geo.census.gov/,"750 N 40TH ST, PHOENIX, AZ, 85008",750 NORTH 40TH STREET,PHOENIX,AZ,85008,,,
090001,38.900756310266,-77.050201614765,https://geocoding.geo.census.gov/,"900 23RD ST NW, WASHINGTON, DC, 20037",900 23RD ST NW,WASHINGTON,DC,20037,,,
030111,32.177887206588,-110.931944779321,https://geocoding.geo.census.gov/,"2800 E AJO WAY, TUCSON, AZ, 85713",2800 EAST AJO WAY,TUCSON,AZ,85713,,,
030114,32.425135582137,-110.95715899378,https://geocoding.geo.census.gov/,"1551 E TANGERINE RD, ORO VALLEY, AZ, 85755",1551 EAST TANGERINE ROAD,ORO VALLEY,AZ,85755,,,
030113,33.875900565477,-109.960990846969,https://geocoding.geo.census.gov/,"200 HOSPITAL DR, WHITERIVER, AZ, 85941",200 WEST HOSPITAL DRIVE  (PO BOX 860),WHITERIVER,AZ,85941,,,
090005,38.935795669761,-77.109291454012,https://geocoding.geo.census.gov/,"5255 LOUGHBORO RD NW, WASHINGTON, DC, 20016",5255 LOUGHBORO RD NW,WASHINGTON,DC,20016,,,
090003,38.918273079326,-77.021824585508,https://geocoding.geo.census.gov/,"2041 GEORGIA AVE NW, WASHINGTON, DC, 20060",2041 GEORGIA AVE NW,WASHINGTON,DC,20060,,,
090004,38.912548472588,-77.074940259065,https://geocoding.geo.census.gov/,"3800 RESERVOIR RD NW, WASHINGTON, DC, 20007",3800 RESERVOIR RD,WASHINGTON,DC,20007,,,
090008,38.834712074028,-76.984091277074,https://geocoding.geo.census.gov/,"1310 SOUTHERN AVE SE, WASHINGTON, DC, 20032",1310 SOUTHERN AVENUE  SE,WASHINGTON,DC,20032,,,
050192,36.607852623355,-119.451379267276,https://geocoding.geo.census.gov/,"372 W CYPRESS AVE, REEDLEY, CA, 93654",372 W CYPRESS AVE,REEDLEY,CA,93654,,,
040153,33.649045212327,-93.58699675743,https://geocoding.geo.census.gov/,"2001 S MAIN ST, HOPE, AR, 71801",2001 SOUTH MAIN,HOPE,AR,71801,,,
040156,35.167858078091,-90.175881106781,https://geocoding.geo.census.gov/,"2100 N 7TH ST, WEST MEMPHIS, AR, 72301",2100 NORTH SEVENTH STREET,WEST MEMPHIS,AR,72301,,,
040154,35.0564455302,-92.416823443864,https://geocoding.geo.census.gov/,"1555 EXCHANGE AVE, CONWAY, AR, 72032",1555 EXCHANGE AVENUE,CONWAY,AR,72032,,,
05127F,34.051019412141,-117.252324232319,https://geocoding.geo.census.gov/,"11201 BENTON ST, LOMA LINDA, CA, 92357",11201 BENTON STREET,LOMA LINDA,CA,92357,,,
050179,37.510535583219,-120.839516584966,https://geocoding.geo.census.gov/,"825 DELBON AVE, TURLOCK, CA, 95382",825 DELBON AVE,TURLOCK,CA,95382,,,
050174,38.442884667642,-122.702106968047,https://geocoding.geo.census.gov/,"1165 MONTGOMERY DR, SANTA ROSA, CA, 95405",1165 MONTGOMERY DR,SANTA ROSA,CA,95405,,,
093300,38.926329276187,-77.012467166265,https://geocoding.geo.census.gov/,"111 MICHIGAN AVE NW, WASHINGTON, DC, 20010","111 MICHIGAN AVE, NW",WASHINGTON,DC,20010,,,
050180,37.913823851693,-122.042733618887,https://geocoding.geo.census.gov/,"1601 YGNACIO VALLEY RD, WALNUT CREEK, CA, 94598",1601 YGNACIO VALLEY RD,WALNUT CREEK,CA,94598,,,
100113,29.639540216639,-82.342644564564,https://geocoding.geo.census.gov/,"1600 SW ARCHER RD, GAINESVILLE, FL, 32610",1600 SW ARCHER RD,GAINESVILLE,FL,32610,,,
100117,30.274398479924,-81.400071682389,https://geocoding.geo.census.gov/,"1350 13TH AVE S, JACKSONVILLE BEACH, FL, 32250",1350 13TH AVE S,JACKSONVILLE BEACH,FL,32250,,,
100118,29.477651787235,-81.190188493154,https://geocoding.geo.census.gov/,"60 MEMORIAL MEDICAL PKWY, PALM COAST, FL, 32164",60 MEMORIAL MEDICAL PKWY,PALM COAST,FL,32164,,,
050168,33.893505610164,-117.928342765971,https://geocoding.geo.census.gov/,"101 E VALENCIA MESA DR, FULLERTON, CA, 92835",101 E VALENCIA MESA DRIVE,FULLERTON,CA,92835,,,
100130,26.725667694477,-80.667525347933,https://geocoding.geo.census.gov/,"39200 HOOKER HWY, BELLE GLADE, FL, 33430",39200 HOOKER HWY,BELLE GLADE,FL,33430,,,
100131,25.96910982295,-80.144547623951,https://geocoding.geo.census.gov/,"20900 BISCAYNE BLVD, AVENTURA, FL, 33180",20900 BISCAYNE BLVD,AVENTURA,FL,33180,,,
100132,28.015645134395,-82.138022270983,https://geocoding.geo.census.gov/,"301 N ALEXANDER ST, PLANT CITY, FL, 33563",301 N ALEXANDER ST,PLANT CITY,FL,33563,,,
050167,37.886600016841,-121.284564535272,https://geocoding.geo.census.gov/,"500 W HOSPITAL RD, FRENCH CAMP, CA, 95231",500 W HOSPITAL ROAD,FRENCH CAMP,CA,95231,,,
040137,34.81432699825,-92.208340766134,https://geocoding.geo.census.gov/,"2215 WILDWOOD AVE, SHERWOOD, AR, 72120",2215 WILDWOOD AVENUE,SHERWOOD,AR,72120,,,
100122,30.736889901475,-86.56296476687,https://geocoding.geo.census.gov/,"151 E REDSTONE AVE, CRESTVIEW, FL, 32539",151 REDSTONE AVE SE,CRESTVIEW,FL,32539,,,
100124,30.632332031586,-87.067569855366,https://geocoding.geo.census.gov/,"6002 BERRYHILL RD, MILTON, FL, 32570",6002 BERRYHILL RD,MILTON,FL,32570,,,
100126,27.752165693899,-82.739429589187,https://geocoding.geo.census.gov/,"1501 PASADENA AVE S, SAINT PETERSBURG, FL, 33707",1501 PASADENA AVE S,SAINT PETERSBURG,FL,33707,,,
040134,34.739521268652,-92.394377050805,https://geocoding.geo.census.gov/,"1701 S SHACKLEFORD RD, LITTLE ROCK, AR, 72211",1701 S SHACKLEFORD ROAD,LITTLE ROCK,AR,72211,,,
100127,27.951868213226,-82.803926968859,https://geocoding.geo.census.gov/,"300 PINELLAS ST, CLEARWATER, FL, 33756",300 PINELLAS ST,CLEARWATER,FL,33756,,,
040132,34.509930558349,-93.056833765485,https://geocoding.geo.census.gov/,"300 PROSPECT AVE, HOT SPRINGS, AR, 71901",300 PROSPECT AVE,HOT SPRINGS,AR,71901,,,
09002F,38.931125205408,-77.010896114085,https://geocoding.geo.census.gov/,"50 IRVING ST NW, WASHINGTON, DC, 20422",50 IRVING STREET N.W.,WASHINGTON,DC,20422,,,
100180,27.806300751718,-82.726611406682,https://geocoding.geo.census.gov/,"6500 38TH AVE N, SAINT PETERSBURG, FL, 33710",6500 38TH AVE N,SAINT PETERSBURG,FL,33710,,,
100181,25.705623011126,-80.293424135295,https://geocoding.geo.census.gov/,"7031 SW 62ND AVE, SOUTH MIAMI, FL, 33143",7031 SW 62ND AVE,SOUTH MIAMI,FL,33143,,,
100183,25.733397282105,-80.253991733625,https://geocoding.geo.census.gov/,"3100 S DOUGLAS RD, CORAL GABLES, FL, 33133",3100 DOUGLAS RD,CORAL GABLES,FL,33134,,,
010131,34.692316850734,-86.572426701657,https://geocoding.geo.census.gov/,"1 HOSPITAL DR SW, HUNTSVILLE, AL, 35801",ONE HOSPITAL DR SE,HUNTSVILLE,AL,35801,,,
010138,32.492406127044,-88.296225709275,https://geocoding.geo.census.gov/,"751 DERBY DR, YORK, AL, 36925",751 DERBY DRIVE,YORK,AL,36925,,,
100177,28.357811411777,-80.635330961194,https://geocoding.geo.census.gov/,"701 W COCOA BEACH CSWY, COCOA BEACH, FL, 32931",701 W COCOA BEACH CAUSEWAY,COCOA BEACH,FL,32931,,,
100179,30.287398563987,-81.602362450747,https://geocoding.geo.census.gov/,"3625 UNIVERSITY BLVD S, JACKSONVILLE, FL, 32216",3625 UNIVERSITY BLVD S,JACKSONVILLE,FL,32216,,,
100191,28.205960826967,-82.660304139102,https://geocoding.geo.census.gov/,"9330 STATE RD 54, TRINITY, FL, 34655",9330 SR 54,TRINITY,FL,34655,,,
010130,33.605132210197,-86.299244564412,https://geocoding.geo.census.gov/,"7063 VETERANS PKWY, PELL CITY, AL, 35125",7063 VETERANS PARKWAY,PELL CITY,AL,35125,,,
010120,31.496692872227,-87.319616312737,https://geocoding.geo.census.gov/,"2016 ALABAMA AVE, MONROEVILLE, AL, 36460",2016 SOUTH ALABAMA AVENUE,MONROEVILLE,AL,36460,,,
010126,31.780307715606,-85.945378896444,https://geocoding.geo.census.gov/,"1330 US HWY 231, TROY, AL, 36081",1330 HIGHWAY 231 SOUTH,TROY,AL,36081,,,
010129,30.902501308943,-87.783419093069,https://geocoding.geo.census.gov/,"1815 HAND AVE, BAY MINETTE, AL, 36507",1815 HAND AVENUE,BAY MINETTE,AL,36507,,,
100189,26.261724018253,-80.201779161402,https://geocoding.geo.census.gov/,"2801 STATE HWY 7, MARGATE, FL, 33063",2801 N STATE RD 7,MARGATE,FL,33063,,,
100161,28.816149868237,-81.283709597082,https://geocoding.geo.census.gov/,"1401 W SEMINOLE BLVD, SANFORD, FL, 32771",1401 W SEMINOLE BLVD,SANFORD,FL,32771,,,
10015F,30.183013847983,-82.636912735336,https://geocoding.geo.census.gov/,"619 S MARION ST, LAKE CITY, FL, 32025",619 SOUTH MARION AVENUE,LAKE CITY,FL,32025,,,
010157,34.745017672785,-87.676457374763,https://geocoding.geo.census.gov/,"201 AVALON AVE, MUSCLE SHOALS, AL, 35661",201 WEST AVALON AVENUE,MUSCLE SHOALS,AL,35661,,,
100156,30.176224458042,-82.685169100341,https://geocoding.geo.census.gov/,"340 COMMERCE BLVD, LAKE CITY, FL, 32025",340 NW COMMERCE DR,LAKE CITY,FL,32055,,,
100157,28.061221656325,-81.953312425498,https://geocoding.geo.census.gov/,"1324 LAKELAND HILLS BLVD, LAKELAND, FL, 33805",1324 LAKELAND HILLS BLVD,LAKELAND,FL,33805,,,
100173,28.069233889285,-82.424449650729,https://geocoding.geo.census.gov/,"3100 E FLETCHER AVE, TAMPA, FL, 33613",3100 E FLETCHER AVE,TAMPA,FL,33613,,,
01014F,33.505120096305,-86.801302643246,https://geocoding.geo.census.gov/,"700 19TH ST S, BIRMINGHAM, AL, 35233",700 SOUTH 19TH STREET,BIRMINGHAM,AL,35233,,,
100175,27.226795657067,-81.851623777182,https://geocoding.geo.census.gov/,"900 ROBERTS AVE, ARCADIA, FL, 34266",900 N ROBERT AVE,ARCADIA,FL,34266,,,
100176,26.83062317194,-80.087472766612,https://geocoding.geo.census.gov/,"3360 BURNS RD, PALM BEACH GARDENS, FL, 33410",3360 BURNS RD,PALM BEACH GARDENS,FL,33410,,,
010150,31.82826650147,-86.646508211298,https://geocoding.geo.census.gov/,"29 L V STABLER DR, GREENVILLE, AL, 36037",29 L V STABLER DRIVE,GREENVILLE,AL,36037,,,
010144,30.68541435447,-88.136036774523,https://geocoding.geo.census.gov/,"3719 DAUPHIN ST, MOBILE, AL, 36608",3719 DAUPHIN STREET,MOBILE,AL,36608,,,
010149,32.387898608001,-86.176090343994,https://geocoding.geo.census.gov/,"400 TAYLOR RD, MONTGOMERY, AL, 36117",400 TAYLOR ROAD,MONTGOMERY,AL,36117,,,
010148,31.431232895253,-86.941917617979,https://geocoding.geo.census.gov/,"101 CRESTVIEW ST, EVERGREEN, AL, 36401",101 CRESTVIEW AVENUE,EVERGREEN,AL,36401,,,
100166,27.298908490193,-82.45531760351,https://geocoding.geo.census.gov/,"5731 BEE RIDGE RD, SARASOTA, FL, 34233",5731 BEE RIDGE RD,SARASOTA,FL,34233,,,
100167,26.126383086103,-80.204241212131,https://geocoding.geo.census.gov/,"401 NW 42ND AVE, PLANTATION, FL, 33317",401 NW 42ND AVE,PLANTATION,FL,33317,,,
100168,26.359387716484,-80.102789122659,https://geocoding.geo.census.gov/,"800 MEADOWS RD, BOCA RATON, FL, 33486",800 MEADOWS RD,BOCA RATON,FL,33486,,,
02013F,61.236830292569,-149.748483415642,https://geocoding.geo.census.gov/,"5955 ZEAMER AVE, JBER, AK, 99506",673 MDG 5955 Zeamer Ave,JBER,AK,99506,,,
054155,35.318057308293,-119.060389297096,https://geocoding.geo.census.gov/,"5201 WHITE LN, BAKERSFIELD, CA, 93309",5201 WHITE LANE,BAKERSFIELD,CA,93309,,,
054154,37.247982959458,-121.772689611973,https://geocoding.geo.census.gov/,"455 SILICON VALLEY BLVD, SAN JOSE, CA, 95138",455 SILICON VALLEY BOULEVARD,SAN JOSE,CA,95138,,,
054153,33.804484340758,-118.151277061019,https://geocoding.geo.census.gov/,"2600 REDONDO AVE, LONG BEACH, CA, 90806","2600 REDONDO AVENUE, SUITE 500",LONG BEACH,CA,90806,,,
054159,38.5988563831,-121.458006154906,https://geocoding.geo.census.gov/,"1400 EXPO PKWY, SACRAMENTO, CA, 95815",1400 EXPO PARKWAY,NORTH SACRAMENTO,CA,95815,,,
054157,34.128608827564,-117.865031939699,https://geocoding.geo.census.gov/,"150 W STATE RTE 66, GLENDORA, CA, 91740",150 WEST ROUTE 66,GLENDORA,CA,91740,,,
054160,36.884129911517,-119.804717977458,https://geocoding.geo.census.gov/,"40886 GOODWIN WAY, MADERA, CA, 93636",40886 Goodwin Way,MADERA,CA,93636,40886 Goodwin Way,2026-09-28,
054145,32.794957374846,-117.155224155876,https://geocoding.geo.census.gov/,"7850 VISTA HILL AVE, SAN DIEGO, CA, 92123",7850 VISTA HILL AVENUE,SAN DIEGO,CA,92123,,,
054144,37.784391003997,-122.43957846576,https://geocoding.geo.census.gov/,"1600 DIVISADERO ST, SAN FRANCISCO, CA, 94143","1600 DIVISADERO STREET, 7TH FLOOR",SAN FRANCISCO,CA,94143,,,
054149,37.710340561515,-122.121211134094,https://geocoding.geo.census.gov/,"2050 FAIRMONT DR, SAN LEANDRO, CA, 94578",2050 FAIRMONT DRIVE,SAN LEANDRO,CA,94578,,,
054148,34.179935666352,-118.539018531694,https://geocoding.geo.census.gov/,"18646 OXNARD ST, TARZANA, CA, 91356",18646 OXNARD STREET,TARZANA,CA,91356,,,
054147,34.200095252293,-118.553445944991,https://geocoding.geo.census.gov/,"7150 TAMPA AVE, RESEDA, CA, 91335",7150 TAMPA AVENUE,RESEDA,CA,91335,,,
054146,37.791179397794,-122.222127900261,https://geocoding.geo.census.gov/,"2633 E 27TH ST, OAKLAND, CA, 94601","2633 E 27TH STREET, BUILDING B",OAKLAND,CA,94601,,,
054152,36.983410160882,-121.994301165943,https://geocoding.geo.census.gov/,"2250 SOQUEL AVE, SANTA CRUZ, CA, 95062","2250 SOQUEL AVENUE, SUITE 150",SANTA CRUZ,CA,95062,,,
054151,38.450417971543,-122.769782821109,https://geocoding.geo.census.gov/,"1287 FULTON RD, SANTA ROSA, CA, 95401",1287 FULTON ROAD,SANTA ROSA,CA,95401,,,
054131,37.984889179979,-122.038005069649,https://geocoding.geo.census.gov/,"2740 GRANT ST, CONCORD, CA, 94520",2740 GRANT STREET,CONCORD,CA,94520,,,
010110,32.14624248787,-85.71614392846,https://geocoding.geo.census.gov/,"102 CONECUH AVE, UNION SPRINGS, AL, 36089",102 WEST CONECUH AVENUE,UNION SPRINGS,AL,36089,,,
010114,33.377250755902,-86.988110688297,https://geocoding.geo.census.gov/,"995 9TH AVE SW, BESSEMER, AL, 35022",995 9TH AVENUE SOUTHWEST,BESSEMER,AL,35022,,,
010113,30.696655969961,-88.079344178664,https://geocoding.geo.census.gov/,"5 MOBILE INFIRMARY CIR, MOBILE, AL, 36607",5 MOBILE INFIRMARY CIRCLE,MOBILE,AL,36607,,,
010118,32.430061786618,-87.054994484321,https://geocoding.geo.census.gov/,"1015 MEDICAL CENTER PKWY, SELMA, AL, 36701",1015 MEDICAL CENTER PARKWAY,SELMA,AL,36701,,,
054123,37.976319288655,-121.29130766606,https://geocoding.geo.census.gov/,"2510 CALIFORNIA ST, STOCKTON, CA, 95204",2510 N  CALIFORNIA ST,STOCKTON,CA,95204,,,
054122,38.270049133167,-122.271678787727,https://geocoding.geo.census.gov/,"2100 NAPA VALLEJO HWY, NAPA, CA, 94558",2100 NAPA VALLEJO HIGHWAY,NAPA,CA,94558,,,
054125,34.444429520197,-119.7794188293,https://geocoding.geo.census.gov/,"315 CAM DEL REMEDIO, SANTA BARBARA, CA, 93110",315 CAMINO DEL REMEDIO,SANTA BARBARA,CA,93110,,,
054124,40.781135481166,-124.161003904342,https://geocoding.geo.census.gov/,"720 WOOD ST, EUREKA, CA, 95501",720 WOOD ST,EUREKA,CA,95501,,,
010101,33.439852182996,-86.092094657458,https://geocoding.geo.census.gov/,"604 STONE AVE, TALLADEGA, AL, 35160",604 STONE AVENUE,TALLADEGA,AL,35160,,,
010100,30.519912979438,-87.889879980658,https://geocoding.geo.census.gov/,"750 MORPHY AVE, FAIRHOPE, AL, 36532",750 MORPHY AVENUE,FAIRHOPE,AL,36532,,,
010103,33.499494898183,-86.84531882775,https://geocoding.geo.census.gov/,"701 PRINCETON AVE SW, BIRMINGHAM, AL, 35211",701 PRINCETON AVENUE SOUTHWEST,BIRMINGHAM,AL,35211,,,
054130,33.963078377756,-117.395247064376,https://geocoding.geo.census.gov/,"5900 BROCKTON AVE, RIVERSIDE, CA, 92506",5900 BROCKTON AVE,RIVERSIDE,CA,92506,,,
010108,32.464106298904,-86.45099794894,https://geocoding.geo.census.gov/,"124 S MEMORIAL DR, PRATTVILLE, AL, 36067",124 S MEMORIAL DR,PRATTVILLE,AL,36067,,,
050677,34.170928974737,-118.588245198112,https://geocoding.geo.census.gov/,"5601 DE SOTO AVE, WOODLAND HILLS, CA, 91367",5601 DE SOTO AVENUE,WOODLAND HILLS,CA,91367,,,
050674,38.472001144588,-121.422542464766,https://geocoding.geo.census.gov/,"6600 BRUCEVILLE RD, SACRAMENTO, CA, 95823",6600 BRUCEVILLE ROAD,SACRAMENTO,CA,95823,,,
050438,34.135705899576,-118.154034574977,https://geocoding.geo.census.gov/,"100 W CALIFORNIA BLVD, PASADENA, CA, 91105",100 W  CALIFORNIA BLVD,PASADENA,CA,91109,,,
050678,33.701608282895,-117.956387767974,https://geocoding.geo.census.gov/,"9920 TALBERT AVE, FOUNTAIN VALLEY, CA, 92708",9920 TALBERT AVENUE,FOUNTAIN VALLEY,CA,92708,,,
061323,38.069088816275,-102.610284242968,https://geocoding.geo.census.gov/,"401 KENDALL DR, LAMAR, CO, 81052",401 KENDALL DR,LAMAR,CO,81052,,,
061324,39.190921929995,-106.838262138377,https://geocoding.geo.census.gov/,"401 CASTLE CREEK RD, ASPEN, CO, 81611",401 CASTLE CREEK RD,ASPEN,CO,81611,,,
061326,38.979411009404,-105.072534111527,https://geocoding.geo.census.gov/,"16420 US HWY 24, WOODLAND PARK, CO, 80863",16420 W US HIGHWAY 24,WOODLAND PARK,CO,80863,,,
061327,37.362260283492,-108.572793516515,https://geocoding.geo.census.gov/,"1311 N MILDRED RD, CORTEZ, CO, 81321",1311 N MILDRED RD,CORTEZ,CO,81321,,,
061328,37.254891605132,-107.078353344563,https://geocoding.geo.census.gov/,"95 N PAGOSA BLVD, PAGOSA SPRINGS, CO, 81147",95 S PAGOSA BLVD,PAGOSA SPRINGS,CO,81147,,,
061320,38.551138311457,-106.924393250484,https://geocoding.geo.census.gov/,"711 N TAYLOR ST, GUNNISON, CO, 81230",711 N TAYLOR ST,GUNNISON,CO,81230,,,
061321,37.173259088639,-104.488653481305,https://geocoding.geo.census.gov/,"410 BENEDICTA AVE, TRINIDAD, CO, 81082",410 BENEDICTA AVE,TRINIDAD,CO,81082,,,
050424,32.897573778489,-117.241883540921,https://geocoding.geo.census.gov/,"10666 N TORREY PINES RD, LA JOLLA, CA, 92037",10666 NORTH TORREY PINES ROAD,LA JOLLA,CA,92037,,,
050663,34.018953662387,-118.186617359366,https://geocoding.geo.census.gov/,"4081 E OLYMPIC BLVD, LOS ANGELES, CA, 90023",4081 E OLYMPIC BLVD,LOS ANGELES,CA,90023,,,
094001,38.844381008957,-76.990539532231,https://geocoding.geo.census.gov/,"1100 ALABAMA AVE SE, WASHINGTON, DC, 20032","1100 ALABAMA AVENUE, SE",WASHINGTON,DC,20032,,,
050425,38.601968690887,-121.392276734796,https://geocoding.geo.census.gov/,"2025 MORSE AVE, SACRAMENTO, CA, 95825",2025 MORSE AVENUE,SACRAMENTO,CA,95825,,,
050426,33.824771140229,-117.996615088892,https://geocoding.geo.census.gov/,"3033 W ORANGE AVE, ANAHEIM, CA, 92804",3033 W ORANGE AVENUE,ANAHEIM,CA,92804,,,
050668,37.747158283854,-122.458945502263,https://geocoding.geo.census.gov/,"375 LAGUNA HONDA BLVD, SAN FRANCISCO, CA, 94116",375 LAGUNA HONDA BLVD,SAN FRANCISCO,CA,94116,,,
061319,39.244709639858,-106.302195823246,https://geocoding.geo.census.gov/,"816 W 4TH ST, LEADVILLE, CO, 80461",816 W 4TH ST,LEADVILLE,CO,80461,,,
094004,38.943645006353,-77.07737748223,https://geocoding.geo.census.gov/,"4228 WISCONSIN AVE NW, WASHINGTON, DC, 20016","4228 WISCONSIN AVENUE, NW",WASHINGTON,DC,20016,,,
061311,37.404209852848,-102.612453059585,https://geocoding.geo.census.gov/,"373 E 10TH AVE, SPRINGFIELD, CO, 81073",373 E TENTH AVE,SPRINGFIELD,CO,81073,,,
061313,39.303246160126,-102.270604421685,https://geocoding.geo.census.gov/,"286 16TH ST, BURLINGTON, CO, 80807",286 16TH ST,BURLINGTON,CO,80807,,,
061314,40.518208586678,-107.578644148623,https://geocoding.geo.census.gov/,"750 HOSPITAL LOOP, CRAIG, CO, 81625",750 HOSPITAL LOOP,CRAIG,CO,81625,,,
061315,40.118497044737,-102.736179286116,https://geocoding.geo.census.gov/,"1000 W 8TH AVE, YUMA, CO, 80759",1000 W 8TH AVE,YUMA,CO,80759,,,
061316,37.601593199229,-104.832033243635,https://geocoding.geo.census.gov/,"23500 US HWY 160, WALSENBURG, CO, 81089",23500 US HIGHWAY 160,WALSENBURG,CO,81089,,,
061318,40.05617162261,-106.391133050833,https://geocoding.geo.census.gov/,"214 4TH ST, KREMMLING, CO, 80459",214 S 4TH ST,KREMMLING,CO,80459,,,
061310,40.993350694508,-102.268788460506,https://geocoding.geo.census.gov/,"900 CEDAR ST, JULESBURG, CO, 80737",900 CEDAR ST,JULESBURG,CO,80737,,,
050411,33.789002022268,-118.294026864445,https://geocoding.geo.census.gov/,"25825 S VERMONT AVE, HARBOR CITY, CA, 90710",25825 SOUTH VERMONT AVENUE,HARBOR CITY,CA,90710,,,
050417,41.772749028719,-124.194950016162,https://geocoding.geo.census.gov/,"800 E WASHINGTON BLVD, CRESCENT CITY, CA, 95531",800 E WASHINGTON BLVD,CRESCENT CITY,CA,95531,,,
050414,38.670956604252,-121.145975835573,https://geocoding.geo.census.gov/,"1650 CREEKSIDE DR, FOLSOM, CA, 95630",1650 CREEKSIDE DRIVE,FOLSOM,CA,95630,,,
061308,37.262509815337,-105.964513492251,https://geocoding.geo.census.gov/,"19021 US HWY 285, LA JARA, CO, 81140",19021 US HIGHWAY 285,LA JARA,CO,81140,,,
061309,40.075472745725,-102.234059825199,https://geocoding.geo.census.gov/,"1017 W 7TH ST, WRAY, CO, 80758",1017 W 7TH ST,WRAY,CO,80758,,,
061300,38.480581789664,-102.784461465989,https://geocoding.geo.census.gov/,"1208 LUTHER ST, EADS, CO, 81036",1208 LUTHER ST,EADS,CO,81036,,,
061301,37.748117436841,-106.261337914465,https://geocoding.geo.census.gov/,"310 CO RD A, DEL NORTE, CO, 81132",310 COUNTY RD 14,DEL NORTE,CO,81132,,,
061302,39.164263862911,-108.736021123852,https://geocoding.geo.census.gov/,"300 W OTTLEY AVE, FRUITA, CO, 81521",300 W OTTLEY AVE,FRUITA,CO,81521,,,
061304,40.64145133635,-102.63140509935,https://geocoding.geo.census.gov/,"235 W FLETCHER ST, HAXTUN, CO, 80731",235 W FLETCHER ST,HAXTUN,CO,80731,,,
061305,40.578473144614,-102.291090667431,https://geocoding.geo.census.gov/,"1001 E JOHNSON ST, HOLYOKE, CO, 80734",1001 E JOHNSON ST,HOLYOKE,CO,80734,,,
061306,39.138007928595,-103.474127050201,https://geocoding.geo.census.gov/,"111 6TH ST, HUGO, CO, 80821",111 6TH ST,HUGO,CO,80821,,,
061307,40.080242712741,-108.80611148065,https://geocoding.geo.census.gov/,"225 EAGLE CREST DR, RANGELY, CO, 81648",225 EAGLE CREST ST,RANGELY,CO,81648,,,
050641,34.023866198289,-118.184294068033,https://geocoding.geo.census.gov/,"4060 WHITTIER BLVD, LOS ANGELES, CA, 90023",4060 WHITTIER BLVD,LOS ANGELES,CA,90023,,,
050407,37.795654348217,-122.409136139278,https://geocoding.geo.census.gov/,"845 JACKSON ST, SAN FRANCISCO, CA, 94133",845 JACKSON ST,SAN FRANCISCO,CA,94133,,,
050633,35.554453386771,-120.719284328168,https://geocoding.geo.census.gov/,"1100 LAS TABLAS RD, TEMPLETON, CA, 93465",1100 LAS TABLAS RD,TEMPLETON,CA,93465,,,
050636,32.997696748121,-117.057820632602,https://geocoding.geo.census.gov/,"15615 POMERADO RD, POWAY, CA, 92064",15615 POMERADO ROAD,POWAY,CA,92064,,,
084002,39.694228254379,-75.661580319621,https://geocoding.geo.census.gov/,"100 ROCKFORD DR, NEWARK, DE, 19713",100 ROCKFORD DRIVE,NEWARK,DE,19713,,,
084003,39.641862957632,-75.626708775604,https://geocoding.geo.census.gov/,"575 S DUPONT HWY, NEW CASTLE, DE, 19720",575 SOUTH DUPONT HIGHWAY,NEW CASTLE,DE,19720,,,
084001,39.697867910179,-75.57499236431,https://geocoding.geo.census.gov/,"1901 N DUPONT HWY, NEW CASTLE, DE, 19720",1901 N DUPONT HIGHWAY,NEW CASTLE,DE,19720,,,
084004,39.152431992692,-75.486373879143,https://geocoding.geo.census.gov/,"725 HORSEPOND RD, DOVER, DE, 19901",725 HORSEPOND ROAD,DOVER,DE,19901,,,
084005,38.69912395059,-75.406443057916,https://geocoding.geo.census.gov/,"21655 BIDEN AVE, GEORGETOWN, DE, 19947",21655 BIDEN AVENUE,GEORGETOWN,DE,19947,,,
050625,34.076789722459,-118.381791190283,https://geocoding.geo.census.gov/,"8700 W BEVERLY BLVD, LOS ANGELES, CA, 90048",8700 BEVERLY BLVD,LOS ANGELES,CA,90048,,,
010173,32.86998547579,-86.621791417158,https://geocoding.geo.census.gov/,"2030 LAY DAM RD, CLANTON, AL, 35045",2030 LAY DAM ROAD,CLANTON,AL,35045,,,
010164,33.164630491319,-86.254104804925,https://geocoding.geo.census.gov/,"315 W HICKORY ST, SYLACAUGA, AL, 35150",315 W HICKORY ST,SYLACAUGA,AL,35150,,,
010169,31.017333337336,-87.479651574684,https://geocoding.geo.census.gov/,"401 MEDICAL PARK DR, ATMORE, AL, 36502",401 MEDICAL PARK DRIVE,ATMORE,AL,36502,,,
010168,32.509965246813,-85.006591151234,https://geocoding.geo.census.gov/,"4401 RIVER CHASE DR, PHENIX CITY, AL, 36867",4401 RIVER CHASE DRIVE,PHENIX CITY,AL,36867,,,
050856,36.945361869871,-120.044898788667,https://geocoding.geo.census.gov/,"1250 E ALMOND AVE, MADERA, CA, 93637",1250 E ALMOND AVE,MADERA,CA,93637,,,
050854,33.817231558017,-118.006803112365,https://geocoding.geo.census.gov/,"3350 W BALL RD, ANAHEIM, CA, 92804",3350 W BALL RD,ANAHEIM,CA,92804,,,
050855,33.128964672351,-117.167923167739,https://geocoding.geo.census.gov/,"360 RUSH DR, SAN MARCOS, CA, 92078",360 RUSH DR,SAN MARCOS,CA,92078,,,
01019F,32.380424890678,-86.246614285867,https://geocoding.geo.census.gov/,"215 PERRY HILL RD, MONTGOMERY, AL, 36109",215 PERRY HILL ROAD,MONTGOMERY,AL,36109,,,
050603,33.608043218777,-117.70829207157,https://geocoding.geo.census.gov/,"24451 HEALTH CENTER DR, LAGUNA HILLS, CA, 92653",24451 HEALTH CENTER DRIVE,LAGUNA HILLS,CA,92653,,,
050604,37.23943887889,-121.802967911842,https://geocoding.geo.census.gov/,"250 HOSPITAL PKWY, SAN JOSE, CA, 95119",250 HOSPITAL PARKWAY,SAN JOSE,CA,95119,,,
050608,35.761465304261,-119.239374341324,https://geocoding.geo.census.gov/,"1401 GARCES HWY, DELANO, CA, 93215",1401 GARCES HIGHWAY,DELANO,CA,93215,,,
050609,33.854080309476,-117.845362641308,https://geocoding.geo.census.gov/,"3440 E LA PALMA AVE, ANAHEIM, CA, 92806",3440 E LA PALMA AVE,ANAHEIM,CA,92806,,,
050038,37.316347636217,-121.931909044735,https://geocoding.geo.census.gov/,"751 S BASCOM AVE, SAN JOSE, CA, 95128",751 SOUTH BASCOM AVENUE,SAN JOSE,CA,95128,,,
053306,33.56276566196,-117.667677266394,https://geocoding.geo.census.gov/,"27700 MEDICAL CENTER RD, MISSION VIEJO, CA, 92691","27700 MEDICAL CENTER RD, 5TH FLOOR",MISSION VIEJO,CA,92691,,,
050039,39.742373635151,-121.849011814165,https://geocoding.geo.census.gov/,"1531 ESPLANADE, CHICO, CA, 95926",1531 ESPLANADE,CHICO,CA,95926,,,
053305,37.437202556188,-122.174456734563,https://geocoding.geo.census.gov/,"725 WELCH RD, PALO ALTO, CA, 94304",725 WELCH ROAD,PALO ALTO,CA,94304,,,
050036,35.390530413969,-119.006570303276,https://geocoding.geo.census.gov/,"420 34TH ST, BAKERSFIELD, CA, 93301",420 34TH ST,BAKERSFIELD,CA,93301,,,
050278,34.279063051565,-118.459666604183,https://geocoding.geo.census.gov/,"15031 RINALDI ST, MISSION HILLS, CA, 91345",15031 RINALDI ST,MISSION HILLS,CA,91346,,,
053304,33.78038028573,-117.864941956211,https://geocoding.geo.census.gov/,"1201 W LA VETA AVE, ORANGE, CA, 92868",1201 W LA VETA AVE,ORANGE,CA,92868,,,
050279,34.13371571151,-116.276621739327,https://geocoding.geo.census.gov/,"6601 WHITE FEATHER RD, JOSHUA TREE, CA, 92252",6601 WHITE FEATHER ROAD,JOSHUA TREE,CA,92252,,,
053303,32.798659664432,-117.150864007899,https://geocoding.geo.census.gov/,"3020 CHILDRENS WAY, SAN DIEGO, CA, 92123",3020 CHILDRENS WAY,SAN DIEGO,CA,92123,,,
053308,33.782274278725,-117.835663962828,https://geocoding.geo.census.gov/,"393 S TUSTIN ST, ORANGE, CA, 92866",393 S TUSTIN STREET,ORANGE,CA,92866,,,
050030,39.504555755464,-121.542028355576,https://geocoding.geo.census.gov/,"2767 OLIVE HWY, OROVILLE, CA, 95966",2767 OLIVE HIGHWAY,OROVILLE,CA,95966,,,
050272,34.043664636947,-117.211577787185,https://geocoding.geo.census.gov/,"350 TERRACINA BLVD, REDLANDS, CA, 92373",350 TERRACINA BLVD,REDLANDS,CA,92373,,,
050276,38.006420620274,-122.130907488513,https://geocoding.geo.census.gov/,"2500 ALHAMBRA AVE, MARTINEZ, CA, 94553",2500 ALHAMBRA AVENUE,MARTINEZ,CA,94553,,,
053302,34.098098162713,-118.290688632249,https://geocoding.geo.census.gov/,"4650 W SUNSET BLVD, LOS ANGELES, CA, 90027","4650 SUNSET BLVD, MS 108",LOS ANGELES,CA,90027,,,
053301,37.837260520538,-122.268191001011,https://geocoding.geo.census.gov/,"747 52ND ST, OAKLAND, CA, 94609",747 52ND STREET,OAKLAND,CA,94609,,,
053300,36.883625047065,-119.806444599473,https://geocoding.geo.census.gov/,"9300 VALLEY CHILDREN'S PL, MADERA, CA, 93636",9300 VALLEY CHILDRENS PLACE,MADERA,CA,93636,,,
041317,33.808935076441,-92.425491686307,https://geocoding.geo.census.gov/,"201 S CLIFTON ST, FORDYCE, AR, 71742",201 CLIFTON STREET,FORDYCE,AR,71742,,,
041318,35.141127480386,-93.935983042769,https://geocoding.geo.census.gov/,"880 W MAIN ST, BOONEVILLE, AR, 72927",880 WEST MAIN,BOONEVILLE,AR,72927,,,
041313,35.557964229748,-92.449587434156,https://geocoding.geo.census.gov/,"2500 US HWY 65 S, CLINTON, AR, 72031",2500 HIGHWAY 65 SOUTH,CLINTON,AR,72031,,,
050280,40.572614037847,-122.396231514555,https://geocoding.geo.census.gov/,"2175 ROSALINE AVE, REDDING, CA, 96001","2175 ROSALINE AVE, CLAIRMONT HGTS",REDDING,CA,96001,,,
060071,38.743215646226,-108.0484999921,https://geocoding.geo.census.gov/,"1501 E 3RD ST, DELTA, CO, 81416",1501 E 3RD ST,DELTA,CO,81416,,,
080004,39.151592112921,-75.522344166598,https://geocoding.geo.census.gov/,"640 S STATE ST, DOVER, DE, 19901",640 S STATE STREET,DOVER,DE,19901,,,
041310,35.855952708183,-92.083406125384,https://geocoding.geo.census.gov/,"2106 E MAIN ST, MOUNTAIN VIEW, AR, 72560",2106 EAST MAIN STREET,MOUNTAIN VIEW,AR,72560,,,
041311,33.951233727027,-93.880349857133,https://geocoding.geo.census.gov/,"130 MEDICAL CIR, NASHVILLE, AR, 71852",130 MEDICAL CIRCLE,NASHVILLE,AR,71852,,,
080006,38.642283306134,-75.605251087704,https://geocoding.geo.census.gov/,"801 MIDDLEFORD RD, SEAFORD, DE, 19973",801 MIDDLEFORD RD,SEAFORD,DE,19973,,,
080007,38.77134562108,-75.142429332026,https://geocoding.geo.census.gov/,"424 SAVANNAH RD, LEWES, DE, 19958",424 SAVANNAH RD,LEWES,DE,19958,,,
05027F,33.775376247476,-118.118872963062,https://geocoding.geo.census.gov/,"5901 E 7TH ST, LONG BEACH, CA, 90804",5901 E. SEVENTH STREET,LONG BEACH,CA,90822,,,
060075,39.53275630091,-107.322695946449,https://geocoding.geo.census.gov/,"1906 BLAKE AVE, GLENWOOD SPRINGS, CO, 81601",1906 BLAKE AVE,GLENWOOD SPRINGS,CO,81601,,,
060076,40.613623196101,-103.220067128727,https://geocoding.geo.census.gov/,"615 FAIRHURST ST, STERLING, CO, 80751",615 FAIRHURST ST,STERLING,CO,80751,,,
080001,39.690997251465,-75.671382976923,https://geocoding.geo.census.gov/,"4755 OGLETOWN STANTON RD, NEWARK, DE, 19713",4755 OGLETOWN-STANTON ROAD,NEWARK,DE,19718,,,
080003,39.749509020588,-75.566629024874,https://geocoding.geo.census.gov/,"W 7TH ST & N CLAYTON ST, WILMINGTON, DE, 19805",7TH AND CLAYTON STS,WILMINGTON,DE,19805,,,
050028,40.897168754155,-124.092764930844,https://geocoding.geo.census.gov/,"3800 JANES RD, ARCATA, CA, 95521",3800 JANES RD,ARCATA,CA,95521,,,
050025,32.753803603134,-117.16554976202,https://geocoding.geo.census.gov/,"200 W ARBOR DR, SAN DIEGO, CA, 92103",200 WEST ARBOR DRIVE,SAN DIEGO,CA,92103,,,
050026,32.779152995259,-117.008470417037,https://geocoding.geo.census.gov/,"5555 GROSSMONT CENTER DR, LA MESA, CA, 91942",5555 GROSSMONT CENTER DRIVE BOX 58,LA MESA,CA,91942,,,
050261,36.069472234091,-119.027319571992,https://geocoding.geo.census.gov/,"465 W PUTNAM AVE, PORTERVILLE, CA, 93257",465 W PUTNAM AVE,PORTERVILLE,CA,93257,,,
050262,34.065912663582,-118.445274621639,https://geocoding.geo.census.gov/,"757 WESTWOOD PLZ, LOS ANGELES, CA, 90095",757 WESTWOOD PLAZA,LOS ANGELES,CA,90095,,,
050024,32.686136243127,-117.083586586136,https://geocoding.geo.census.gov/,"2400 E 4TH ST, NATIONAL CITY, CA, 91950",2400 EAST 4TH ST,NATIONAL CITY,CA,91950,,,
050022,33.976232265027,-117.378383004378,https://geocoding.geo.census.gov/,"4445 MAGNOLIA AVE, RIVERSIDE, CA, 92501",4445 MAGNOLIA AVENUE,RIVERSIDE,CA,92501,,,
041324,35.168539784811,-92.72008505402,https://geocoding.geo.census.gov/,"4 HOSPITAL DR, MORRILTON, AR, 72110",#4 HOSPITAL DRIVE,MORRILTON,AR,72110,,,
041326,33.875090372409,-91.481817834861,https://geocoding.geo.census.gov/,"811 US HWY 65, DUMAS, AR, 71639",811 HIGHWAY 65 SOUTH,DUMAS,AR,71639,,,
041327,33.611010828325,-92.058722255759,https://geocoding.geo.census.gov/,"404 S BRADLEY ST, WARREN, AR, 71671",404 SOUTH BRADLEY STREET,WARREN,AR,71671,,,
041320,33.669527918219,-94.13488466524,https://geocoding.geo.census.gov/,"451 W LOCKE ST, ASHDOWN, AR, 71822",451 WEST LOCKE STREET,ASHDOWN,AR,71822,,,
041321,34.124691428806,-93.086421007012,https://geocoding.geo.census.gov/,"3050 TWIN RIVERS DR, ARKADELPHIA, AR, 71923",3050 TWIN RIVERS DRIVE,ARKADELPHIA,AR,71923,,,
041322,36.383421242472,-91.810977092384,https://geocoding.geo.census.gov/,"679 N MAIN ST, SALEM, AR, 72576",679 NORTH MAIN STREET,SALEM,AR,72576,,,
041323,33.13619656928,-91.950640534275,https://geocoding.geo.census.gov/,"1015 UNITY RD, CROSSETT, AR, 71635",1015 UNITY ROAD,CROSSETT,AR,71635,,,
060064,39.670811372964,-104.973541074675,https://geocoding.geo.census.gov/,"2525 S DOWNING ST, DENVER, CO, 80210",2525 S DOWNING ST,DENVER,CO,80210,,,
060065,39.864087972336,-104.984522063279,https://geocoding.geo.census.gov/,"9191 GRANT ST, THORNTON, CO, 80229",9191 GRANT ST,THORNTON,CO,80229,,,
050017,38.569733949632,-121.453601760257,https://geocoding.geo.census.gov/,"4001 J ST, SACRAMENTO, CA, 95819",4001 J ST,SACRAMENTO,CA,95819,,,
050014,38.350036298945,-120.765933473354,https://geocoding.geo.census.gov/,"200 MISSION BLVD, JACKSON, CA, 95642",200 MISSION BLVD,JACKSON,CA,95642,,,
050498,38.944359960667,-121.10112247464,https://geocoding.geo.census.gov/,"11815 EDUCATION ST, AUBURN, CA, 95602",11815 EDUCATION STREET,AUBURN,CA,95603,,,
050257,35.4122199145,-119.039058531503,https://geocoding.geo.census.gov/,"901 OLIVE DR, BAKERSFIELD, CA, 93308",901 OLIVE DRIVE,BAKERSFIELD,CA,93308,,,
08002F,39.738855432546,-75.605258434433,https://geocoding.geo.census.gov/,"1601 KIRKWOOD HWY, WILMINGTON, DE, 19805",1601 KIRKWOOD HIGHWAY,WILMINGTON,DE,19805,,,
050254,38.724909085486,-120.790723559391,https://geocoding.geo.census.gov/,"1100 MARSHALL WAY, PLACERVILLE, CA, 95667",1100 MARSHALL WAY,PLACERVILLE,CA,95667,,,
050496,37.983265339491,-122.034391113973,https://geocoding.geo.census.gov/,"2540 EAST ST, CONCORD, CA, 94520",2540 EAST ST,CONCORD,CA,94520,,,
050013,38.544546139165,-122.475727802463,https://geocoding.geo.census.gov/,"10 WOODLAND RD, SAINT HELENA, CA, 94574",10 WOODLAND ROAD,SAINT HELENA,CA,94574,,,
06005F,39.741411343723,-104.83092327661,https://geocoding.geo.census.gov/,"1700 N WHEELING ST, AURORA, CO, 80045",1700 NORTH WHEELING STREET,AURORA,CO,80045,,,
05025F,36.772331109463,-119.780255868764,https://geocoding.geo.census.gov/,"2615 E CLINTON AVE, FRESNO, CA, 93703",2615 E. CLINTON AVENUE,FRESNO,CA,93703,,,
060054,39.106242239867,-108.614336311612,https://geocoding.geo.census.gov/,"2351 G RD, GRAND JUNCTION, CO, 81505",2351 'G' RD,GRAND JUNCTION,CO,81505,,,
051336,36.207015732036,-121.13235177615,https://geocoding.geo.census.gov/,"300 CANAL ST, KING CITY, CA, 93930",300 CANAL STREET,KING CITY,CA,93930,,,
050006,40.784511239129,-124.141553358736,https://geocoding.geo.census.gov/,"2700 DOLBEER ST, EUREKA, CA, 95501",2700 DOLBEER ST,EUREKA,CA,95501,,,
050248,36.695644861566,-121.631010337069,https://geocoding.geo.census.gov/,"1441 CONSTITUTION BLVD, SALINAS, CA, 93906",1441 CONSTITUTION BOULEVARD,SALINAS,CA,93906,,,
051337,36.834984485387,-121.386171688786,https://geocoding.geo.census.gov/,"911 SUNSET DR, HOLLISTER, CA, 95023",911 SUNSET DRIVE,HOLLISTER,CA,95032,,,
050245,34.075520483224,-117.352852100936,https://geocoding.geo.census.gov/,"400 N PEPPER AVE, COLTON, CA, 92324",400 NORTH PEPPER AVENUE,COLTON,CA,92324,,,
051334,34.442299439679,-119.264099494036,https://geocoding.geo.census.gov/,"1306 MARICOPA HWY, OJAI, CA, 93023",1306 MARICOPA HWY,OJAI,CA,93023,,,
050488,37.697911794123,-122.087308783607,https://geocoding.geo.census.gov/,"20103 LAKE CHABOT RD, CASTRO VALLEY, CA, 94546",20103 LAKE CHABOT ROAD,CASTRO VALLEY,CA,94546,,,
051335,34.246065133361,-116.889084603978,https://geocoding.geo.census.gov/,"41870 GARSTIN DR, BIG BEAR LAKE, CA, 92315",41870 GARSTIN DR,BIG BEAR LAKE,CA,92315,,,
050009,38.323569106132,-122.296004753281,https://geocoding.geo.census.gov/,"1000 TRANCAS ST, NAPA, CA, 94558",1000 TRANCAS ST,NAPA,CA,94558,,,
050007,37.594458096115,-122.383181298234,https://geocoding.geo.census.gov/,"1501 TROUSDALE DR, BURLINGAME, CA, 94010",1501 TROUSDALE DRIVE,BURLINGAME,CA,94010,,,
051338,36.151531897977,-120.339898463717,https://geocoding.geo.census.gov/,"1191 PHELPS AVE, COALINGA, CA, 93210",1191 PHELPS AVENUE,COALINGA,CA,93210,,,
050008,37.769117302149,-122.433639895278,https://geocoding.geo.census.gov/,"601 DUBOCE AVE, SAN FRANCISCO, CA, 94114",601 DUBOCE AVENUE,SAN FRANCISCO,CA,94117,,,
051339,33.613160791114,-114.595426099667,https://geocoding.geo.census.gov/,"250 N 1ST ST, BLYTHE, CA, 92225",250 NORTH FIRST STREET,BLYTHE,CA,92225,,,
050481,34.202403005393,-118.629389812843,https://geocoding.geo.census.gov/,"7300 MEDICAL CENTER DR, WEST HILLS, CA, 91307",7300 MEDICAL CENTER DR,WEST HILLS,CA,91307,,,
050243,33.838436081288,-116.545519697594,https://geocoding.geo.census.gov/,"1150 N INDIAN CANYON DR, PALM SPRINGS, CA, 92262",1150 NORTH INDIAN CANYON DRIVE,PALM SPRINGS,CA,92262,,,
051332,38.189470067874,-120.666952888695,https://geocoding.geo.census.gov/,"768 MOUNTAIN RANCH RD, SAN ANDREAS, CA, 95249",768 MOUNTAIN RANCH RD,SAN ANDREAS,CA,95249,,,
050002,37.634594604162,-122.089706068719,https://geocoding.geo.census.gov/,"27200 CALAROGA AVE, HAYWARD, CA, 94545",27200 CALAROGA AVE,HAYWARD,CA,94545,,,
051333,35.640396309822,-117.669938600556,https://geocoding.geo.census.gov/,"1081 N CHINA LAKE BLVD, RIDGECREST, CA, 93555",1081 NORTH CHINA LAKE BLVD,RIDGECREST,CA,93555,,,
051330,41.491390153926,-120.552999062602,https://geocoding.geo.census.gov/,"1111 N NAGLE ST, ALTURAS, CA, 96101",1111 N NAGLE STREET,ALTURAS,CA,96101,,,
050242,36.98822997031,-121.984357049464,https://geocoding.geo.census.gov/,"1555 SOQUEL DR, SANTA CRUZ, CA, 95065",1555 SOQUEL DRIVE,SANTA CRUZ,CA,95065,,,
051331,34.60241077381,-120.127357705365,https://geocoding.geo.census.gov/,"2050 VIBORG RD, SOLVANG, CA, 93463",2050 VIBORG RD,SOLVANG,CA,93463,,,
041306,36.126639977823,-92.128521712949,https://geocoding.geo.census.gov/,"61 GRASSE ST, CALICO ROCK, AR, 72519",61 GRASSE STREET,CALICO ROCK,AR,72519,,,
041307,35.220321213851,-90.787341678928,https://geocoding.geo.census.gov/,"310 S FALLS BLVD, WYNNE, AR, 72396",310 SOUTH FALLS BOULEVARD,WYNNE,AR,72396,,,
041308,33.618829832739,-91.393345783484,https://geocoding.geo.census.gov/,"900 S 3RD ST, MCGEHEE, AR, 71654",900 SOUTH THIRD STREET,MCGEHEE,AR,71654,,,
041309,36.074647012456,-90.967019325572,https://geocoding.geo.census.gov/,"1309 W MAIN ST, WALNUT RIDGE, AR, 72476",1309 WEST MAIN STREET,WALNUT RIDGE,AR,72476,,,
060049,40.462199722455,-106.817972512679,https://geocoding.geo.census.gov/,"1024 CENTRAL PARK DR, STEAMBOAT SPRINGS, CO, 80487",1024 CENTRAL PARK DR,STEAMBOAT SPRINGS,CO,80487,,,
041302,35.220275527254,-93.156557041818,https://geocoding.geo.census.gov/,"200 N 3RD ST, DARDANELLE, AR, 72834",200 NORTH THIRD STREET,DARDANELLE,AR,72834,,,
041303,35.485972296139,-93.833216130032,https://geocoding.geo.census.gov/,"801 W RIVER ST, OZARK, AR, 72949",801 WEST RIVER STREET,OZARK,AR,72949,,,
041305,34.896743043034,-94.106645278979,https://geocoding.geo.census.gov/,"1341 W 6TH ST, WALDRON, AR, 72958",1341 WEST SIXTH STREET,WALDRON,AR,72958,,,
041300,35.289932612706,-93.725415930441,https://geocoding.geo.census.gov/,"500 E ACADEMY ST, PARIS, AR, 72855",500 EAST ACADEMY,PARIS,AR,72855,,,
083300,39.788556005057,-75.566886409028,https://geocoding.geo.census.gov/,"1600 ROCKLAND RD, WILMINGTON, DE, 19803",1600 ROCKLAND RD PO BOX 269,WILMINGTON,DE,19899,,,
060044,40.259376063063,-103.796087901746,https://geocoding.geo.census.gov/,"1000 LINCOLN ST, FORT MORGAN, CO, 80701",1000 LINCOLN ST,FORT MORGAN,CO,80701,,,
050236,34.288696313124,-118.743974328408,https://geocoding.geo.census.gov/,"2975 SYCAMORE DR, SIMI VALLEY, CA, 93065",2975 N SYCAMORE DR,SIMI VALLEY,CA,93065,,,
051325,39.432549867608,-123.800718634652,https://geocoding.geo.census.gov/,"700 RIVER DR, FORT BRAGG, CA, 95437",700 RIVER DRIVE,FORT BRAGG,CA,95437,,,
051326,39.939030248175,-120.961110321481,https://geocoding.geo.census.gov/,"1065 BUCKS LAKE RD, QUINCY, CA, 95971",1065 BUCKS LAKE ROAD,QUINCY,CA,95971,,,
06003F,38.720227802655,-104.797410952614,https://geocoding.geo.census.gov/,"1650 COCHRANE CIR, FORT CARSON, CO, 80913",Fort Carson MEDDAC 1650 Cochrane Cir,Fort Carson,CO,80913,,,
050234,32.694260707285,-117.16804570366,https://geocoding.geo.census.gov/,"250 PROSPECT PL, CORONADO, CA, 92118",250 PROSPECT PLACE,CORONADO,CA,92118,,,
051323,34.833018682061,-114.618221651952,https://geocoding.geo.census.gov/,"1401 BAILEY AVE, NEEDLES, CA, 92363",1401 BAILEY AVE,NEEDLES,CA,92363,,,
050235,34.155942403851,-118.327080925878,https://geocoding.geo.census.gov/,"501 S BUENA VISTA ST, BURBANK, CA, 91505",501 SOUTH BUENA VISTA STREET,BURBANK,CA,91505,,,
051324,37.362247183496,-118.407261452303,https://geocoding.geo.census.gov/,"150 PIONEER LN, BISHOP, CA, 93514",150 PIONEER LANE,BISHOP,CA,93514,,,
051329,39.107645343433,-122.90629576348,https://geocoding.geo.census.gov/,"5176 HILL RD E, LAKEPORT, CA, 95453",5176 HILL ROAD EAST,LAKEPORT,CA,95453,,,
050238,34.136459675164,-118.040886234645,https://geocoding.geo.census.gov/,"300 W HUNTINGTON DR, ARCADIA, CA, 91007",300 W HUNTINGTON DR,ARCADIA,CA,91007,,,
051327,40.305440308007,-121.234702959567,https://geocoding.geo.census.gov/,"130 BRENTWOOD DR, CHESTER, CA, 96020",130 BRENTWOOD DRIVE,CHESTER,CA,96020,,,
050239,34.14899425061,-118.229509244066,https://geocoding.geo.census.gov/,"1509 WILSON TER, GLENDALE, CA, 91206",1509 E WILSON TERRACE,GLENDALE,CA,91206,,,
051328,39.324760533235,-120.201183649588,https://geocoding.geo.census.gov/,"10121 PINE AVE, TRUCKEE, CA, 96161",10121 PINE AVE,TRUCKEE,CA,96161,,,
070007,41.337018669068,-72.103676312485,https://geocoding.geo.census.gov/,"365 MONTAUK AVE, NEW LONDON, CT, 06320",365 MONTAUK AVE,NEW LONDON,CT,06320,,,
050471,34.053255907997,-118.265289761483,https://geocoding.geo.census.gov/,"1225 WILSHIRE BLVD, LOS ANGELES, CA, 90017",1225 WILSHIRE BOULEVARD,LOS ANGELES,CA,90017,,,
070008,41.977450966275,-72.390215477799,https://geocoding.geo.census.gov/,"201 CHESTNUT HILL RD, STAFFORD SPRINGS, CT, 06076",201 CHESTNUT HILL ROAD,STAFFORD SPRINGS,CT,06076,,,
070005,41.558130118846,-73.060108047316,https://geocoding.geo.census.gov/,"64 ROBBINS ST, WATERBURY, CT, 06708",64 ROBBINS ST,WATERBURY,CT,06721,,,
050232,35.278183223948,-120.649838922913,https://geocoding.geo.census.gov/,"1911 JOHNSON AVE, SAN LUIS OBISPO, CA, 93401",1911 JOHNSON AVE,SAN LUIS OBISPO,CA,93401,,,
051321,38.627881393457,-122.863851183166,https://geocoding.geo.census.gov/,"1375 UNIVERSITY ST, HEALDSBURG, CA, 95448",1375 UNIVERSITY AVENUE,HEALDSBURG,CA,95448,,,
070003,41.907713783968,-71.91461742772,https://geocoding.geo.census.gov/,"320 POMFRET ST, PUTNAM, CT, 06260",320 POMFRET STREET,PUTNAM,CT,06260,,,
070004,41.880231807903,-73.482586004247,https://geocoding.geo.census.gov/,"50 HOSPITAL HILL RD, SHARON, CT, 06069",50 HOSPITAL HILL ROAD,SHARON,CT,06069,,,
050230,33.774566768959,-117.914739666131,https://geocoding.geo.census.gov/,"12601 GARDEN GROVE BLVD, GARDEN GROVE, CA, 92843",12601 GARDEN GROVE BLVD,GARDEN GROVE,CA,92843,,,
050231,34.077841463042,-117.752280559781,https://geocoding.geo.census.gov/,"1798 N GAREY AVE, POMONA, CA, 91767",1798 N GAREY AVE,POMONA,CA,91767,,,
051320,40.444442012036,-120.626612731602,https://geocoding.geo.census.gov/,"1800 SPRING RIDGE RD, SUSANVILLE, CA, 96130",1800 SPRING RIDGE DRIVE,SUSANVILLE,CA,96130,,,
070002,41.77488084546,-72.69946139602,https://geocoding.geo.census.gov/,"114 WOODLAND ST, HARTFORD, CT, 06105",114 WOODLAND STREET & 500 BLUE HILLS AVENUE,HARTFORD,CT,06105,,,
060030,40.412675001788,-105.053567368868,https://geocoding.geo.census.gov/,"2000 BOISE AVE, LOVELAND, CO, 80538",2000 BOISE AVE,LOVELAND,CO,80538,,,
060032,39.731110070734,-104.934391642536,https://geocoding.geo.census.gov/,"4567 E 9TH AVE, DENVER, CO, 80220",4567 E 9TH AVE,DENVER,CO,80220,,,
063301,39.741346332729,-104.83691267865,https://geocoding.geo.census.gov/,"13123 E 16TH AVE, AURORA, CO, 80045",13123 E 16TH AVE,AURORA,CO,80045,,,
060034,39.653201106751,-104.980334658676,https://geocoding.geo.census.gov/,"501 E HAMPDEN AVE, ENGLEWOOD, CO, 80113",501 E HAMPDEN AVE,ENGLEWOOD,CO,80113,,,
051314,35.63531874375,-118.406428399064,https://geocoding.geo.census.gov/,"6412 LAUREL AVE, LAKE ISABELLA, CA, 93240",6412 LAUREL AVE,LAKE ISABELLA,CA,93240,,,
070010,41.188839619392,-73.165693295241,https://geocoding.geo.census.gov/,"267 GRANT ST, BRIDGEPORT, CT, 06610",267 GRANT STREET,BRIDGEPORT,CT,06610,,,
050226,33.84718550614,-117.933855215085,https://geocoding.geo.census.gov/,"1111 W LA PALMA AVE, ANAHEIM, CA, 92801",1111 W LA PALMA AVENUE,ANAHEIM,CA,92801,,,
050468,33.892450769034,-118.295080273371,https://geocoding.geo.census.gov/,"1145 W REDONDO BEACH BLVD, GARDENA, CA, 90247",1145 W REDONDO BEACH BLVD,GARDENA,CA,90247,,,
051315,40.737746186825,-122.939912053903,https://geocoding.geo.census.gov/,"60 EASTER AVE, WEAVERVILLE, CA, 96093",60 EASTER AVENUE,WEAVERVILLE,CA,96093,,,
070011,41.790848889427,-73.132690085185,https://geocoding.geo.census.gov/,"540 LITCHFIELD ST, TORRINGTON, CT, 06790",540 LITCHFIELD ST,TORRINGTON,CT,06790,,,
050224,33.623985252597,-117.928863449948,https://geocoding.geo.census.gov/,"1 HOAG DR, NEWPORT BEACH, CA, 92663",ONE HOAG DRIVE,NEWPORT BEACH,CA,92663,,,
051318,40.582639586206,-124.135456243153,https://geocoding.geo.census.gov/,"3300 RENNER DR, FORTUNA, CA, 95540",3300 RENNER DRIVE,FORTUNA,CA,95540,,,
051319,41.318114745176,-122.321910570961,https://geocoding.geo.census.gov/,"914 PINE ST, MOUNT SHASTA, CA, 96067",914 PINE STREET,MOUNT SHASTA,CA,96067,,,
051316,41.718634296826,-122.645579531449,https://geocoding.geo.census.gov/,"444 BRUCE ST, YREKA, CA, 96097",444 BRUCE STREET,YREKA,CA,96097,,,
050228,37.756114285811,-122.406558173941,https://geocoding.geo.census.gov/,"1001 POTRERO AVE, SAN FRANCISCO, CA, 94110",1001 POTRERO AVENUE,SAN FRANCISCO,CA,94110,,,
070018,41.034894708519,-73.629302176174,https://geocoding.geo.census.gov/,"5 PERRYRIDGE RD, GREENWICH, CT, 06830",5 PERRYRIDGE RD,GREENWICH,CT,06830,,,
070017,41.550126874112,-72.803716829568,https://geocoding.geo.census.gov/,"435 LEWIS AVE, MERIDEN, CT, 06451",435 LEWIS AVENUE,MERIDEN,CT,06450,,,
050222,32.617474071349,-117.022210504507,https://geocoding.geo.census.gov/,"751 MEDICAL CENTER CT, CHULA VISTA, CA, 91911",751 MEDICAL CENTER COURT,CHULA VISTA,CA,91911,,,
050464,37.664987269049,-120.996282554294,https://geocoding.geo.census.gov/,"1441 FLORIDA AVE, MODESTO, CA, 95350",1441 FLORIDA AVENUE,MODESTO,CA,95350,,,
051311,39.367049861066,-121.68532033724,https://geocoding.geo.census.gov/,"240 E SPRUCE ST, GRIDLEY, CA, 95948",240 SPRUCE STREET,GRIDLEY,CA,95948,,,
060024,39.741419545824,-104.842050876134,https://geocoding.geo.census.gov/,"12605 E 16TH AVE, AURORA, CO, 80045",12605 E 16TH AVE,AURORA,CO,80045,,,
05022F,32.724605118621,-117.144633230713,https://geocoding.geo.census.gov/,"34800 BOB WILSON DR, SAN DIEGO, CA, 92134",34800 Bob Wilson Dr,San Diego,CA,92134,,,
060027,40.01480346592,-105.239610499646,https://geocoding.geo.census.gov/,"4747 ARAPAHOE AVE, BOULDER, CO, 80303",4747 ARAPAHOE AVENUE,BOULDER,CO,80304,,,
060022,38.838875826651,-104.799338562384,https://geocoding.geo.census.gov/,"1400 E BOULDER ST, COLORADO SPRINGS, CO, 80909",1400 E BOULDER ST,COLORADO SPRINGS,CO,80909,,,
060023,39.090595617905,-108.561546352646,https://geocoding.geo.census.gov/,"2635 N 7TH ST, GRAND JUNCTION, CO, 81501",2635 N 7TH ST,GRAND JUNCTION,CO,81501,,,
051303,37.645926075644,-118.963838736442,https://geocoding.geo.census.gov/,"85 SIERRA PARK RD, MAMMOTH LAKES, CA, 93546",85 SIERRA PARK ROAD PO BOX 660,MAMMOTH LAKES,CA,93546,,,
070021,41.717157722135,-72.223939001746,https://geocoding.geo.census.gov/,"112 MANSFIELD AVE, WILLIMANTIC, CT, 06226",112 MANSFIELD AVENUE,WILLIMANTIC,CT,06226,,,
050457,37.773798233343,-122.454395026793,https://geocoding.geo.census.gov/,"450 STANYAN ST, SAN FRANCISCO, CA, 94117",450 STANYAN ST,SAN FRANCISCO,CA,94117,,,
051304,37.502004311355,-119.977372473386,https://geocoding.geo.census.gov/,"5189 HOSPITAL RD, MARIPOSA, CA, 95338",5189 HOSPITAL ROAD,MARIPOSA,CA,95338,,,
050454,37.762924129967,-122.459581776079,https://geocoding.geo.census.gov/,"505 PARNASSUS AVE, SAN FRANCISCO, CA, 94143","505 PARNASSUS AVE, BOX 0296",SAN FRANCISCO,CA,94143,,,
050696,34.062378516966,-118.203042427492,https://geocoding.geo.census.gov/,"1500 SAN PABLO ST, LOS ANGELES, CA, 90033",1500 SAN PABLO STREET,LOS ANGELES,CA,90033,,,
050455,35.383068468742,-119.018842349517,https://geocoding.geo.census.gov/,"2615 CHESTER AVE, BAKERSFIELD, CA, 93301",2615 CHESTER AVENUE,BAKERSFIELD,CA,93301,,,
050697,40.585591337533,-122.416314512573,https://geocoding.geo.census.gov/,"2900 EUREKA WAY, REDDING, CA, 96001",2900 EUREKA WAY,REDDING,CA,96001,,,
051302,36.608386714446,-118.058081099025,https://geocoding.geo.census.gov/,"501 E LOCUST ST, LONE PINE, CA, 93545",501 EAST LOCUST STREET,LONE PINE,CA,93545,,,
051307,33.339284585023,-118.330015310256,https://geocoding.geo.census.gov/,"100 FALLS CANYON RD, AVALON, CA, 90704",100 FALLS CANYON ROAD,AVALON,CA,90704,,,
051305,41.023773988545,-121.424744425632,https://geocoding.geo.census.gov/,"43563 STATE HWY 299 E, FALL RIVER MILLS, CA, 96028",43563 HWY 299 EAST,FALL RIVER MILLS,CA,96028,,,
051306,39.520530387342,-122.207671790605,https://geocoding.geo.census.gov/,"1133 W SYCAMORE ST, WILLOWS, CA, 95988",1133 W SYCAMORE ST,WILLOWS,CA,95988,,,
070029,41.67636328988,-72.934468567737,https://geocoding.geo.census.gov/,"41 BREWSTER RD, BRISTOL, CT, 06010",41 BREWSTER RD,BRISTOL,CT,06010,,,
070027,41.781214150036,-72.524779557014,https://geocoding.geo.census.gov/,"71 HAYNES ST, MANCHESTER, CT, 06040",71 HAYNES ST,MANCHESTER,CT,06040,,,
070028,41.200139800929,-73.202550634951,https://geocoding.geo.census.gov/,"2800 MAIN ST, BRIDGEPORT, CT, 06606",2800 MAIN ST,BRIDGEPORT,CT,06606,,,
070025,41.753898131932,-72.680678122998,https://geocoding.geo.census.gov/,"80 SEYMOUR ST, HARTFORD, CT, 06106",80 SEYMOUR STREET,HARTFORD,CT,06102,,,
050211,37.763220574516,-122.253730976301,https://geocoding.geo.census.gov/,"2070 CLINTON AVE, ALAMEDA, CA, 94501",2070 CLINTON AVENUE,ALAMEDA,CA,94501,,,
051300,39.805249292753,-120.471536622745,https://geocoding.geo.census.gov/,"500 1ST AVE, PORTOLA, CA, 96122",500 FIRST AVENUE,PORTOLA,CA,96122,,,
061344,38.455682782395,-105.229720185824,https://geocoding.geo.census.gov/,"1338 PHAY AVE, CANON CITY, CO, 81212",1338 PHAY AVE,CANON CITY,CO,81212,,,
060014,39.746133997991,-104.966935827372,https://geocoding.geo.census.gov/,"1719 E 19TH AVE, DENVER, CO, 80218",1719 E 19TH AVE,DENVER,CO,80218,,,
060015,39.7179357056,-105.127548770831,https://geocoding.geo.census.gov/,"11600 W 2ND PL, LAKEWOOD, CO, 80228",11600 W 2ND PL,LAKEWOOD,CO,80228,,,
05130F,37.781125699995,-122.505409624345,https://geocoding.geo.census.gov/,"4150 CLEMENT ST, SAN FRANCISCO, CA, 94121",4150 CLEMENT STREET,SAN FRANCISCO,CA,94121,,,
051309,40.101687912739,-123.792694552068,https://geocoding.geo.census.gov/,"733 CEDAR ST, GARBERVILLE, CA, 95542",733 CEDAR ST,GARBERVILLE,CA,95542,,,
060010,40.572216364089,-105.057821015729,https://geocoding.geo.census.gov/,"1024 S LEMAY AVE, FORT COLLINS, CO, 80524",1024 S LEMAY AVE,FORT COLLINS,CO,80524,,,
060011,39.728121661488,-104.990290696953,https://geocoding.geo.census.gov/,"777 BANNOCK ST, DENVER, CO, 80204",777 BANNOCK ST,DENVER,CO,80204,,,
060012,38.233154997683,-104.622082508731,https://geocoding.geo.census.gov/,"1008 MINNEQUA AVE, PUEBLO, CO, 81004",1008 MINNEQUA AVE,PUEBLO,CO,81004,,,
061343,38.825648685971,-102.355639489173,https://geocoding.geo.census.gov/,"602 N 6TH ST W, CHEYENNE WELLS, CO, 80810",602 N 6TH ST W,CHEYENNE WELLS,CO,80810,,,
073300,41.754072038181,-72.68268600566,https://geocoding.geo.census.gov/,"282 WASHINGTON ST, HARTFORD, CT, 06106",282 WASHINGTON STREET,HARTFORD,CT,06106,,,
050204,34.584285524409,-118.144329411457,https://geocoding.geo.census.gov/,"38600 MEDICAL CENTER DR, PALMDALE, CA, 93551",38600 MEDICAL CENTER DRIVE,PALMDALE,CA,93552,,,
070033,41.406172579753,-73.446009898541,https://geocoding.geo.census.gov/,"24 HOSPITAL AVE, DANBURY, CT, 06810",24 HOSPITAL AVE,DANBURY,CT,06810,,,
050444,37.340383351793,-120.465224588744,https://geocoding.geo.census.gov/,"333 MERCY AVE, MERCED, CA, 95340",333 MERCY AVENUE,MERCED,CA,95340,,,
050686,33.906932409437,-117.470044425489,https://geocoding.geo.census.gov/,"10800 MAGNOLIA AVE, RIVERSIDE, CA, 92505",10800 MAGNOLIA AVENUE,RIVERSIDE,CA,92505,,,
070038,41.256311206825,-72.833182534273,https://geocoding.geo.census.gov/,"100 DOUBLE BEACH RD, BRANFORD, CT, 06405",100 DOUBLE BEACH ROAD,BRANFORD,CT,06405,,,
050684,33.718006968144,-117.167324844847,https://geocoding.geo.census.gov/,"28400 MCCALL BLVD, SUN CITY, CA, 92585",28400 MCCALL BOULEVARD,SUN CITY,CA,92585,,,
070034,41.110683917702,-73.420488009957,https://geocoding.geo.census.gov/,"24 STEVENS ST, NORWALK, CT, 06850",24 STEVENS STREET,NORWALK,CT,06856,,,
070035,41.662055632927,-72.785388382624,https://geocoding.geo.census.gov/,"100 GRAND ST, NEW BRITAIN, CT, 06052",100 GRAND STREET,NEW BRITAIN,CT,06050,,,
060003,40.181382338905,-105.126916890163,https://geocoding.geo.census.gov/,"1950 MOUNTAIN VIEW AVE, LONGMONT, CO, 80501",1950 MOUNTAIN VIEW AVE,LONGMONT,CO,80501,,,
061336,37.978857794943,-103.548768798727,https://geocoding.geo.census.gov/,"1100 CARSON AVE, LA JUNTA, CO, 81050",1100 CARSON AVENUE,LAJUNA,CO,81050,,,
060006,38.480086293659,-107.869820774645,https://geocoding.geo.census.gov/,"800 S 3RD ST, MONTROSE, CO, 81401",800 S 3RD ST,MONTROSE,CO,81401,,,
060008,37.472755048074,-105.883638171082,https://geocoding.geo.census.gov/,"106 BLANCA AVE, ALAMOSA, CO, 81101",106 BLANCA AVE,ALAMOSA,CO,81101,,,
060009,39.769287842501,-105.08972771925,https://geocoding.geo.census.gov/,"8300 W 38TH AVE, WHEAT RIDGE, CO, 80033",8300 W 38TH AVE,WHEAT RIDGE,CO,80033,,,
07003F,41.284682926489,-72.957475075687,https://geocoding.geo.census.gov/,"950 CAMPBELL AVE, WEST HAVEN, CT, 06516",950 CAMPBELL AVENUE,WEST HAVEN,CT,06516,,,
021311,55.352897627602,-131.686315277913,https://geocoding.geo.census.gov/,"3100 TONGASS AVE, KETCHIKAN, AK, 99901",3100 TONGASS AVENUE,KETCHIKAN,AK,99901,,,
040072,34.51680350582,-91.557617019721,https://geocoding.geo.census.gov/,"1703 N BUERKLE ST, STUTTGART, AR, 72160",1703 NORTH BUERKLE ST,STUTTGART,AR,72160,,,
021312,71.298922319341,-156.728725109081,https://geocoding.geo.census.gov/,"7000 UULA ST, BARROW, AK, 99723",7000 UULA ST,BARROW,AK,99723,,,
040071,34.189020661892,-92.018224058033,https://geocoding.geo.census.gov/,"1600 W 40TH AVE, PINE BLUFF, AR, 71603",1600 WEST 40TH AVENUE,PINE BLUFF,AR,71603,,,
021313,59.651651925369,-151.550026937096,https://geocoding.geo.census.gov/,"4300 BARTLETT ST, HOMER, AK, 99603",4300 BARTLETT ST,HOMER,AK,99603,,,
021314,57.051527367239,-135.356414900586,https://geocoding.geo.census.gov/,"222 TONGASS DR, SITKA, AK, 99835",222 TONGASS DR,SITKA,AK,99835,,,
100220,26.543217085941,-81.851568275857,https://geocoding.geo.census.gov/,"13681 DOCTORS WAY, FORT MYERS, FL, 33912",13681 DOCTORS WAY,FORT MYERS,FL,33912,,,
030024,33.480363000018,-112.078610866507,https://geocoding.geo.census.gov/,"350 W THOMAS RD, PHOENIX, AZ, 85013",350 WEST THOMAS ROAD,PHOENIX,AZ,85013,,,
030023,35.209021660001,-111.64495684344,https://geocoding.geo.census.gov/,"1200 N BEAVER ST, FLAGSTAFF, AZ, 86001",1200 NORTH BEAVER STREET,FLAGSTAFF,AZ,86001,,,
030022,33.458499549402,-112.024988509013,https://geocoding.geo.census.gov/,"2601 E ROOSEVELT ST, PHOENIX, AZ, 85008",2601 EAST ROOSEVELT STREET,PHOENIX,AZ,85008,,,
10021F,30.463524918365,-86.553487630907,https://geocoding.geo.census.gov/,"307 BOATNER RD, EGLIN AFB, FL, 32542",96 MDG 307 Boatner Rd Suite 114,Eglin AFB,FL,32542,,,
100211,28.348983237558,-82.201636165628,https://geocoding.geo.census.gov/,"13100 FORT KING RD, DADE CITY, FL, 33525",13100 FT KING RD,DADE CITY,FL,33525,,,
100212,29.17517338861,-82.137808988571,https://geocoding.geo.census.gov/,"1431 SW 1ST AVE, OCALA, FL, 34471",1431 SW 1ST AVE,OCALA,FL,34471,,,
040062,35.35334527304,-94.352157959934,https://geocoding.geo.census.gov/,"7301 ROGERS AVE, FORT SMITH, AR, 72903",7301 ROGERS AVE,FORT SMITH,AR,72903,,,
100213,27.481944318011,-82.620533076707,https://geocoding.geo.census.gov/,"2020 59TH ST W, BRADENTON, FL, 34209",2020 59TH ST W,BRADENTON,FL,34209,,,
040069,35.942933992856,-89.918840455082,https://geocoding.geo.census.gov/,"1520 N DIVISION ST, BLYTHEVILLE, AR, 72315",1520 N DIVISION STREET,BLYTHEVILLE,AR,72315,,,
100217,27.846075138229,-80.488713666314,https://geocoding.geo.census.gov/,"13695 US HWY 1, SEBASTIAN, FL, 32958",13695 US HWY 1,SEBASTIAN,FL,32958,,,
030038,33.487707943351,-111.923836851896,https://geocoding.geo.census.gov/,"7400 E OSBORN RD, SCOTTSDALE, AZ, 85251",7400 EAST OSBORN ROAD,SCOTTSDALE,AZ,85251,,,
064030,39.90496039023,-104.996826919781,https://geocoding.geo.census.gov/,"11455 HURON ST, WESTMINSTER, CO, 80234",11455 HURON ST,WESTMINSTER,CO,80234,,,
100231,30.516389995348,-87.216090276469,https://geocoding.geo.census.gov/,"8383 N DAVIS HWY, PENSACOLA, FL, 32514",8383 N DAVIS HWY,PENSACOLA,FL,32514,,,
030037,33.451485375789,-112.04330348292,https://geocoding.geo.census.gov/,"1800 E VAN BUREN ST, PHOENIX, AZ, 85006",1800 EAST VAN BUREN STREET,PHOENIX,AZ,85006,,,
033302,33.480196028042,-112.041885593119,https://geocoding.geo.census.gov/,"1919 E THOMAS RD, PHOENIX, AZ, 85016",1919 EAST THOMAS ROAD,PHOENIX,AZ,85016,,,
030036,33.298628885987,-111.875146848525,https://geocoding.geo.census.gov/,"1955 W FRYE RD, CHANDLER, AZ, 85224",1955 WEST FRYE ROAD,CHANDLER,AZ,85224,,,
030030,33.524177225825,-112.101942228867,https://geocoding.geo.census.gov/,"2000 W BETHANY HOME RD, PHOENIX, AZ, 85015",2000 WEST BETHANY HOME ROAD,PHOENIX,AZ,85015,,,
064028,39.557585525886,-104.827490433137,https://geocoding.geo.census.gov/,"8835 AMERICAN WAY, ENGLEWOOD, CO, 80112",8835 AMERICAN WAY,ENGLEWOOD,CO,80112,8835 AMERICAN WAY,2026-09-28,
040076,34.360031128976,-92.785503433511,https://geocoding.geo.census.gov/,"1001 SCHNEIDER DR, MALVERN, AR, 72104",1001 SCHNEIDER DRIVE,MALVERN,AR,72104,,,
100223,30.453204395817,-86.632166169335,https://geocoding.geo.census.gov/,"1000 MAR WALT DR, FORT WALTON BEACH, FL, 32547",1000 MAR-WALT DR,FORT WALTON BEACH,FL,32547,,,
064024,39.561058008216,-104.907085290444,https://geocoding.geo.census.gov/,"8565 S POPLAR WAY, HIGHLANDS RANCH, CO, 80130",8565 POPLAR WAY,HIGHLANDS RANCH,CO,80130,8565 POPLAR WAY,2026-09-28,
100226,30.164965466309,-81.735972414249,https://geocoding.geo.census.gov/,"2001 KINGSLEY AVE, ORANGE PARK, FL, 32073",2001 KINGSLEY AVE,ORANGE PARK,FL,32073,,,
040078,34.486667995163,-93.033903278055,https://geocoding.geo.census.gov/,"1910 MALVERN AVE, HOT SPRINGS, AR, 71901",1910 MALVERN AVENUE,HOT SPRINGS,AR,71901,,,
064026,38.93678209242,-104.71283239569,https://geocoding.geo.census.gov/,"7353 SISTERS GROVE, COLORADO SPRINGS, CO, 80923",7353 SISTERS GRV,COLORADO SPRINGS,CO,80923,,,
030006,32.250725045723,-110.87976296753,https://geocoding.geo.census.gov/,"5301 E GRANT RD, TUCSON, AZ, 85712",5301 EAST GRANT ROAD,TUCSON,AZ,85712,,,
040050,33.576868227206,-92.83400830009,https://geocoding.geo.census.gov/,"638 CALIFORNIA AVE SW, CAMDEN, AR, 71701",638 CALIFORNIA AVENUE,CAMDEN,AR,71701,,,
030007,34.735322428208,-112.031513853896,https://geocoding.geo.census.gov/,"269 S CANDY LN, COTTONWOOD, AZ, 86326",269 SOUTH CANDY LANE,COTTONWOOD,AZ,86326,,,
030002,33.465654158549,-112.059489022838,https://geocoding.geo.census.gov/,"1111 E MCDOWELL RD, PHOENIX, AZ, 85006",1111 EAST MCDOWELL ROAD,PHOENIX,AZ,85006,,,
050099,34.101175415726,-117.636810114257,https://geocoding.geo.census.gov/,"999 SAN BERNARDINO RD, UPLAND, CA, 91786",999 SAN BERNARDINO ROAD,UPLAND,CA,91786,,,
040041,35.282943324493,-93.149984382481,https://geocoding.geo.census.gov/,"1808 W MAIN ST, RUSSELLVILLE, AR, 72801",1808 WEST MAIN STREET,RUSSELLVILLE,AR,72801,,,
030016,32.87964100295,-111.710021991238,https://geocoding.geo.census.gov/,"1800 E FLORENCE BLVD, CASA GRANDE, AZ, 85122",1800 EAST FLORENCE BOULEVARD,CASA GRANDE,AZ,85122,,,
021302,60.105054324919,-149.445531966809,https://geocoding.geo.census.gov/,"417 FIRST AVE, SEWARD, AK, 99664","417 FIRST AVENUE, PO BOX 365",SEWARD,AK,99664,,,
030013,32.683892895043,-114.633325091194,https://geocoding.geo.census.gov/,"2400 S AVE A, YUMA, AZ, 85364",2400 SOUTH AVENUE A,YUMA,AZ,85364,,,
021305,56.462778377305,-132.37449179265,https://geocoding.geo.census.gov/,"232 WOOD ST EXD, WRANGELL, AK, 99929",232 WOOD STREET,WRANGELL,AK,99929,,,
030012,34.558352090091,-112.482006149022,https://geocoding.geo.census.gov/,"1003 WILLOW CREEK RD, PRESCOTT, AZ, 86301",1003 WILLOW CREEK ROAD,PRESCOTT,AZ,86301,,,
021306,57.8000957415,-152.375401304182,https://geocoding.geo.census.gov/,"1915 E REZANOF DR, KODIAK, AK, 99615",1915 EAST REZANOF DRIVE,KODIAK,AK,99615,,,
021307,60.541274665261,-145.752850741797,https://geocoding.geo.census.gov/,"602 CHASE AVE, CORDOVA, AK, 99574",PO BOX 160 - 602 CHASE AVENUE,CORDOVA,AK,99574,,,
030014,33.567809826782,-112.071144746328,https://geocoding.geo.census.gov/,"250 E DUNLAP AVE, PHOENIX, AZ, 85020",250 EAST DUNLAP AVENUE,PHOENIX,AZ,85020,,,
050084,37.968468159393,-121.288544355542,https://geocoding.geo.census.gov/,"1800 CALIFORNIA ST, STOCKTON, CA, 95204",1800 N CALIFORNIA ST,STOCKTON,CA,95204,,,
050089,34.13128924649,-117.322502656584,https://geocoding.geo.census.gov/,"1805 N MEDICAL CENTER DR, SAN BERNARDINO, CA, 92411",1805 MEDICAL CENTER DRIVE,SAN BERNARDINO,CA,92411,,,
030011,32.225792670123,-110.857861864267,https://geocoding.geo.census.gov/,"350 N WILMOT RD, TUCSON, AZ, 85711",350 NORTH WILMOT ROAD,TUCSON,AZ,85711,,,
064007,39.9506727024,-105.147035235942,https://geocoding.geo.census.gov/,"2255 S 88TH ST, LOUISVILLE, CO, 80027",2255 S 88TH ST,LOUISVILLE,CO,80027,,,
064009,38.801158398072,-104.817495563121,https://geocoding.geo.census.gov/,"2135 SOUTHGATE RD, COLORADO SPRINGS, CO, 80906",2135 SOUTHGATE RD,COLORADO SPRINGS,CO,80906,,,
050093,36.837249707762,-119.763246249216,https://geocoding.geo.census.gov/,"1303 E HERNDON AVE, FRESNO, CA, 93720",1303 E HERNDON AVE,FRESNO,CA,93720,,,
050090,38.288446790546,-122.465210818358,https://geocoding.geo.census.gov/,"347 ANDRIEUX ST, SONOMA, CA, 95476",347 ANDRIEUX ST,SONOMA,CA,95476,,,
050091,33.989273524915,-118.224571937568,https://geocoding.geo.census.gov/,"2623 E SLAUSON AVE, HUNTINGTON PARK, CA, 90255",2623 E SLAUSON AVE,HUNTINGTON PARK,CA,90255,,,
100200,26.206729979569,-80.108157183344,https://geocoding.geo.census.gov/,"6401 N FEDERAL HWY, FORT LAUDERDALE, FL, 33308",6401 N FEDERAL HWY,FORT LAUDERDALE,FL,33308,,,
064001,38.290980334012,-104.627691831964,https://geocoding.geo.census.gov/,"1600 W 24TH ST, PUEBLO, CO, 81003",1600 W 24TH ST,PUEBLO,CO,81003,,,
040051,33.610207853325,-91.815058758913,https://geocoding.geo.census.gov/,"778 SCOGIN DR, MONTICELLO, AR, 71655",778 SCOGIN DRIVE,MONTICELLO,AR,71655,,,
064003,39.642213712717,-105.033160019171,https://geocoding.geo.census.gov/,"3520 W OXFORD AVE, DENVER, CO, 80236",3520 W OXFORD AVE,DENVER,CO,80236,,,
100204,29.659769164397,-82.41065839929,https://geocoding.geo.census.gov/,"6500 W NEWBERRY RD, GAINESVILLE, FL, 32605",6500 W NEWBERRY RD,GAINESVILLE,FL,32605,,,
040055,35.374975044263,-94.421244883798,https://geocoding.geo.census.gov/,"1001 TOWSON AVE, FORT SMITH, AR, 72901",1001 TOWSON AVENUE,FORT SMITH,AR,72901,,,
100206,27.93748967059,-82.489282447958,https://geocoding.geo.census.gov/,"2901 W SWANN AVE, TAMPA, FL, 33609",2901 W SWANN AVE,TAMPA,FL,33609,,,
031319,32.821814004516,-109.73306029391,https://geocoding.geo.census.gov/,"1600 S 20TH AVE, SAFFORD, AZ, 85546",1600 SOUTH 20TH AVENUE,SAFFORD,AZ,85546,,,
100260,27.291682254652,-80.293938872363,https://geocoding.geo.census.gov/,"1800 SE TIFFANY AVE, PORT SAINT LUCIE, FL, 34952",1800 SE TIFFANY AVE,PORT SAINT LUCIE,FL,34952,,,
031315,34.129502311698,-109.288066759912,https://geocoding.geo.census.gov/,"118 S MOUNTAIN AVE, SPRINGERVILLE, AZ, 85938",118 SOUTH MOUNTAIN AVENUE,SPRINGERVILLE,AZ,85938,,,
100022,25.790603748815,-80.214984037447,https://geocoding.geo.census.gov/,"1611 NW 12TH AVE, MIAMI, FL, 33136",1611 NW 12TH AVE,MIAMI,FL,33136,,,
100264,28.533371504674,-82.534474694251,https://geocoding.geo.census.gov/,"11375 CORTEZ BLVD, BROOKSVILLE, FL, 34613",11375 CORTEZ BLVD,BROOKSVILLE,FL,34613,,,
031312,31.417188947216,-109.883299241812,https://geocoding.geo.census.gov/,"101 COLE AVE, BISBEE, AZ, 85603",101 COLE AVENUE,BISBEE,AZ,85603,,,
031313,31.34100293472,-110.958875745402,https://geocoding.geo.census.gov/,"1171 W TARGET RANGE RD, NOGALES, AZ, 85621",1171 WEST TARGET RANGE ROAD,NOGALES,AZ,85621,,,
050075,37.823942674598,-122.257875036864,https://geocoding.geo.census.gov/,"275 W MACARTHUR, OAKLAND, CA, 94611",275 WEST MACARTHUR BOULEVARD,OAKLAND,CA,94611,,,
050072,37.892215511314,-122.058160372981,https://geocoding.geo.census.gov/,"1425 S MAIN ST, WALNUT CREEK, CA, 94596",1425 S MAIN STREET,WALNUT CREEK,CA,94596,,,
031311,35.034774378523,-110.69178800453,https://geocoding.geo.census.gov/,"1501 N WILLIAMSON AVE, WINSLOW, AZ, 86047",1501 NORTH WILLIAMSON AVENUE,WINSLOW,AZ,86047,,,
050073,38.128320845589,-122.247855582649,https://geocoding.geo.census.gov/,"975 SERENO DR, VALLEJO, CA, 94589",975 SERENO DR,VALLEJO,CA,94589,,,
050078,33.737956538555,-118.304839355446,https://geocoding.geo.census.gov/,"1300 W 7TH ST, SAN PEDRO, CA, 90732",1300 W 7TH ST,SAN PEDRO,CA,90732,,,
050076,37.782698528994,-122.44319644806,https://geocoding.geo.census.gov/,"2425 GEARY BLVD, SAN FRANCISCO, CA, 94115",2425 GEARY BLVD,SAN FRANCISCO,CA,94115,,,
050077,32.751296369512,-117.161066498781,https://geocoding.geo.census.gov/,"4077 5TH AVE, SAN DIEGO, CA, 92103",4077 5TH AVE,SAN DIEGO,CA,92103,,,
040029,35.084888225248,-92.456867645934,https://geocoding.geo.census.gov/,"2302 COLLEGE AVE, CONWAY, AR, 72034",2302 COLLEGE AVENUE,CONWAY,AR,72034,,,
040027,36.342925292328,-92.394503228806,https://geocoding.geo.census.gov/,"624 HOSPITAL DR, MOUNTAIN HOME, AR, 72653",624 HOSPITAL DRIVE,MOUNTAIN HOME,AR,72653,,,
040026,34.466091516421,-93.0669721044,https://geocoding.geo.census.gov/,"300 WERNER ST, HOT SPRINGS, AR, 71913",300 WERNER STREET,HOT SPRINGS,AR,71903,,,
050082,34.21640134077,-119.158346713544,https://geocoding.geo.census.gov/,"1600 N ROSE AVE, OXNARD, CA, 93030",1600 N ROSE AVE,OXNARD,CA,93030,,,
100012,26.626659628981,-81.872421879614,https://geocoding.geo.census.gov/,"2776 CLEVELAND AVE, FORT MYERS, FL, 33901",2776 CLEVELAND AVE,FORT MYERS,FL,33901,,,
100254,30.474726647361,-84.231635080275,https://geocoding.geo.census.gov/,"2626 CAPITAL MEDICAL BLVD, TALLAHASSEE, FL, 32308",2626 CAPITAL MEDICAL BLVD,TALLAHASSEE,FL,32308,,,
040020,35.838310380659,-90.703878129127,https://geocoding.geo.census.gov/,"225 E WASHINGTON AVE, JONESBORO, AR, 72401",225 E WASHINGTON AVE,JONESBORO,AR,72401,,,
100014,29.021621887162,-80.923048753953,https://geocoding.geo.census.gov/,"401 PALMETTO ST, NEW SMYRNA BEACH, FL, 32168",401 PALMETTO ST,NEW SMYRNA BEACH,FL,32170,,,
100256,28.359608962822,-82.688526442536,https://geocoding.geo.census.gov/,"14000 FIVAY RD, HUDSON, FL, 34667",14000 FIVAY RD,HUDSON,FL,34667,,,
100258,26.43925172706,-80.127370550183,https://geocoding.geo.census.gov/,"5352 LINTON BLVD, DELRAY BEACH, FL, 33484",5352 LINTON BLVD,DELRAY BEACH,FL,33484,,,
100017,29.199502686185,-81.054693943449,https://geocoding.geo.census.gov/,"303 N CLYDE MORRIS BLVD, DAYTONA BEACH, FL, 32114",303 N CLYDE MORRIS BLVD,DAYTONA BEACH,FL,32114,,,
100259,27.712339142713,-82.365255070373,https://geocoding.geo.census.gov/,"4016 SUN CITY CENTER BLVD, SUN CITY CENTER, FL, 33573",4016 SUN CITY CENTER BLVD,SUN CITY CENTER,FL,33573,,,
100018,26.150307514442,-81.799345623949,https://geocoding.geo.census.gov/,"350 7TH ST, NAPLES, FL, 34102",350 7TH ST N,NAPLES,FL,34102,,,
040022,36.181302550717,-94.136249772193,https://geocoding.geo.census.gov/,"609 MAPLE AVE, SPRINGDALE, AR, 72764",609 WEST MAPLE AVENUE,SPRINGDALE,AR,72764,,,
100019,28.087760273712,-80.613603205669,https://geocoding.geo.census.gov/,"1350 HICKORY ST, MELBOURNE, FL, 32901",1350 S HICKORY ST,MELBOURNE,FL,32901,,,
050069,33.782322890432,-117.865147127176,https://geocoding.geo.census.gov/,"1100 W STEWART DR, ORANGE, CA, 92868",1100 WEST STEWART DR,ORANGE,CA,92868,,,
100030,28.551574724412,-81.52632704003,https://geocoding.geo.census.gov/,"10000 W COLONIAL DR, OCOEE, FL, 34761",10000 W COLONIAL DR,OCOEE,FL,34761,,,
100032,27.763477060027,-82.641765612517,https://geocoding.geo.census.gov/,"701 6TH ST S, SAINT PETERSBURG, FL, 33701",701 6TH ST S,SAINT PETERSBURG,FL,33701,,,
100275,26.651672132988,-80.219434468995,https://geocoding.geo.census.gov/,"10101 FOREST HILL BLVD, WELLINGTON, FL, 33414",10101 FOREST HILL BLVD,WELLINGTON,FL,33414,,,
050063,34.095605296577,-118.291680821812,https://geocoding.geo.census.gov/,"1300 N VERMONT AVE, LOS ANGELES, CA, 90027",1300 N VERMONT AVE,LOS ANGELES,CA,90027,,,
050067,37.757533304287,-120.860063015734,https://geocoding.geo.census.gov/,"350 S OAK AVE, OAKDALE, CA, 95361",350 S OAK AVE,OAKDALE,CA,95361,,,
040039,36.052503194918,-90.497804228957,https://geocoding.geo.census.gov/,"900 W KINGSHIGHWAY, PARAGOULD, AR, 72450",900 WEST KINGSHIGHWAY,PARAGOULD,AR,72450,,,
050070,37.785353872785,-122.500951173608,https://geocoding.geo.census.gov/,"1200 EL CAMINO DEL MAR, SAN FRANCISCO, CA, 94121",1200 EL CAMINO REAL,SOUTH SAN FRANCISCO,CA,94080,,,
043301,36.162836674592,-94.192769671795,https://geocoding.geo.census.gov/,"2601 S GENE GEORGE BLVD, SPRINGDALE, AR, 72762",2601 GENE GEORGE BOULEVARD,SPRINGDALE,AR,72762,,,
100023,28.832210114757,-82.335280168791,https://geocoding.geo.census.gov/,"502 W HIGHLAND BLVD, INVERNESS, FL, 34452",502 W HIGHLAND BLVD,INVERNESS,FL,34452,,,
043300,34.743477840005,-92.291528264339,https://geocoding.geo.census.gov/,"1 CHILDRENS WAY, LITTLE ROCK, AR, 72202","1 CHILDREN'S WAY, SLOT 301",LITTLE ROCK,AR,72202,,,
100266,30.358805474232,-87.156394750183,https://geocoding.geo.census.gov/,"1110 GULF BREEZE PKWY, GULF BREEZE, FL, 32561",1110 GULF BREEZE PKWY,GULF BREEZE,FL,32561,,,
100025,30.474215277448,-87.211807232379,https://geocoding.geo.census.gov/,"5151 N 9TH AVE, PENSACOLA, FL, 32504",5151 N 9TH AVE,PENSACOLA,FL,32504,,,
100267,26.949034028324,-82.327853427705,https://geocoding.geo.census.gov/,"700 MEDICAL BLVD, ENGLEWOOD, FL, 34223",700 MEDICAL BLVD,ENGLEWOOD,FL,34223,,,
100026,30.159004990836,-85.647141473386,https://geocoding.geo.census.gov/,"615 N BONITA AVE, PANAMA CITY, FL, 32401",615 N BONITA AVE,PANAMA CITY,FL,32401,,,
100268,26.355566178853,-80.203284698861,https://geocoding.geo.census.gov/,"21644 STATE HWY 7, BOCA RATON, FL, 33428",21644 STATE RD 7,BOCA RATON,FL,33428,,,
040036,34.786646207738,-92.220027314387,https://geocoding.geo.census.gov/,"3333 SPRINGHILL DR, NORTH LITTLE ROCK, AR, 72117",3333 SPRINGHILL DRIVE,NORTH LITTLE ROCK,AR,72117,,,
100269,26.681993302929,-80.251507834944,https://geocoding.geo.census.gov/,"13001 SOUTHERN BLVD, LOXAHATCHEE, FL, 33470",13001 SOUTHERN BLVD,LOXAHATCHEE,FL,33470,,,
100028,28.628170105719,-80.824311828329,https://geocoding.geo.census.gov/,"951 N WASHINGTON AVE, TITUSVILLE, FL, 32796",951 N WASHINGTON AVE,TITUSVILLE,FL,32796,,,
100029,25.861585737793,-80.214767221616,https://geocoding.geo.census.gov/,"1100 NW 95TH ST, MIAMI, FL, 33150",1100 NW 95TH ST,MIAMI,FL,33150,,,
050058,34.12841343181,-118.257719722921,https://geocoding.geo.census.gov/,"1420 S CENTRAL AVE, GLENDALE, CA, 91204",1420 S CENTRAL AVE,GLENDALE,CA,91204,,,
100242,30.1896468434,-85.667348991381,https://geocoding.geo.census.gov/,"449 W 23RD ST, PANAMA CITY, FL, 32405",449 W 23RD ST,PANAMA CITY,FL,32405,,,
050295,35.373310626617,-119.027241693049,https://geocoding.geo.census.gov/,"2215 TRUXTUN AVE, BAKERSFIELD, CA, 93301",2215 TRUXTUN AVENUE,BAKERSFIELD,CA,93301,,,
050292,33.91017401937,-117.1975163373,https://geocoding.geo.census.gov/,"26520 CACTUS AVE, MORENO VALLEY, CA, 92555",26520 CACTUS AVENUE,MORENO VALLEY,CA,92555,,,
050056,34.689284339073,-118.159604433633,https://geocoding.geo.census.gov/,"1600 W AVE J, LANCASTER, CA, 93534",1600 W AVE J,LANCASTER,CA,93534,,,
050298,34.893143956908,-117.017925488732,https://geocoding.geo.census.gov/,"820 E MOUNTAIN VIEW ST, BARSTOW, CA, 92311",820 E MOUNTAIN VIEW STREET,BARSTOW,CA,92311,,,
050057,36.327405087837,-119.295471380046,https://geocoding.geo.census.gov/,"400 W MINERAL KING AVE, VISALIA, CA, 93291",400 W MINERAL KING AVE,VISALIA,CA,93291,,,
050054,33.932169358572,-116.946801523087,https://geocoding.geo.census.gov/,"600 HIGHLAND SPRINGS AVE, BANNING, CA, 92220",600 NORTH HIGHLAND SPRINGS AVENUE,BANNING,CA,92220,,,
050055,37.747989316751,-122.420875735488,https://geocoding.geo.census.gov/,"3555 CESAR CHAVEZ ST, SAN FRANCISCO, CA, 94110",3555 CESAR CHAVEZ,SAN FRANCISCO,CA,94110,,,
040004,36.108013901553,-94.15584345591,https://geocoding.geo.census.gov/,"3215 N NORTHHILLS BLVD, FAYETTEVILLE, AR, 72703",3215 N NORTH HILLS BOULEVARD,FAYETTEVILLE,AR,72703,,,
041335,33.649045212327,-93.58699675743,https://geocoding.geo.census.gov/,"2001 S MAIN ST, HOPE, AR, 71801",2001 SOUTH MAIN,HOPE,AR,71801,,,
050060,36.742585867483,-119.783002563726,https://geocoding.geo.census.gov/,"2823 FRESNO ST, FRESNO, CA, 93721",2823 FRESNO STREET,FRESNO,CA,93721,,,
041331,36.41220449308,-94.458168739246,https://geocoding.geo.census.gov/,"1101 JACKSON ST SW, GRAVETTE, AR, 72736",1101 JACKSON STREET SW,GRAVETTE,AR,72736,,,
100232,29.642258143367,-81.693432249933,https://geocoding.geo.census.gov/,"611 ZEAGLER DR, PALATKA, FL, 32177",611 ZEAGLER DR,PALATKA,FL,32177,,,
041332,35.608149884403,-91.265240662313,https://geocoding.geo.census.gov/,"1205 MCLAIN ST, NEWPORT, AR, 72112",1205 MCLAIN STREET,NEWPORT,AR,72112,,,
041334,34.588553652763,-94.222436828423,https://geocoding.geo.census.gov/,"311 MORROW ST N, MENA, AR, 71953",311 North Morrow Street,MENA,AR,71953,,,
060096,39.642195224913,-106.375033962227,https://geocoding.geo.census.gov/,"181 E MEADOW DR, VAIL, CO, 81657",181 W MEADOW DR,VAIL,CO,81657,,,
100236,26.987938901893,-82.096853752531,https://geocoding.geo.census.gov/,"21298 OLEAN BLVD, PORT CHARLOTTE, FL, 33952",21298 OLEAN BLVD,PORT CHARLOTTE,FL,33952,,,
040002,35.464341087342,-93.445761702105,https://geocoding.geo.census.gov/,"1100 E POPLAR ST, CLARKSVILLE, AR, 72830",1100 EAST POPLAR STREET,CLARKSVILLE,AR,72830,,,
040001,36.188674985005,-94.510281548705,https://geocoding.geo.census.gov/,"603 N PROGRESS AVE, SILOAM SPRINGS, AR, 72761",603 NORTH PROGRESS AVENUE,SILOAM SPRINGS,AR,72761,,,
100238,27.826233939103,-82.699988056459,https://geocoding.geo.census.gov/,"6000 49TH ST N, SAINT PETERSBURG, FL, 33709",6000 49TH ST N,SAINT PETERSBURG,FL,33709,,,
041330,36.390760108369,-90.204668798716,https://geocoding.geo.census.gov/,"1206 GORDON DUCKWORTH DR, PIGGOTT, AR, 72454",1206 GORDON DUCKWORTH DRIVE,PIGGOTT,AR,72454,,,
050047,37.785722723158,-122.421555809264,https://geocoding.geo.census.gov/,"1101 VAN NESS AVE, SAN FRANCISCO, CA, 94109",1101 VAN NESS AVENUE,SAN FRANCISCO,CA,94109,,,
050289,37.680546331054,-122.472946862928,https://geocoding.geo.census.gov/,"1900 SULLIVAN AVE, DALY CITY, CA, 94015",1900 SULLIVAN AVENUE,DALY CITY,CA,94015,,,
100252,27.258941892541,-80.829869239749,https://geocoding.geo.census.gov/,"1796 US HWY 441 N, OKEECHOBEE, FL, 34972",1796 HWY 441 NORTH,OKEECHOBEE,FL,34972,,,
100253,26.924059413181,-80.094548347284,https://geocoding.geo.census.gov/,"1210 S OLD DIXIE HWY, JUPITER, FL, 33458",1210 S OLD DIXIE HWY,JUPITER,FL,33458,,,
031301,31.964908774225,-110.307195334022,https://geocoding.geo.census.gov/,"450 S OCOTILLO AVE, BENSON, AZ, 85602",450 SOUTH OCOTILLO AVENUE,BENSON,AZ,85602,,,
050283,37.687236986058,-121.888545052086,https://geocoding.geo.census.gov/,"5555 W LAS POSITAS BLVD, PLEASANTON, CA, 94588",5555 WEST LAS POSITAS BOULEVARD,PLEASANTON,CA,94588,,,
031302,32.264295000729,-109.837667068527,https://geocoding.geo.census.gov/,"901 W REX ALLEN DR, WILLCOX, AZ, 85643",901 WEST REX ALLEN DRIVE,WILLCOX,AZ,85643,,,
050042,40.148858784562,-122.217987365259,https://geocoding.geo.census.gov/,"2550 SISTER MARY COLUMBA DR, RED BLUFF, CA, 96080",2550 SISTER MARY COLUMBA DRIVE,RED BLUFF,CA,96080,,,
050281,34.09024557522,-118.144918098758,https://geocoding.geo.census.gov/,"100 S RAYMOND AVE, ALHAMBRA, CA, 91801",100 S RAYMOND AVE,ALHAMBRA,CA,91801,,,
031300,33.97810677419,-112.73917677651,https://geocoding.geo.census.gov/,"520 ROSE LN, WICKENBURG, AZ, 85390",520 ROSE LANE,WICKENBURG,AZ,85390,,,
050040,34.324270950181,-118.447656844933,https://geocoding.geo.census.gov/,"14445 OLIVE VIEW DR, SYLMAR, CA, 91342",14445 OLIVE VIEW DRIVE,SYLMAR,CA,91342,,,
050045,32.781442594513,-115.568646851093,https://geocoding.geo.census.gov/,"1415 ROSS AVE, EL CENTRO, CA, 92243",1415 ROSS AVENUE,EL CENTRO,CA,92243,,,
053311,38.552857947672,-121.456125320033,https://geocoding.geo.census.gov/,"2425 STOCKTON BLVD, SACRAMENTO, CA, 95817",2425 STOCKTON BOULEVARD,SACRAMENTO,CA,95817,,,
040018,35.436255885433,-94.338791492624,https://geocoding.geo.census.gov/,"211 CRAWFORD MEMORIAL DR, VAN BUREN, AR, 72956",211 CRAWFORD MEMORIAL DRIVE,VAN BUREN,AR,72956,,,
040017,36.235783143419,-93.107222162377,https://geocoding.geo.census.gov/,"620 N MAIN ST, HARRISON, AR, 72601",620 NORTH MAIN STREET,HARRISON,AR,72601,,,
040016,34.751479208083,-92.319955588199,https://geocoding.geo.census.gov/,"4301 W MARKHAM ST, LITTLE ROCK, AR, 72205",4301 WEST MARKHAM STREET MAIL SLOT 612,LITTLE ROCK,AR,72205,,,
050291,38.49623121765,-122.752902406765,https://geocoding.geo.census.gov/,"30 MARK WEST SPRINGS RD, SANTA ROSA, CA, 95403",30 MARK WEST SPRINGS ROAD,SANTA ROSA,CA,95403,,,
040019,35.034519647716,-90.775158047495,https://geocoding.geo.census.gov/,"1601 NEW CASTLE RD, FORREST CITY, AR, 72335",1601 NEWCASTLE ROAD,FORREST CITY,AR,72335,,,
040010,36.3112237618,-94.184483396971,https://geocoding.geo.census.gov/,"2710 RIFE MEDICAL LN, ROGERS, AR, 72758",2710 SOUTH RIFE MEDICAL LANE,ROGERS,AR,72758,,,
100001,30.346760959098,-81.664328272756,https://geocoding.geo.census.gov/,"655 W 8TH ST, JACKSONVILLE, FL, 32209",655 W 8TH ST,JACKSONVILLE,FL,32209,,,
100243,27.933853497272,-82.28833775268,https://geocoding.geo.census.gov/,"119 OAKFIELD DR, BRANDON, FL, 33511",119 OAKFIELD DR,BRANDON,FL,33511,,,
100002,26.503650351901,-80.069025114586,https://geocoding.geo.census.gov/,"2815 S SEACREST BLVD, BOYNTON BEACH, FL, 33435",2815 S SEACREST BLVD,BOYNTON BEACH,FL,33435,,,
100244,26.640862870789,-81.941035180314,https://geocoding.geo.census.gov/,"636 DEL PRADO BLVD S, CAPE CORAL, FL, 33990",636 DEL PRADO BLVD,CAPE CORAL,FL,33990,,,
100246,27.430090406213,-80.347338172446,https://geocoding.geo.census.gov/,"1700 S 23RD ST, FORT PIERCE, FL, 34950",1700 S 23RD ST,FORT PIERCE,FL,34950,,,
040014,35.250512431887,-91.696778774184,https://geocoding.geo.census.gov/,"3214 E RACE AVE, SEARCY, AR, 72143",3214 EAST RACE AVENUE,SEARCY,AR,72143,,,
100006,28.526830264928,-81.378011740346,https://geocoding.geo.census.gov/,"52 W UNDERWOOD ST, ORLANDO, FL, 32806",52 W UNDERWOOD ST,ORLANDO,FL,32806,,,
100248,27.914853471437,-82.802710054766,https://geocoding.geo.census.gov/,"201 14TH ST SW, LARGO, FL, 33770",201 14TH ST SW,LARGO,FL,33770,,,
100007,28.57416050461,-81.37116857039,https://geocoding.geo.census.gov/,"601 E ROLLINS ST, ORLANDO, FL, 32803",601 E ROLLINS ST,ORLANDO,FL,32803,,,
040011,35.054264979755,-93.388493541765,https://geocoding.geo.census.gov/,"719 DETROIT ST, DANVILLE, AR, 72833",719 DETROIT STREET,DANVILLE,AR,72833,,,
100008,25.687873885917,-80.336577494855,https://geocoding.geo.census.gov/,"8900 N KENDALL DR, MIAMI, FL, 33176",8900 N KENDALL DR,MIAMI,FL,33176,,,
050710,36.841114028452,-119.78232249358,https://geocoding.geo.census.gov/,"7300 N FRESNO ST, FRESNO, CA, 93720",7300 NORTH FRESNO ST,FRESNO,CA,93720,,,
100062,29.173996947307,-82.13793689081,https://geocoding.geo.census.gov/,"1500 SW 1ST AVE, OCALA, FL, 34471",1500 SW 1ST AVE,OCALA,FL,34474,,,
100063,28.253445828575,-82.715350426689,https://geocoding.geo.census.gov/,"6600 MADISON ST, NEW PORT RICHEY, FL, 34652",6600 MADISON STREET,NEW PORT RICHEY,FL,34652,,,
050714,36.98775359018,-121.978141216157,https://geocoding.geo.census.gov/,"2900 CHANTICLEER AVE, SANTA CRUZ, CA, 95065",2900 CHANTICLEER AVENUE,SANTA CRUZ,CA,95065,,,
054078,34.142116083527,-118.090346279417,https://geocoding.geo.census.gov/,"2900 E DEL MAR BLVD, PASADENA, CA, 91107",2900 E DEL MAR BLVD,PASADENA,CA,91107,,,
054077,34.307068764639,-119.283423845334,https://geocoding.geo.census.gov/,"801 SENECA ST, VENTURA, CA, 93001",801 SENECA ST,VENTURA,CA,93001,,,
010011,33.59332344343,-86.666419942345,https://geocoding.geo.census.gov/,"50 MEDICAL PARK DR E, BIRMINGHAM, AL, 35235",50 MEDICAL PARK EAST DRIVE,BIRMINGHAM,AL,35235,,,
010012,34.439857936543,-85.755986117955,https://geocoding.geo.census.gov/,"200 MEDICAL CTR DR SW, FORT PAYNE, AL, 35968",200 MED CENTER DRIVE,FORT PAYNE,AL,35968,,,
010016,33.251351013612,-86.814596924326,https://geocoding.geo.census.gov/,"1000 1ST ST N, ALABASTER, AL, 35007",1000 FIRST STREET NORTH,ALABASTER,AL,35007,,,
010019,34.745891237525,-87.69897031743,https://geocoding.geo.census.gov/,"1300 S MONTGOMERY AVE, SHEFFIELD, AL, 35660",1300 SOUTH MONTGOMERY AVENUE,SHEFFIELD,AL,35660,,,
050717,33.926521786218,-118.156577720987,https://geocoding.geo.census.gov/,"7601 IMPERIAL HWY, DOWNEY, CA, 90242",7601 EAST IMPERIAL HIGHWAY,DOWNEY,CA,90242,,,
010018,33.503168017509,-86.802427919629,https://geocoding.geo.census.gov/,"1720 UNIVERSITY BLVD, BIRMINGHAM, AL, 35233",1720 UNIVERSITY BLVD STE 305,BIRMINGHAM,AL,35233,,,
044022,35.038601889441,-92.423183014958,https://geocoding.geo.census.gov/,"2255 STURGIS RD, CONWAY, AR, 72034",2255 STURGIS ROAD,CONWAY,AR,72034,,,
074017,41.802557018952,-72.728213035269,https://geocoding.geo.census.gov/,"1 ABRAHMS BLVD, WEST HARTFORD, CT, 06117",1 ABRAHMS BOULEVARD,WEST HARTFORD,CT,06117,,,
100072,28.911349284347,-81.283639723734,https://geocoding.geo.census.gov/,"1055 SAXON BLVD, ORANGE CITY, FL, 32763",1055 SAXON BLVD,ORANGE CITY,FL,32763,,,
100073,26.185555429289,-80.11762123589,https://geocoding.geo.census.gov/,"4725 N FEDERAL HWY, FT LAUDERDALE, FL, 33308",4725 N FEDERAL HWY,FT LAUDERDALE,FL,33308,,,
100075,27.981396786712,-82.491010264199,https://geocoding.geo.census.gov/,"3001 W DR MARTIN LUTHER KING JR BLVD, TAMPA, FL, 33607",3001 W MARTIN LUTHER KING JR BLVD,TAMPA,FL,33607,,,
050701,33.557801285722,-117.184785589603,https://geocoding.geo.census.gov/,"25500 MEDICAL CENTER DR, MURRIETA, CA, 92562",25500 MEDICAL CENTER DRIVE,MURRIETA,CA,92562,,,
100077,26.989747946825,-82.096696604925,https://geocoding.geo.census.gov/,"2500 HARBOR BLVD, PORT CHARLOTTE, FL, 33952",2500 HARBOR BLVD,PORT CHARLOTTE,FL,33952,,,
074012,41.189438881462,-73.16756195819,https://geocoding.geo.census.gov/,"1635 CENTRAL AVE, BRIDGEPORT, CT, 06610",1635 CENTRAL AVE,BRIDGEPORT,CT,06610,,,
074014,41.166752975746,-73.469880755175,https://geocoding.geo.census.gov/,"208 VALLEY RD, NEW CANAAN, CT, 06840",208 VALLEY ROAD,NEW CANAAN,CT,06840,,,
054069,34.099477569286,-117.866568441895,https://geocoding.geo.census.gov/,"1161 E COVINA BLVD, COVINA, CA, 91724",1161 E COVINA BLVD,COVINA,CA,91724,,,
074015,41.559004754634,-72.613121297424,https://geocoding.geo.census.gov/,"915 RIVER RD, MIDDLETOWN, CT, 06457",915 RIVER ROAD,MIDDLETOWN,CT,06457,,,
010001,31.215662945023,-85.361445951887,https://geocoding.geo.census.gov/,"1108 ROSS CLARK CIR, DOTHAN, AL, 36301",1108 ROSS CLARK CIRCLE,DOTHAN,AL,36301,,,
054075,32.773803335059,-117.044167279692,https://geocoding.geo.census.gov/,"7050 PARKWAY DR, LA MESA, CA, 91942",7050 PARKWAY DRIVE,LA MESA,CA,91942,,,
054074,38.118550006841,-122.251006240099,https://geocoding.geo.census.gov/,"525 OREGON ST, VALLEJO, CA, 94590",525 OREGON ST,VALLEJO,CA,94590,,,
010006,34.803806752748,-87.649945440576,https://geocoding.geo.census.gov/,"1701 VETERANS DR, FLORENCE, AL, 35630",1701 VETERANS DRIVE,FLORENCE,AL,35630,,,
010005,34.221220723941,-86.159364189411,https://geocoding.geo.census.gov/,"2505 US HWY 431, BOAZ, AL, 35957",2505 U S HIGHWAY 431 NORTH,BOAZ,AL,35957,,,
100067,27.762928617724,-82.651033541432,https://geocoding.geo.census.gov/,"1200 7TH AVE S, SAINT PETERSBURG, FL, 33705",1200 SEVENTH AVE N,SAINT PETERSBURG,FL,33705,,,
010007,31.291594834092,-86.255377393915,https://geocoding.geo.census.gov/,"702 N MAIN ST, OPP, AL, 36467",702 N MAIN ST,OPP,AL,36467,,,
100068,29.246232473467,-81.106451186784,https://geocoding.geo.census.gov/,"301 MEMORIAL MEDICAL PKWY, DAYTONA BEACH, FL, 32117",301 MEMORIAL MEDICAL PARKWAY,DAYTONA BEACH,FL,32117,,,
050704,34.221423590319,-118.456401438644,https://geocoding.geo.census.gov/,"14850 ROSCOE BLVD, PANORAMA CITY, CA, 91402",14850 ROSCOE BLVD,PANORAMA CITY,CA,91402,,,
100069,28.014047475663,-82.505038840727,https://geocoding.geo.census.gov/,"7171 N DALE MABRY HWY, TAMPA, FL, 33614",7171 N DALE MABRY HWY,TAMPA,FL,33614,,,
050708,36.824926620749,-119.781397047831,https://geocoding.geo.census.gov/,"6125 N FRESNO ST, FRESNO, CA, 93710",6125 NORTH FRESNO ST,FRESNO,CA,93710,,,
050709,34.470976885322,-117.295855884597,https://geocoding.geo.census.gov/,"16850 BEAR VALLEY RD, VICTORVILLE, CA, 92395",16850 BEAR VALLEY RD,VICTORVILLE,CA,92395,,,
100284,25.748040105206,-80.317298629982,https://geocoding.geo.census.gov/,"2500 SW 75TH AVE, MIAMI, FL, 33155",2500 SW 75TH AVE,MIAMI,FL,33155,,,
100043,28.014050628475,-82.783689245457,https://geocoding.geo.census.gov/,"601 MAIN ST, DUNEDIN, FL, 34698",601 MAIN ST,DUNEDIN,FL,34698,,,
100044,27.199011948932,-80.243089525512,https://geocoding.geo.census.gov/,"200 SE HOSPITAL AVE, STUART, FL, 34994",200 SE HOSPITAL AVE,STUART,FL,34994,,,
030089,33.610694380303,-112.180387035593,https://geocoding.geo.census.gov/,"5555 W THUNDERBIRD RD, GLENDALE, AZ, 85306",5555 WEST THUNDERBIRD ROAD,GLENDALE,AZ,85306,,,
054055,33.884973672899,-118.102857620902,https://geocoding.geo.census.gov/,"10802 COLLEGE PL, CERRITOS, CA, 90703",10802 COLLEGE PL,CERRITOS,CA,90703,,,
010040,34.009365715519,-85.969512944496,https://geocoding.geo.census.gov/,"1007 GOODYEAR AVE, GADSDEN, AL, 35903",1007 GOODYEAR AVENUE,GADSDEN,AL,35903,,,
030088,33.410496456404,-111.687971433137,https://geocoding.geo.census.gov/,"6644 E BAYWOOD AVE, MESA, AZ, 85206",6644 EAST BAYWOOD AVENUE,MESA,AZ,85206,,,
030087,33.582496414892,-111.885871087393,https://geocoding.geo.census.gov/,"9003 E SHEA BLVD, SCOTTSDALE, AZ, 85260",9003 EAST SHEA BOULEVARD,SCOTTSDALE,AZ,85260,,,
010033,33.506124805703,-86.801833166846,https://geocoding.geo.census.gov/,"619 19TH ST S, BIRMINGHAM, AL, 35233",619 SOUTH 19TH STREET,BIRMINGHAM,AL,35233,,,
030093,33.658505899082,-112.371548954309,https://geocoding.geo.census.gov/,"14502 W MEEKER BLVD, SUN CITY WEST, AZ, 85375",14502 WEST MEEKER BOULEVARD,SUN CITY WEST,AZ,85375,,,
013301,30.696413283986,-88.078161705666,https://geocoding.geo.census.gov/,"1700 CENTER ST, MOBILE, AL, 36604",1700 CENTER STREET,MOBILE,AL,36604,,,
030092,33.665997348212,-112.11717190046,https://geocoding.geo.census.gov/,"19829 N 27TH AVE, PHOENIX, AZ, 85027",19829 NORTH 27TH AVENUE,PHOENIX,AZ,85027,,,
010035,34.198634978778,-86.803697149672,https://geocoding.geo.census.gov/,"1912 AL HIGHWAY 157, CULLMAN, AL, 35058",1912 ALABAMA HIGHWAY 157,CULLMAN,AL,35058,,,
013300,33.503289237061,-86.805432940396,https://geocoding.geo.census.gov/,"1600 7TH AVE S, BIRMINGHAM, AL, 35233",1600 SEVENTH AVENUE SOUTH,BIRMINGHAM,AL,35233,,,
010034,32.534874599153,-85.909593131167,https://geocoding.geo.census.gov/,"805 FRIENDSHIP RD, TALLASSEE, AL, 36078",805 FRIENDSHIP ROAD,TALLASSEE,AL,36078,,,
030094,33.654945538972,-112.202896458349,https://geocoding.geo.census.gov/,"18701 N 67TH AVE, GLENDALE, AZ, 85308",18701 NORTH 67TH AVENUE,GLENDALE,AZ,85308,,,
010036,31.296718976663,-86.496632361378,https://geocoding.geo.census.gov/,"849 S THREE NOTCH ST, ANDALUSIA, AL, 36420",849 SOUTH THREE NOTCH STREET,ANDALUSIA,AL,36420,,,
044005,34.82274735886,-92.353946743658,https://geocoding.geo.census.gov/,"21 BRIDGEWAY RD, NORTH LITTLE ROCK, AR, 72113",21 BRIDGEWAY ROAD,NORTH LITTLE ROCK,AR,72113,,,
100034,25.815011005988,-80.137954931516,https://geocoding.geo.census.gov/,"4300 ALTON RD, MIAMI BEACH, FL, 33140",4300 ALTON RD,MIAMI BEACH,FL,33140,,,
100276,26.268226953066,-80.254207189909,https://geocoding.geo.census.gov/,"3000 CORAL HILLS DR, CORAL SPRINGS, FL, 33065",3000 CORAL HILLS DR,CORAL SPRINGS,FL,33065,,,
044004,36.127878710589,-94.118756610253,https://geocoding.geo.census.gov/,"4253 N CROSSOVER RD, FAYETTEVILLE, AR, 72703",4253 CROSSOVER ROAD,FAYETTEVILLE,AR,72703,,,
100035,27.497718194691,-82.561297780197,https://geocoding.geo.census.gov/,"206 2ND ST E, BRADENTON, FL, 34208",206 2ND ST E,BRADENTON,FL,34208,,,
100277,25.823727351316,-80.191855747414,https://geocoding.geo.census.gov/,"5200 NE 2ND AVE, MIAMI, FL, 33137",5200 NE 2ND AVE,MIAMI,FL,33137,,,
044007,34.612018759041,-92.530638039956,https://geocoding.geo.census.gov/,"100 RIVENDELL DR, BENTON, AR, 72019",100 RIVENDELL DRIVE,BENTON,AR,72019,,,
044006,35.340417076773,-94.318304748889,https://geocoding.geo.census.gov/,"10301 MAYO DR, BARLING, AR, 72923",10301 MAYO DRIVE,BARLING,AR,72923,,,
100038,26.018307461351,-80.179926795554,https://geocoding.geo.census.gov/,"3501 JOHNSON ST, HOLLYWOOD, FL, 33021",3501 JOHNSON ST,HOLLYWOOD,FL,33021,,,
100039,26.101892956268,-80.142296828366,https://geocoding.geo.census.gov/,"1600 S ANDREWS AVE, FORT LAUDERDALE, FL, 33316",1600 S ANDREWS AVE,FORT LAUDERDALE,FL,33316,,,
044021,35.15276301529,-90.175900425376,https://geocoding.geo.census.gov/,"600 N 7TH ST, WEST MEMPHIS, AR, 72301",600 NORTH 7TH STREET,WEST MEMPHIS,AR,72301,,,
100050,25.866645467789,-80.312344220492,https://geocoding.geo.census.gov/,"1475 W 49TH ST, HIALEAH, FL, 33012",1475 W 49TH ST,HIALEAH,FL,33012,,,
044020,33.460262072721,-94.035645938084,https://geocoding.geo.census.gov/,"701 ARKANSAS BLVD, TEXARKANA, AR, 71854",701 ARKANSAS BOULEVARD SUITE 300,TEXARKANA,AR,71854,,,
100051,28.552004445929,-81.718510524242,https://geocoding.geo.census.gov/,"1900 DON WICKHAM DR, CLERMONT, FL, 34711",1900 DON WICKHAM DR,CLERMONT,FL,34711,,,
100052,28.027627422135,-81.726785623084,https://geocoding.geo.census.gov/,"200 AVE F NE, WINTER HAVEN, FL, 33881",200 AVE F NE,WINTER HAVEN,FL,33881,,,
100055,28.132219913264,-82.758604975127,https://geocoding.geo.census.gov/,"1395 S PINELLAS AVE, TARPON SPRINGS, FL, 34689",1395 S PINELLAS AVE,TARPON SPRINGS,FL,34689,,,
010022,34.162723581312,-85.652382860812,https://geocoding.geo.census.gov/,"400 NORTHWOOD DR, CENTRE, AL, 35960",400 NORTHWOOD DR,CENTRE,AL,35960,,,
010021,31.451771233492,-85.631012442851,https://geocoding.geo.census.gov/,"126 HOSPITAL AVE, OZARK, AL, 36360",126 HOSPITAL AVE,OZARK,AL,36360,,,
010024,32.366614812946,-86.285148073761,https://geocoding.geo.census.gov/,"1725 PINE ST, MONTGOMERY, AL, 36106",1725 PINE STREET,MONTGOMERY,AL,36106,,,
010023,32.327206006372,-86.276080532094,https://geocoding.geo.census.gov/,"2105 SOUTH BLVD, MONTGOMERY, AL, 36116",2105 EAST SOUTH BOULEVARD,MONTGOMERY,AL,36116,,,
054053,33.810278741981,-118.344809780531,https://geocoding.geo.census.gov/,"23700 CAM DEL SOL, TORRANCE, CA, 90505",23700 CAMINO DEL SOL,TORRANCE,CA,90505,,,
044019,36.109045629962,-94.185730419357,https://geocoding.geo.census.gov/,"1955 W TRUCKERS DR, FAYETTEVILLE, AR, 72704",1955 WEST TRUCKER'S DRIVE,FAYETTEVILLE,AR,72704,,,
100045,29.042666035537,-81.316407824144,https://geocoding.geo.census.gov/,"701 W PLYMOUTH AVE, DELAND, FL, 32720",701 W PLYMOUTH AVE,DELAND,FL,32720,,,
010029,32.63814000949,-85.404158814067,https://geocoding.geo.census.gov/,"2000 PEPPERELL PKWY, OPELIKA, AL, 36801",2000 PEPPERELL PARKWAY,OPELIKA,AL,36801,,,
044017,34.87737527182,-92.394097377767,https://geocoding.geo.census.gov/,"1601 MURPHY DR, MAUMELLE, AR, 72113",1601 MURPHY DRIVE,MAUMELLE,AR,72113,,,
100049,27.467048695947,-81.433674567333,https://geocoding.geo.census.gov/,"3600 S HIGHLANDS AVE, SEBRING, FL, 33870",3600 S HIGHLANDS AVE,SEBRING,FL,33870,,,
044011,34.751583117561,-92.325012447797,https://geocoding.geo.census.gov/,"305 S PALM ST, LITTLE ROCK, AR, 72205",305 S PALM STREET,LITTLE ROCK,AR,72205,,,
01021F,33.19305964926,-87.488591341934,https://geocoding.geo.census.gov/,"3701 LOOP RD, TUSCALOOSA, AL, 35404",3701 LOOP ROAD EAST,TUSCALOOSA,AL,35404,,,
030069,34.479816632853,-114.339584202957,https://geocoding.geo.census.gov/,"101 CIVIC CENTER LN, LAKE HAVASU CITY, AZ, 86403",101 CIVIC CENTER LANE,LAKE HAVASU CITY,AZ,86403,,,
030064,32.241942171497,-110.944065475274,https://geocoding.geo.census.gov/,"1625 N CAMPBELL AVE, TUCSON, AZ, 85719",1625 NORTH CAMPBELL AVENUE,TUCSON,AZ,85719,,,
030065,33.389229031008,-111.874725052046,https://geocoding.geo.census.gov/,"1400 S DOBSON RD, MESA, AZ, 85202",1400 SOUTH  DOBSON ROAD,MESA,AZ,85202,,,
011300,31.4601970392,-88.235243979826,https://geocoding.geo.census.gov/,"14600 ST STEPHENS AVE, CHATOM, AL, 36518",14600 ST. STEPHENS AVENUE,CHATOM,AL,36518,,,
10009F,27.81363720363,-82.767960314177,https://geocoding.geo.census.gov/,"10000 BAY PINES BLVD, BAY PINES, FL, 33744",10000 BAY PINES BLVD.,BAY PINES,FL,33744,,,
011302,34.457492317643,-88.145700804048,https://geocoding.geo.census.gov/,"211 HOSPITAL RD, RED BAY, AL, 35582",211 HOSPITAL ROAD,RED BAY,AL,35582,,,
020017,61.20977031548,-149.829267209526,https://geocoding.geo.census.gov/,"2801 DEBARR RD, ANCHORAGE, AK, 99508",2801 DEBARR ROAD,ANCHORAGE,AK,99508,,,
011307,31.888047401062,-85.15661037092,https://geocoding.geo.census.gov/,"820 W WASHINGTON ST, EUFAULA, AL, 36027",820 W WASHINGTON ST,EUFAULA,AL,36027,,,
011305,33.933405989789,-86.495086398334,https://geocoding.geo.census.gov/,"150 GILBREATH DR, ONEONTA, AL, 35121",150 GILBREATH DRIVE,ONEONTA,AL,35121,,,
011306,33.31678728319,-85.487523042285,https://geocoding.geo.census.gov/,"1032 N MAIN ST, WEDOWEE, AL, 36278",1032 MAIN STREET SOUTH,WEDOWEE,AL,36278,,,
020012,64.834607892861,-147.739134283597,https://geocoding.geo.census.gov/,"1650 COWLES ST, FAIRBANKS, AK, 99701",1650 COWLES STREET,FAIRBANKS,AK,99701,,,
030078,33.496723051368,-112.047672574854,https://geocoding.geo.census.gov/,"4212 N 16TH ST, PHOENIX, AZ, 85016",4212 NORTH 16TH STREET,PHOENIX,AZ,85016,,,
054028,34.084582212803,-118.25700336034,https://geocoding.geo.census.gov/,"1891 EFFIE ST, LOS ANGELES, CA, 90026",1891 EFFIE ST,LOS ANGELES,CA,90026,,,
030083,33.640638527935,-111.997292899832,https://geocoding.geo.census.gov/,"3929 E BELL RD, PHOENIX, AZ, 85032",3929 EAST BELL ROAD,PHOENIX,AZ,85032,,,
020008,58.330111407435,-134.470471629281,https://geocoding.geo.census.gov/,"3260 HOSPITAL DR, JUNEAU, AK, 99801",3260 HOSPITAL DR,JUNEAU,AK,99801,,,
020006,61.562024513032,-149.260434849807,https://geocoding.geo.census.gov/,"2500 S WOODWORTH LOOP, PALMER, AK, 99645",2500 SOUTH WOODWORTH LOOP,PALMER,AK,99645,,,
020001,61.189789562685,-149.818935739049,https://geocoding.geo.census.gov/,"3200 PROVIDENCE DR, ANCHORAGE, AK, 99508",3200 PROVIDENCE DRIVE,ANCHORAGE,AK,99508,,,
100084,28.806642046786,-81.869563926643,https://geocoding.geo.census.gov/,"600 E DIXIE AVE, LEESBURG, FL, 34748",600 E DIXIE AVE,LEESBURG,FL,34748,,,
100086,26.27521039758,-80.120651770033,https://geocoding.geo.census.gov/,"201 E SAMPLE RD, DEERFIELD BEACH, FL, 33064",201 E SAMPLE RD,DEERFIELD BEACH,FL,33064,,,
100087,27.318201252908,-82.529741981674,https://geocoding.geo.census.gov/,"1700 S TAMIAMI TRL, SARASOTA, FL, 34239",1700 S TAMIAMI TRL,SARASOTA,FL,34239,,,
100088,30.316225442729,-81.664351740623,https://geocoding.geo.census.gov/,"800 PRUDENTIAL DR, JACKSONVILLE, FL, 32207",800 PRUDENTIAL DR,JACKSONVILLE,FL,32207,,,
030043,31.554545074052,-110.230394840982,https://geocoding.geo.census.gov/,"5700 STATE RTE 90, SIERRA VISTA, AZ, 85635",5700 EAST HIGHWAY 90,SIERRA VISTA,AZ,85635,,,
100080,26.600593919858,-80.08981020081,https://geocoding.geo.census.gov/,"5301 S CONGRESS AVE, ATLANTIS, FL, 33462",5301 S CONGRESS AVE,ATLANTIS,FL,33462,,,
040084,34.606750230124,-92.479026243883,https://geocoding.geo.census.gov/,"1 PARK DR, BENTON, AR, 72022",1 MEDICAL PARK DRIVE,BENTON,AR,72015,,,
040088,33.218437530223,-92.672334372099,https://geocoding.geo.census.gov/,"700 W GROVE ST, EL DORADO, AR, 71730",700 WEST GROVE STREET,EL DORADO,AR,71730,,,
054009,34.065171248556,-118.446275091254,https://geocoding.geo.census.gov/,"150 MEDICAL PLZ, LOS ANGELES, CA, 90095",150 MEDICAL PLAZA-RM-4230C,LOS ANGELES,CA,90095,,,
100099,27.896168996223,-81.564728752451,https://geocoding.geo.census.gov/,"410 S 11TH ST, LAKE WALES, FL, 33853",410 S 11TH ST,LAKE WALES,FL,33853,,,
100090,29.862499120069,-81.318049918899,https://geocoding.geo.census.gov/,"400 HEALTH PARK BLVD, SAINT AUGUSTINE, FL, 32086",400 HEALTH PARK BLVD,SAINT AUGUSTINE,FL,32086,,,
030061,33.605453404286,-112.268915573533,https://geocoding.geo.census.gov/,"13632 N 99TH AVE, SUN CITY, AZ, 85351",13632 N 99TH AVE,SUN CITY,AZ,85351,,,
020026,61.181939792401,-149.802876690983,https://geocoding.geo.census.gov/,"4315 DIPLOMACY DR, ANCHORAGE, AK, 99508",4315 DIPLOMACY DR,ANCHORAGE,AK,99508,,,
020024,60.494556129425,-151.07785212177,https://geocoding.geo.census.gov/,"250 HOSPITAL PL, SOLDOTNA, AK, 99669",250 HOSPITAL PLACE,SOLDOTNA,AK,99669,,,
050313,37.743668908468,-121.434867932701,https://geocoding.geo.census.gov/,"1420 N TRACY BLVD, TRACY, CA, 95376",1420 NORTH TRACY BLVD,TRACY,CA,95376,,,
050315,35.381000649011,-118.967505895534,https://geocoding.geo.census.gov/,"1700 MOUNT VERNON AVE, BAKERSFIELD, CA, 93306",1700 MOUNT VERNON AVENUE,BAKERSFIELD,CA,93306,,,
050557,37.66854572672,-120.97561022557,https://geocoding.geo.census.gov/,"1700 COFFEE RD, MODESTO, CA, 95355",1700 COFFEE RD,MODESTO,CA,95355,,,
050551,33.803237283333,-118.067238805803,https://geocoding.geo.census.gov/,"3751 KATELLA AVE, LOS ALAMITOS, CA, 90720",3751 KATELLA AVENUE,LOS ALAMITOS,CA,90720,,,
010099,31.127168943375,-87.072470503274,https://geocoding.geo.census.gov/,"1301 BELLEVILLE AVE, BREWTON, AL, 36426",1301 BELLEVILLE AVENUE,BREWTON,AL,36426,,,
060112,39.528024608339,-104.872891187454,https://geocoding.geo.census.gov/,"10101 RIDGEGATE PKWY, LONE TREE, CO, 80124",10101 RIDGEGATE PKWY,LONE TREE,CO,80124,,,
060113,39.577522732613,-104.988312199219,https://geocoding.geo.census.gov/,"7700 S BROADWAY, LITTLETON, CO, 80122",7700 S BROADWAY,LITTLETON,CO,80122,,,
060114,39.549980093288,-104.770953123937,https://geocoding.geo.census.gov/,"9395 CROWN CREST BLVD, PARKER, CO, 80138",9395 CROWN CREST BLVD,PARKER,CO,80138,,,
060116,39.972319583819,-105.088506762337,https://geocoding.geo.census.gov/,"200 EXEMPLA CIR, LAFAYETTE, CO, 80026",200 EXEMPLA CIR,LAFAYETTE,CO,80026,,,
060117,37.248802372588,-107.870787898908,https://geocoding.geo.census.gov/,"575 RIVERGATE LN, DURANGO, CO, 81301",575 RIVERGATE LN UNIT 100,DURANGO,CO,81301,575 RIVERGATE LN UNIT 100,2026-09-28,
05031F,37.402891256268,-122.141739001605,https://geocoding.geo.census.gov/,"3801 MIRANDA AVE, PALO ALTO, CA, 94304",3801 MIRANDA AVENUE,PALO ALTO,CA,94304,,,
050301,39.154022051885,-123.20360148664,https://geocoding.geo.census.gov/,"275 HOSPITAL DR, UKIAH, CA, 95482",275 HOSPITAL DRIVE,UKIAH,CA,95482,,,
050543,33.652558024597,-117.912554041283,https://geocoding.geo.census.gov/,"301 VICTORIA ST, COSTA MESA, CA, 92627",301 VICTORIA STREET,COSTA MESA,CA,92627,,,
050785,34.057284700793,-118.361992254111,https://geocoding.geo.census.gov/,"6000 SAN VICENTE BLVD, LOS ANGELES, CA, 90036",6000 SAN VICENTE BLVD,LOS ANGELES,CA,90036,,,
050549,34.206506855098,-118.882619435281,https://geocoding.geo.census.gov/,"215 W JANSS RD, THOUSAND OAKS, CA, 91360",215 W JANSS RD,THOUSAND OAKS,CA,91360,,,
050546,36.043862176368,-118.980547465814,https://geocoding.geo.census.gov/,"26501 AVE 140, PORTERVILLE, CA, 93257",26501 AVENUE 140,PORTERVILLE,CA,93258,,,
050305,37.855161145756,-122.267096645978,https://geocoding.geo.census.gov/,"2450 ASHBY AVE, BERKELEY, CA, 94705",2450 ASHBY AVENUE,BERKELEY,CA,94705,,,
010091,31.694486415486,-87.777054649056,https://geocoding.geo.census.gov/,"295 S JACKSON ST, GROVE HILL, AL, 36451",295 JACKSON HWY S,GROVE HILL,AL,36451,,,
010092,33.206251030204,-87.52676183324,https://geocoding.geo.census.gov/,"809 UNIVERSITY BLVD E, TUSCALOOSA, AL, 35401",809 UNIVERSITY BOULEVARD EAST,TUSCALOOSA,AL,35401,,,
050782,34.096287301009,-117.745681775596,https://geocoding.geo.census.gov/,"255 E BONITA AVE, POMONA, CA, 91767",255 E BONITA AVE,POMONA,CA,91767,,,
050541,37.489704449451,-122.224633958418,https://geocoding.geo.census.gov/,"1100 VETERANS BLVD, REDWOOD CITY, CA, 94063",1100 VETERANS BOULEVARD,REDWOOD CITY,CA,94063,,,
050783,39.207241306383,-121.999964319431,https://geocoding.geo.census.gov/,"199 E WEBSTER ST, COLUSA, CA, 95932",199 E WEBSTER STREET,COLUSA,CA,95932,,,
010097,32.551530745206,-86.187310565241,https://geocoding.geo.census.gov/,"500 HOSPITAL DR, WETUMPKA, AL, 36092",500 HOSPITAL DRIVE,WETUMPKA,AL,36092,,,
050780,33.730889500511,-117.829273547851,https://geocoding.geo.census.gov/,"14662 NEWPORT AVE, TUSTIN, CA, 92780",14662 NEWPORT AVE,TUSTIN,CA,92780,,,
060103,39.951875672929,-105.149556586477,https://geocoding.geo.census.gov/,"100 HEALTH PARK DR, LOUISVILLE, CO, 80027",100 HEALTH PARK DR,LOUISVILLE,CO,80027,,,
010089,33.841394204614,-87.237424571573,https://geocoding.geo.census.gov/,"3400 HWY 78, JASPER, AL, 35501",3400 HIGHWAY 78 EAST,JASPER,AL,35502,,,
060104,39.954076409698,-104.993686414853,https://geocoding.geo.census.gov/,"14300 ORCHARD PKWY, WESTMINSTER, CO, 80023",14300 ORCHARD PKWY,WESTMINSTER,CO,80023,,,
05030F,38.571753383517,-121.297358965054,https://geocoding.geo.census.gov/,"10535 HOSPITAL WAY, MATHER, CA, 95655",10535 HOSPITAL WAY,MATHER,CA,95655,,,
060107,39.738382064118,-104.942811190242,https://geocoding.geo.census.gov/,"1400 JACKSON ST, DENVER, CO, 80206",1400 JACKSON ST,DENVER,CO,80206,,,
050308,37.369210806109,-122.077979230189,https://geocoding.geo.census.gov/,"2500 GRANT RD, MOUNTAIN VIEW, CA, 94040",2500 GRANT ROAD,MOUNTAIN VIEW,CA,94040,,,
060100,39.689531155647,-104.831226234089,https://geocoding.geo.census.gov/,"1501 S POTOMAC ST, AURORA, CO, 80012",1501 S POTOMAC ST,AURORA,CO,80012,,,
050775,33.479322843291,-117.105553016807,https://geocoding.geo.census.gov/,"31700 TEMECULA PKWY, TEMECULA, CA, 92592",31700 TEMECULA PKWY,TEMECULA,CA,92592,,,
024002,61.186540761618,-149.827561100262,https://geocoding.geo.census.gov/,"3700 PIPER ST, ANCHORAGE, AK, 99508",3700 PIPER STREET,ANCHORAGE,AK,99508,,,
050534,33.706135014106,-116.233940508373,https://geocoding.geo.census.gov/,"47111 MONROE ST, INDIO, CA, 92201",47111 MONROE STREET,INDIO,CA,92201,,,
050776,33.807573116384,-118.193633759615,https://geocoding.geo.census.gov/,"2776 PACIFIC AVE, LONG BEACH, CA, 90806",2776 PACIFIC AVENUE,LONG BEACH,CA,90806,,,
050537,38.560989289496,-121.77249470619,https://geocoding.geo.census.gov/,"2000 SUTTER PL, DAVIS, CA, 95616",2000 SUTTER PLACE,DAVIS,CA,95616,,,
050779,33.924247699914,-118.244459748177,https://geocoding.geo.census.gov/,"1680 E 120TH ST, LOS ANGELES, CA, 90059",1680 EAST 120TH STREET,LOS ANGELES,CA,90059,,,
050777,37.705672141407,-122.168759152029,https://geocoding.geo.census.gov/,"2500 MERCED ST, SAN LEANDRO, CA, 94577",2500 MERCED STREET,SAN LEANDRO,CA,94577,,,
050778,34.049920898083,-117.261200910437,https://geocoding.geo.census.gov/,"11234 ANDERSON ST, LOMA LINDA, CA, 92354",11234 ANDERSON STREET SUITE A,LOMA LINDA,CA,92354,,,
050771,33.912911699099,-118.099094973651,https://geocoding.geo.census.gov/,"13100 STUDEBAKER RD, NORWALK, CA, 90650",13100 STUDERBAKER ROAD,NORWALK,CA,90650,,,
050772,38.748311159261,-121.247735537025,https://geocoding.geo.census.gov/,"1600 EUREKA RD, ROSEVILLE, CA, 95661",1600 EUREKA ROAD,ROSEVILLE,CA,95661,,,
014000,33.548987064647,-86.73083993364,https://geocoding.geo.census.gov/,"6869 5TH AVE S, BIRMINGHAM, AL, 35212",6869 FIFTH AVENUE SOUTH,BIRMINGHAM,AL,35212,,,
050770,33.613499067957,-117.169074599832,https://geocoding.geo.census.gov/,"28062 BAXTER RD, MURRIETA, CA, 92563",28062 BAXTER ROAD,MURRIETA,CA,92563,,,
050764,40.585336189394,-122.386968679457,https://geocoding.geo.census.gov/,"1100 BUTTE ST, REDDING, CA, 96001",1100 BUTTE ST,REDDING,CA,96001,,,
050765,33.895488282711,-117.188254010696,https://geocoding.geo.census.gov/,"27300 IRIS AVE, MORENO VALLEY, CA, 92555",27300 IRIS AVENUE,MORENO VALLEY,CA,92555,,,
050763,34.06868142521,-118.263020421689,https://geocoding.geo.census.gov/,"1711 W TEMPLE ST, LOS ANGELES, CA, 90026",1711 WEST TEMPLE STREET,LOS ANGELES,CA,90026,,,
050526,33.704204548556,-117.989004892183,https://geocoding.geo.census.gov/,"17772 BEACH BLVD, HUNTINGTON BEACH, CA, 92647",17772 BEACH BLVD,HUNTINGTON BEACH,CA,92647,,,
050769,33.662089275819,-117.77346763498,https://geocoding.geo.census.gov/,"16250 SAND CANYON AVE, IRVINE, CA, 92618",16250 SAND CANYON AVENUE,IRVINE,CA,92618,,,
050766,39.13134884734,-121.613951120984,https://geocoding.geo.census.gov/,"455 PLUMAS BLVD, YUBA CITY, CA, 95991",455 PLUMAS BLVD,YUBA CITY,CA,95991,,,
050761,34.16982464476,-118.531210479478,https://geocoding.geo.census.gov/,"18321 CLARK ST, TARZANA, CA, 91356",18321 CLARK STREET,TARZANA,CA,91356,,,
050528,37.063482588778,-120.859489358218,https://geocoding.geo.census.gov/,"520 W I ST, LOS BANOS, CA, 93635",520 WEST I ST,LOS BANOS,CA,93635,,,
050512,37.551519557662,-121.976793665055,https://geocoding.geo.census.gov/,"39400 PASEO PADRE PKWY, FREMONT, CA, 94538",39400 PASEO PADRE PKWY,FREMONT,CA,94538,,,
050510,38.004259904571,-122.553890405331,https://geocoding.geo.census.gov/,"99 MONTECILLO RD, SAN RAFAEL, CA, 94903",99 MONTECILLO RD,SAN RAFAEL,CA,94903,,,
050515,32.7929151825,-117.095433072406,https://geocoding.geo.census.gov/,"4647 ZION AVE, SAN DIEGO, CA, 92120",4647 ZION AVE,SAN DIEGO,CA,92120,,,
050516,38.668055890332,-121.313898268795,https://geocoding.geo.census.gov/,"6501 COYLE AVE, CARMICHAEL, CA, 95608",6501 COYLE AVE,CARMICHAEL,CA,95608,,,
050758,34.077733287005,-117.695132136121,https://geocoding.geo.census.gov/,"5000 SAN BERNARDINO ST, MONTCLAIR, CA, 91763",5000 SAN BERNARDINO ROAD,MONTCLAIR,CA,91763,,,
050755,34.159957821656,-118.448766551406,https://geocoding.geo.census.gov/,"4929 VAN NUYS BLVD, SHERMAN OAKS, CA, 91403",4929 VAN NUYS BLVD,SHERMAN OAKS,CA,91403,,,
034029,33.337216693056,-111.84723073858,https://geocoding.geo.census.gov/,"2190 N GRACE BLVD, CHANDLER, AZ, 85225","2190 NORTH GRACE BOULEVARD, BUILDING A41",CHANDLER,AZ,85225,"2190 NORTH GRACE BOULEVARD, BUILDING A41",2026-09-28,
034028,33.364527564934,-111.938498638478,https://geocoding.geo.census.gov/,"6350 S MAPLE AVE, TEMPE, AZ, 85283",6350 SOUTH MAPLE AVENUE,TEMPE,AZ,85283,,,
034027,34.165421333902,-109.974568742946,https://geocoding.geo.census.gov/,"1920 W COMMERCE DR, LAKESIDE, AZ, 85929",1920 WEST COMMERCE DRIVE,LAKESIDE,AZ,85929,,,
034026,33.482361615732,-112.005260992792,https://geocoding.geo.census.gov/,"3550 E PINCHOT AVE, PHOENIX, AZ, 85018",3550 EAST PINCHOT AVENUE,PHOENIX,AZ,85018,,,
010061,34.661111063309,-86.047351101565,https://geocoding.geo.census.gov/,"380 WOODS COVE RD, SCOTTSBORO, AL, 35768",380 WOODS COVE ROAD,SCOTTSBORO,AL,35768,,,
034025,34.556823017762,-112.471223581336,https://geocoding.geo.census.gov/,"181 WHIPPLE ST, PRESCOTT, AZ, 86301",181 WHIPPLE ST,PRESCOTT,AZ,86301,,,
034024,33.581859530373,-112.187997816772,https://geocoding.geo.census.gov/,"6015 W PEORIA AVE, GLENDALE, AZ, 85302",6015 WEST PEORIA  AVENUE,GLENDALE,AZ,85302,,,
034023,35.206503369355,-111.606049316695,https://geocoding.geo.census.gov/,"2187 N VICKEY ST, FLAGSTAFF, AZ, 86004",2187 NORTH VICKEY STREET,FLAGSTAFF,AZ,86004,,,
010055,31.235998787859,-85.45768152718,https://geocoding.geo.census.gov/,"4370 W MAIN ST, DOTHAN, AL, 36305",4370 WEST MAIN STREET,DOTHAN,AL,36302,,,
034033,32.239345739808,-110.85781650114,https://geocoding.geo.census.gov/,"1400 N WILMOT RD, TUCSON, AZ, 85712",1400 NORTH WILMOT ROAD,TUCSON,AZ,85712,,,
034032,33.464572863715,-112.287496185197,https://geocoding.geo.census.gov/,"10550 W MCDOWELL RD, AVONDALE, AZ, 85392",10550 WEST MCDOWELL ROAD,AVONDALE,AZ,85392,,,
034031,33.678385070157,-112.113556140673,https://geocoding.geo.census.gov/,"2545 W QUAIL AVE, PHOENIX, AZ, 85027",2545 WEST QUAIL AVENUE,PHOENIX,AZ,85027,,,
010056,33.508915359146,-86.788457201456,https://geocoding.geo.census.gov/,"810 ST VINCENTS DR, BIRMINGHAM, AL, 35205",810 ST VINCENT'S DRIVE,BIRMINGHAM,AL,35205,,,
034030,32.255881656763,-110.875339338028,https://geocoding.geo.census.gov/,"2695 N CRAYCROFT RD, TUCSON, AZ, 85712",2695 NORTH CRAYCROFT ROAD,TUCSON,AZ,85712,,,
010058,32.950919237594,-87.14816757061,https://geocoding.geo.census.gov/,"208 PIERSON AVE, CENTREVILLE, AL, 35042",208 PIERSON AVE,CENTREVILLE,AL,35042,,,
050517,34.528024580571,-117.292576838316,https://geocoding.geo.census.gov/,"15248 11TH ST, VICTORVILLE, CA, 92395",15248 11TH ST,VICTORVILLE,CA,92395,,,
050740,33.982057494032,-118.440414206482,https://geocoding.geo.census.gov/,"4650 LINCOLN BLVD, MARINA DEL REY, CA, 90292",4650 LINCOLN BLVD,MARINA DEL REY,CA,90292,,,
050746,33.754026951006,-117.834142669259,https://geocoding.geo.census.gov/,"1001 N TUSTIN AVE, SANTA ANA, CA, 92705",1001 NORTH TUSTIN AVENUE,SANTA ANA,CA,92705,,,
050747,33.711592235451,-117.885243193794,https://geocoding.geo.census.gov/,"2701 S BRISTOL ST, SANTA ANA, CA, 92704",2701 S BRISTOL ST,SANTA ANA,CA,92704,,,
050744,33.8203501523,-117.908928446161,https://geocoding.geo.census.gov/,"1025 S ANAHEIM BLVD, ANAHEIM, CA, 92805",1025 S ANAHEIM BLVD,ANAHEIM,CA,92805,,,
050503,33.0362886919,-117.285375977608,https://geocoding.geo.census.gov/,"354 SANTA FE DR, ENCINITAS, CA, 92024",354 SANTA FE DRIVE,ENCINITAS,CA,92024,,,
050745,33.787863136603,-117.827002838329,https://geocoding.geo.census.gov/,"2601 E CHAPMAN AVE, ORANGE, CA, 92869",2601 E CHAPMAN AVE,ORANGE,CA,92869,,,
034038,33.46580317463,-112.0532002378,https://geocoding.geo.census.gov/,"1346 E MCDOWELL RD, PHOENIX, AZ, 85006",1346 EAST MCDOWELL ROAD,PHOENIX,AZ,85006,,,
010051,32.84345617523,-87.889473459429,https://geocoding.geo.census.gov/,"509 WILSON AVE, EUTAW, AL, 35462",509 WILSON AVENUE,EUTAW,AL,35462,,,
034035,33.634592606351,-112.381811981936,https://geocoding.geo.census.gov/,"16561 N PARKVIEW PL, SURPRISE, AZ, 85374",16561 NORTH PARKVIEW PLACE,SURPRISE,AZ,85374,,,
010052,32.819986227945,-85.74157865126,https://geocoding.geo.census.gov/,"201 MARIARDEN RD, DADEVILLE, AL, 36853",201 MARIARDEN ROAD,DADEVILLE,AL,36853,,,
034034,33.640567025807,-112.34223597443,https://geocoding.geo.census.gov/,"17300 N DYSART RD, SURPRISE, AZ, 85378",17300 NORTH DYSART ROAD,SURPRISE,AZ,85378,,,
010044,34.115240439268,-87.989519496279,https://geocoding.geo.census.gov/,"1256 MILITARY ST, HAMILTON, AL, 35570",1256 MILITARY STREET SOUTH,HAMILTON,AL,35570,,,
010046,34.005008098593,-86.003895865507,https://geocoding.geo.census.gov/,"600 S 3RD ST, GADSDEN, AL, 35901",600 SOUTH THIRD STREET,GADSDEN,AL,35901,,,
010045,33.706854557754,-87.824386589587,https://geocoding.geo.census.gov/,"1653 TEMPLE AVE N, FAYETTE, AL, 35555",1653 TEMPLE AVENUE NORTH,FAYETTE,AL,35555,,,
010049,31.318149311853,-85.855189549071,https://geocoding.geo.census.gov/,"400 N EDWARDS ST, ENTERPRISE, AL, 36330",400 N EDWARDS STREET,ENTERPRISE,AL,36330,,,
050506,35.29099286122,-120.6661947532,https://geocoding.geo.census.gov/,"1010 MURRAY ST, SAN LUIS OBISPO, CA, 93405",1010 MURRAY ST,SAN LUIS OBISPO,CA,93405,,,
050748,37.797403065373,-121.24579799451,https://geocoding.geo.census.gov/,"1777 YOSEMITE AVE, MANTECA, CA, 95337",1777 WEST YOSEMITE AVE,MANTECA,CA,95337,,,
024001,61.208536032031,-149.833309906983,https://geocoding.geo.census.gov/,"2530 DEBARR RD, ANCHORAGE, AK, 99508",2530 DEBARR RD,ANCHORAGE,AK,99508,,,
050736,34.050901003459,-118.137979913111,https://geocoding.geo.census.gov/,"900 S ATLANTIC BLVD, MONTEREY PARK, CA, 91754",900 S ATLANTIC BLVD,MONTEREY PARK,CA,91754,,,
034004,33.483943411684,-111.918758260613,https://geocoding.geo.census.gov/,"7575 E EARLL DR, SCOTTSDALE, AZ, 85251",7575 EAST EARLL DRIVE,SCOTTSDALE,AZ,85251,,,
010083,30.426641722609,-87.683266426045,https://geocoding.geo.census.gov/,"1613 MCKENZIE ST, FOLEY, AL, 36535",1613 NORTH MCKENZIE STREET,FOLEY,AL,36535,,,
010086,33.930083370834,-87.825825415785,https://geocoding.geo.census.gov/,"1530 US HWY 43, WINFIELD, AL, 35594",1530 U S HIGHWAY 43,WINFIELD,AL,35594,,,
010085,34.591138805008,-86.97265883808,https://geocoding.geo.census.gov/,"1201 7TH ST SE, DECATUR, AL, 35601",1201 7TH STREET SE,DECATUR,AL,35601,,,
010079,34.803564992537,-86.977299025555,https://geocoding.geo.census.gov/,"700 MARKET ST W, ATHENS, AL, 35611",700 WEST MARKET STREET,ATHENS,AL,35611,,,
010078,33.657060826534,-85.823312047026,https://geocoding.geo.census.gov/,"400 E 10TH ST, ANNISTON, AL, 36207",400 EAST 10TH STREET,ANNISTON,AL,36207,,,
050739,33.949148735419,-118.348183450555,https://geocoding.geo.census.gov/,"555 E HARDY ST, INGLEWOOD, CA, 90301",555 EAST HARDY STREET,INGLEWOOD,CA,90301,,,
050737,34.067810913529,-118.122960779227,https://geocoding.geo.census.gov/,"525 N GARFIELD AVE, MONTEREY PARK, CA, 91754",525 N GARFIELD AVE,MONTEREY PARK,CA,91754,,,
050738,34.047931197523,-118.042464169354,https://geocoding.geo.census.gov/,"1701 SANTA ANITA AVE, SOUTH EL MONTE, CA, 91733",1701 SANTA ANITA AVE,SOUTH EL MONTE,CA,91733,,,
050723,34.063478843143,-117.985848258101,https://geocoding.geo.census.gov/,"1011 BALDWIN PARK BLVD, BALDWIN PARK, CA, 91706",1011 BALDWIN PARK BLVD,BALDWIN PARK,CA,91706,,,
054087,38.46810819706,-121.417933439503,https://geocoding.geo.census.gov/,"8001 BRUCEVILLE RD, SACRAMENTO, CA, 95823",8001 BRUCEVILLE ROAD,SACRAMENTO,CA,95823,,,
034013,33.451485375789,-112.04330348292,https://geocoding.geo.census.gov/,"1800 E VAN BUREN ST, PHOENIX, AZ, 85006",1800 EAST VAN BUREN,PHOENIX,AZ,85006,,,
034022,32.318424515566,-111.00782690194,https://geocoding.geo.census.gov/,"6050 N CORONA RD, TUCSON, AZ, 85704",6050 NORTH CORONA ROAD,TUCSON,AZ,85704,,,
034021,33.451406454805,-112.02903746051,https://geocoding.geo.census.gov/,"2500 E VAN BUREN ST, PHOENIX, AZ, 85008",2500 EAST VAN BUREN STREET,PHOENIX,AZ,85008,,,
034020,33.43611341107,-112.082448840587,https://geocoding.geo.census.gov/,"1201 S 7TH AVE, PHOENIX, AZ, 85007","1201 SOUTH 7TH AVENUE, SUITE 200",PHOENIX,AZ,85007,,,
054096,38.550770997624,-121.414905915533,https://geocoding.geo.census.gov/,"7700 FOLSOM BLVD, SACRAMENTO, CA, 95826",7700 FOLSOM BLVD,SACRAMENTO,CA,95826,,,
054095,32.990640504157,-117.07554377636,https://geocoding.geo.census.gov/,"11878 AVE OF INDUSTRY, SAN DIEGO, CA, 92128",11878 AVENUE OF INDUSTRY,SAN DIEGO,CA,92128,,,
050726,37.663962075065,-120.957587027307,https://geocoding.geo.census.gov/,"1421 OAKDALE RD, MODESTO, CA, 95355",1421 OAKDALE ROAD,MODESTO,CA,95355,,,
04010F,34.744937410499,-92.321175755913,https://geocoding.geo.census.gov/,"4300 W 7TH ST, LITTLE ROCK, AR, 72205",4300 WEST SEVENTH STREET,LITTLE ROCK,AR,72205,,,
050159,34.277937085711,-119.25399345124,https://geocoding.geo.census.gov/,"300 HILLMONT AVE, VENTURA, CA, 93003",300 HILLMONT AVENUE,VENTURA,CA,93003,,,
050158,34.156907180439,-118.487121434193,https://geocoding.geo.census.gov/,"16237 VENTURA BLVD, ENCINO, CA, 91436",16237 VENTURA BLVD,ENCINO,CA,91436,,,
050393,33.935151673268,-118.13192601962,https://geocoding.geo.census.gov/,"11500 BROOKSHIRE AVE, DOWNEY, CA, 90241",11500 BROOKSHIRE AVENUE,DOWNEY,CA,90241,,,
050152,37.789175568076,-122.416956745197,https://geocoding.geo.census.gov/,"900 HYDE ST, SAN FRANCISCO, CA, 94109",900 HYDE ST,SAN FRANCISCO,CA,94109,,,
050394,34.274505101049,-119.257338149926,https://geocoding.geo.census.gov/,"147 N BRENT ST, VENTURA, CA, 93003",147 NORTH BRENT STREET,VENTURA,CA,93003,,,
050150,39.228366474409,-121.046735008792,https://geocoding.geo.census.gov/,"155 GLASSON WAY, GRASS VALLEY, CA, 95945",155 GLASSON WAY,GRASS VALLEY,CA,95945,,,
050396,34.429424986189,-119.723187011697,https://geocoding.geo.census.gov/,"400 W PUEBLO ST, SANTA BARBARA, CA, 93105",400 WEST PUEBLO,SANTA BARBARA,CA,93105,,,
05015F,38.267845587296,-121.958620302012,https://geocoding.geo.census.gov/,"101 BODIN CIR, TRAVIS AFB, CA, 94535",101 Bodin Cir Bldg 777,Travis AFB,CA,94535,,,
05039F,34.225472187668,-116.048833912899,https://geocoding.geo.census.gov/,"1145 STURGIS RD, TWENTYNINE PALMS, CA, 92278",1145 Sturgis Rd,Twentynine Palms,CA,92278,,,
050149,34.037171710846,-118.265475632964,https://geocoding.geo.census.gov/,"1401 S GRAND AVE, LOS ANGELES, CA, 90015",1401 SOUTH GRAND AVENUE,LOS ANGELES,CA,90015,,,
050140,34.072594304109,-117.435600307498,https://geocoding.geo.census.gov/,"9961 SIERRA AVE, FONTANA, CA, 92335",9961 SIERRA AVE,FONTANA,CA,92335,,,
050382,34.089973949715,-117.892659983238,https://geocoding.geo.census.gov/,"210 W SAN BERNARDINO RD, COVINA, CA, 91723",210 W  SAN BERNARDINO ROAD,COVINA,CA,91723,,,
050380,37.251167222096,-121.945462909343,https://geocoding.geo.census.gov/,"2425 SAMARITAN DR, SAN JOSE, CA, 95124",2425 SAMARITAN DRIVE,SAN JOSE,CA,95124,,,
050145,36.579038057453,-121.915117119132,https://geocoding.geo.census.gov/,"23625 HOLMAN HWY, MONTEREY, CA, 93940",23625 W R HOLMAN HIGHWAY,MONTEREY,CA,93940,,,
050390,33.751182695269,-116.960580812825,https://geocoding.geo.census.gov/,"1117 E DEVONSHIRE AVE, HEMET, CA, 92543",1117 EAST DEVONSHIRE,HEMET,CA,92543,,,
040119,35.76951500325,-91.634691977548,https://geocoding.geo.census.gov/,"1710 HARRISON ST, BATESVILLE, AR, 72501",1710 HARRISON STREET,BATESVILLE,AR,72503,,,
040118,35.8642584,-90.638964279609,https://geocoding.geo.census.gov/,"4800 E JOHNSON AVE, JONESBORO, AR, 72405",4800 EAST JOHNSON AVENUE,JONESBORO,AR,72405,,,
050137,34.219787572585,-118.429670615776,https://geocoding.geo.census.gov/,"13652 CANTARA ST, PANORAMA CITY, CA, 91402",13652 CANTARA ST,PANORAMA CITY,CA,91402,,,
050138,34.098201882829,-118.294316338338,https://geocoding.geo.census.gov/,"4867 W SUNSET BLVD, LOS ANGELES, CA, 90027",4867 SUNSET BLVD,LOS ANGELES,CA,90027,,,
050135,34.096246627318,-118.325037264904,https://geocoding.geo.census.gov/,"6245 DE LONGPRE AVE, HOLLYWOOD, CA, 90028",6245 DE LONGPRE AVE,HOLLYWOOD,CA,90028,,,
050136,38.253168889264,-122.632770257988,https://geocoding.geo.census.gov/,"400 N MCDOWELL BLVD, PETALUMA, CA, 94954",400 N MCDOWELL BLVD,PETALUMA,CA,94954,,,
050378,34.240827882461,-118.395477478786,https://geocoding.geo.census.gov/,"9449 SAN FERNANDO RD, SUN VALLEY, CA, 91352",9449 SAN FERNANDO RD,SUN VALLEY,CA,91352,,,
050139,33.917110212281,-118.12910178857,https://geocoding.geo.census.gov/,"9333 IMPERIAL HWY, DOWNEY, CA, 90242",9333 IMPERIAL HIGHWAY,DOWNEY,CA,90242,,,
050133,39.138664626831,-121.595033219745,https://geocoding.geo.census.gov/,"726 4TH ST, MARYSVILLE, CA, 95901",726 4TH ST,MARYSVILLE,CA,95901,,,
050376,33.831527738318,-118.292137742027,https://geocoding.geo.census.gov/,"1000 W CARSON ST, TORRANCE, CA, 90502",1000 W CARSON ST,TORRANCE,CA,90509,,,
050131,38.097875168988,-122.559311901497,https://geocoding.geo.census.gov/,"180 ROWLAND WAY, NOVATO, CA, 94945",180 ROWLAND WAY,NOVATO,CA,94945,,,
050373,34.057116374402,-118.20838492227,https://geocoding.geo.census.gov/,"2051 MARENGO ST, LOS ANGELES, CA, 90033","2051 MARENGO ST, ROOM C2K100",LOS ANGELES,CA,90033,,,
050132,34.102401433842,-118.105191728919,https://geocoding.geo.census.gov/,"438 W LAS TUNAS DR, SAN GABRIEL, CA, 91776",438 W LAS TUNAS DRIVE,SAN GABRIEL,CA,91776,,,
050126,34.193976189221,-118.462014444897,https://geocoding.geo.census.gov/,"15107 VANOWEN ST, VAN NUYS, CA, 91405",15107 VANOWEN ST,VAN NUYS,CA,91405,,,
050127,38.663167722708,-121.79333021802,https://geocoding.geo.census.gov/,"1325 COTTONWOOD ST, WOODLAND, CA, 95695",1325 COTTONWOOD STREET,WOODLAND,CA,95695,,,
050124,34.174426773356,-118.226022636886,https://geocoding.geo.census.gov/,"1812 N VERDUGO RD, GLENDALE, CA, 91208",1812 VERDUGO BLVD,GLENDALE,CA,91208,,,
050125,37.363388624287,-121.848400148123,https://geocoding.geo.census.gov/,"225 N JACKSON AVE, SAN JOSE, CA, 95116",225 N JACKSON AVENUE,SAN JOSE,CA,95116,,,
050129,34.134113163234,-117.278706600828,https://geocoding.geo.census.gov/,"2101 N WATERMAN AVE, SAN BERNARDINO, CA, 92404",2101 N WATERMAN AVE,SAN BERNARDINO,CA,92404,,,
050360,37.947595297155,-122.537537620754,https://geocoding.geo.census.gov/,"250 BON AIR RD, GREENBRAE, CA, 94904",250 BON AIR ROAD,GREENBRAE,CA,94904,,,
050122,37.9612695128,-121.300662695046,https://geocoding.geo.census.gov/,"525 ACACIA ST, STOCKTON, CA, 95203",525 WEST ACACIA STREET,STOCKTON,CA,95203,,,
050115,33.126248458113,-117.07592539517,https://geocoding.geo.census.gov/,"555 E VALLEY PKWY, ESCONDIDO, CA, 92025",555 EAST VALLEY PARKWAY,ESCONDIDO,CA,92025,,,
050357,34.433066722959,-119.809797184889,https://geocoding.geo.census.gov/,"351 S PATTERSON AVE, SANTA BARBARA, CA, 93111",351 S PATTERSON AVE,SANTA BARBARA,CA,93111,,,
050599,38.553867079052,-121.456943010819,https://geocoding.geo.census.gov/,"2315 STOCKTON BLVD, SACRAMENTO, CA, 95817",2315 STOCKTON BOULEVARD,SACRAMENTO,CA,95817,,,
050116,34.220733705304,-118.531780103602,https://geocoding.geo.census.gov/,"18300 ROSCOE BLVD, NORTHRIDGE, CA, 91325",18300 ROSCOE BLVD,NORTHRIDGE,CA,91325,,,
050113,37.530032856169,-122.299737720649,https://geocoding.geo.census.gov/,"222 W 39TH AVE, SAN MATEO, CA, 94403",222 W 39TH AVE,SAN MATEO,CA,94403,,,
050597,34.133215389285,-117.872471155857,https://geocoding.geo.census.gov/,"250 S GRAND AVE, GLENDORA, CA, 91741",250 S GRAND AVE,GLENDORA,CA,91740,,,
050118,37.801123064039,-121.198160489999,https://geocoding.geo.census.gov/,"1205 NORTH ST, MANTECA, CA, 95336",1205 E NORTH STREET,MANTECA,CA,95336,,,
050350,34.015909012121,-118.100244018702,https://geocoding.geo.census.gov/,"309 W BEVERLY BLVD, MONTEBELLO, CA, 90640",309 W BEVERLY BLVD,MONTEBELLO,CA,90640,,,
050590,38.464174108465,-121.417458321188,https://geocoding.geo.census.gov/,"7500 HOSPITAL DR, SACRAMENTO, CA, 95823",7500 HOSPITAL DRIVE,SACRAMENTO,CA,95823,,,
050353,33.837624445372,-118.355802843091,https://geocoding.geo.census.gov/,"4101 TORRANCE BLVD, TORRANCE, CA, 90503",4101 TORRANCE BLVD,TORRANCE,CA,90503,,,
050112,34.027579308024,-118.486185163843,https://geocoding.geo.census.gov/,"1250 16TH ST, SANTA MONICA, CA, 90404",1250 16TH STREET,SANTA MONICA,CA,90404,,,
050351,33.812451493695,-118.343399786846,https://geocoding.geo.census.gov/,"3330 LOMITA BLVD, TORRANCE, CA, 90505",3330 LOMITA BLVD,TORRANCE,CA,90509,,,
050110,34.639267559231,-120.439690145351,https://geocoding.geo.census.gov/,"1515 E OCEAN AVE, LOMPOC, CA, 93436",1515 E OCEAN AVENUE,LOMPOC,CA,93436,,,
050352,38.912291987605,-119.996256086532,https://geocoding.geo.census.gov/,"2170 SOUTH AVE, SOUTH LAKE TAHOE, CA, 96150",2170 SOUTH AVENUE,SOUTH LAKE TAHOE,CA,96150,,,
014017,30.635376598868,-87.898095669597,https://geocoding.geo.census.gov/,"7400 ROPER LN, DAPHNE, AL, 36526",7400 ROPER LANE,DAPHNE,AL,36526,,,
014016,34.151620535854,-86.843016944366,https://geocoding.geo.census.gov/,"1910 CHEROKEE AVE SW, CULLMAN, AL, 35055","1910 CHEROKEE AVENUE, SW",CULLMAN,AL,35055,,,
014014,30.623809475594,-88.177917278672,https://geocoding.geo.census.gov/,"5800 SOUTHLAND DR, MOBILE, AL, 36693",5800 SOUTHLAND DRIVE,MOBILE,AL,36693,,,
040781,34.498972390176,-90.59747976668,https://geocoding.geo.census.gov/,"1801 MARTIN LUTHER KING JR DR, HELENA, AR, 72342",1801 MARTIN LUTHER KING JR DRIVE,HELENA,AR,72342,,,
040782,35.700169344314,-89.974989322136,https://geocoding.geo.census.gov/,"611 W LEE AVE, OSCEOLA, AR, 72370",611 WEST LEE AVENUE,OSCEOLA,AR,72370,,,
040783,34.279400447657,-91.33729727345,https://geocoding.geo.census.gov/,"1641 S WHITEHEAD DR, DE WITT, AR, 72042",1641 WHITEHEAD DRIVE,DE WITT,AR,72042,,,
040780,36.400378974356,-93.74454476079,https://geocoding.geo.census.gov/,"24 NORRIS ST, EUREKA SPRINGS, AR, 72632",24 NORRIS STREET,EUREKA SPRINGS,AR,72632,,,
050588,34.099279909412,-117.834551971638,https://geocoding.geo.census.gov/,"1350 W COVINA BLVD, SAN DIMAS, CA, 91773",1350 W COVINA BLVD,SAN DIMAS,CA,91773,,,
050102,33.925902556454,-117.440099680577,https://geocoding.geo.census.gov/,"3865 JACKSON ST, RIVERSIDE, CA, 92503",3865 JACKSON STREET,RIVERSIDE,CA,92503,,,
050586,34.02629013597,-117.685625699276,https://geocoding.geo.census.gov/,"5451 WALNUT AVE, CHINO, CA, 91710",5451 WALNUT AVE,CHINO,CA,91710,,,
050103,34.05101427841,-118.217336005834,https://geocoding.geo.census.gov/,"1720 E CESAR E CHAVEZ AVE, LOS ANGELES, CA, 90033",1720 CESAR E CHAVEZ AVENUE,LOS ANGELES,CA,90033,,,
050108,38.570473354373,-121.470267473486,https://geocoding.geo.census.gov/,"2825 CAPITOL AVE, SACRAMENTO, CA, 95816",2825 CAPITOL AVENUE,SACRAMENTO,CA,95816,,,
050348,33.788867416268,-117.890750008493,https://geocoding.geo.census.gov/,"101 THE CITY DR S, ORANGE, CA, 92868",101 CITY DRIVE SOUTH,ORANGE,CA,92868,,,
050107,34.952037604136,-120.414595527134,https://geocoding.geo.census.gov/,"1400 E CHURCH ST, SANTA MARIA, CA, 93454",1400 E CHURCH ST,SANTA MARIA,CA,93454,,,
050581,33.860160132878,-118.149254656143,https://geocoding.geo.census.gov/,"3700 E SOUTH ST, LAKEWOOD, CA, 90712",3700 SOUTH ST,LAKEWOOD,CA,90712,,,
050100,32.800199362747,-117.155278292508,https://geocoding.geo.census.gov/,"7901 FROST ST, SAN DIEGO, CA, 92123",7901 FROST ST,SAN DIEGO,CA,92123,,,
050342,32.95989104528,-115.553026496841,https://geocoding.geo.census.gov/,"207 W LEGION RD, BRAWLEY, CA, 92227",207 WEST LEGION ROAD,BRAWLEY,CA,92227,,,
014012,33.207466340391,-87.534785674621,https://geocoding.geo.census.gov/,"201 UNIVERSITY BLVD E, TUSCALOOSA, AL, 35401",201 UNIVERSITY BLVD,TUSCALOOSA,AL,35401,,,
050101,38.131130937284,-122.239149445798,https://geocoding.geo.census.gov/,"300 HOSPITAL DR, VALLEJO, CA, 94589",300 HOSPITAL DR,VALLEJO,CA,94589,,,
014006,34.093132949991,-85.993573632983,https://geocoding.geo.census.gov/,"3201 SCENIC HWY, GADSDEN, AL, 35904",3201 SCENIC HIGHWAY,GADSDEN,AL,35902,,,
050335,37.977541990716,-120.37003633979,https://geocoding.geo.census.gov/,"1000 GREENLEY RD, SONORA, CA, 95370",1000 GREENLEY ROAD,SONORA,CA,95370,,,
050334,36.660137223498,-121.647160698038,https://geocoding.geo.census.gov/,"450 E ROMIE LN, SALINAS, CA, 93901",450 EAST ROMIE LANE,SALINAS,CA,93901,,,
050570,33.712337485446,-117.93710390286,https://geocoding.geo.census.gov/,"17100 EUCLID ST, FOUNTAIN VALLEY, CA, 92708",17100 EUCLID STREET,FOUNTAIN VALLEY,CA,92708,,,
060131,40.390026192625,-104.789292907871,https://geocoding.geo.census.gov/,"6767 W 29TH ST, GREELEY, CO, 80634",6767 29TH ST,GREELEY,CO,80634,,,
060132,39.553360815071,-105.005710663926,https://geocoding.geo.census.gov/,"1500 PARK CENTRAL ST, HIGHLANDS RANCH, CO, 80129",1500 PARK CENTRAL DR,HIGHLANDS RANCH,CO,80129,,,
050324,32.885059344038,-117.222678431897,https://geocoding.geo.census.gov/,"9888 GENESEE AVE, LA JOLLA, CA, 92037",9888 GENESEE AVENUE,LA JOLLA,CA,92037,,,
050567,33.56276566196,-117.667677266394,https://geocoding.geo.census.gov/,"27700 MEDICAL CENTER RD, MISSION VIEJO, CA, 92691",27700 MEDICAL CENTER RD,MISSION VIEJO,CA,92691,,,
050329,33.873285273473,-117.566715715979,https://geocoding.geo.census.gov/,"800 S MAIN ST, CORONA, CA, 92882",800 SOUTH MAIN STREET,CORONA,CA,92882,,,
050327,34.049920898083,-117.261200910437,https://geocoding.geo.census.gov/,"11234 ANDERSON ST, LOMA LINDA, CA, 92354",11234 ANDERSON ST,LOMA LINDA,CA,92354,,,
050320,37.799544293179,-122.233171568533,https://geocoding.geo.census.gov/,"1411 E 31ST ST, OAKLAND, CA, 94602",1411 EAST 31ST STREET,OAKLAND,CA,94602,,,
050561,34.037832066859,-118.375493042701,https://geocoding.geo.census.gov/,"6041 CADILLAC AVE, LOS ANGELES, CA, 90034",6041 CADILLAC AVE,LOS ANGELES,CA,90034,,,
040779,36.290622144843,-90.996416307588,https://geocoding.geo.census.gov/,"2801 MEDICAL CENTER DR, POCAHONTAS, AR, 72455",2801 MEDICAL CENTER DRIVE,POCAHONTAS,AR,72455,,,
060124,39.71794630983,-105.128333641323,https://geocoding.geo.census.gov/,"11650 W 2ND PL, LAKEWOOD, CO, 80228",11650 W 2ND PL,LAKEWOOD,CO,80228,,,
060125,39.402074994533,-104.884679580714,https://geocoding.geo.census.gov/,"2350 MEADOWS BLVD, CASTLE ROCK, CO, 80109",2350 MEADOWS BLVD,CASTLE ROCK,CO,80109,,,
060128,40.15241996767,-105.12091851222,https://geocoding.geo.census.gov/,"1750 KEN PRATT BLVD, LONGMONT, CO, 80501",1750 E KEN PRATT BLVD,LONGMONT,CO,80504,,,
060129,39.909012906039,-105.093031339413,https://geocoding.geo.census.gov/,"11820 DESTINATION DR, BROOMFIELD, CO, 80021",11820 DESTINATION DR,BROOMFIELD,CO,80021,,,
180013,36.996376908345,-86.430024315062,https://geocoding.geo.census.gov/,"250 PARK ST, BOWLING GREEN, KY, 42101",250 PARK STREET,BOWLING GREEN,KY,42101,,,
180017,37.011415559661,-85.903877753095,https://geocoding.geo.census.gov/,"1301 N RACE ST, GLASGOW, KY, 42141",1301 NORTH RACE STREET,GLASGOW,KY,42141,,,
110146,30.781222710148,-81.616221540518,https://geocoding.geo.census.gov/,"2000 DAN PROCTOR DR, SAINT MARYS, GA, 31558",2000 DAN PROCTOR DRIVE,SAINT MARYS,GA,31558,,,
180016,38.21034903532,-85.236005665991,https://geocoding.geo.census.gov/,"727 HOSPITAL DR, SHELBYVILLE, KY, 40065",727 HOSPITAL DRIVE,SHELBYVILLE,KY,40065,,,
110143,33.858241120512,-84.600562034916,https://geocoding.geo.census.gov/,"3950 AUSTELL RD, AUSTELL, GA, 30106",3950 AUSTELL RD,AUSTELL,GA,30106,,,
180019,38.64077798042,-83.807884797026,https://geocoding.geo.census.gov/,"989 MEDICAL PARK DR, MAYSVILLE, KY, 41056",989 MEDICAL PARK DRIVE,MAYSVILLE,KY,41056,,,
180018,38.181181358074,-83.44206342135,https://geocoding.geo.census.gov/,"222 MEDICAL CIR, MOREHEAD, KY, 40351",222 MEDICAL CIRCLE,MOREHEAD,KY,40351,,,
170208,38.831651182154,-94.67920726456,https://geocoding.geo.census.gov/,"7820 W 165TH ST, OVERLAND PARK, KS, 66223",7820 W 165TH STREET,OVERLAND PARK,KS,66223,,,
180010,38.03131608769,-84.521902676836,https://geocoding.geo.census.gov/,"1 ST JOSEPH DR, LEXINGTON, KY, 40504",ONE SAINT JOSEPH DRIVE,LEXINGTON,KY,40504,,,
170200,37.724727188724,-97.512441828541,https://geocoding.geo.census.gov/,"14800 W SAINT TERESA ST, WICHITA, KS, 67235",14800 WEST TERESA ST,WICHITA,KS,67235,,,
170204,37.582631433602,-97.244464928881,https://geocoding.geo.census.gov/,"3251 S ROCK RD, DERBY, KS, 67037",3251 NORTH ROCK ROAD,DERBY,KS,67037,,,
110150,33.0884468409,-83.245092533743,https://geocoding.geo.census.gov/,"821 N COBB ST, MILLEDGEVILLE, GA, 31061",821 NORTH COBB STREET,MILLEDGEVILLE,GA,31061,,,
180024,37.570683925851,-85.261013258567,https://geocoding.geo.census.gov/,"320 LORETTO RD, LEBANON, KY, 40033",320 LORETTO ROAD,LEBANON,KY,40033,,,
180025,37.863093741518,-85.522787262885,https://geocoding.geo.census.gov/,"4305 NEW SHEPHERDSVILLE RD, BARDSTOWN, KY, 40004",4305 NEW SHEPHERDSVILLE ROAD,BARDSTOWN,KY,40004,,,
100350,28.369304254374,-81.286194838776,https://geocoding.geo.census.gov/,"6700 LAKE NONA BLVD, ORLANDO, FL, 32827",6700 LAKE NONA BLVD,ORLANDO,FL,32827,,,
180027,36.608592219506,-88.30865210243,https://geocoding.geo.census.gov/,"803 POPLAR ST, MURRAY, KY, 42071",803 POPLAR STREET,MURRAY,KY,42071,,,
110132,30.903842372253,-84.553625802602,https://geocoding.geo.census.gov/,"1500 E SHOTWELL ST, BAINBRIDGE, GA, 39819",1500 E SHOTWELL STREET,BAINBRIDGE,GA,39819,,,
180029,37.277759118048,-83.227525837383,https://geocoding.geo.census.gov/,"100 MEDICAL CENTER DR, HAZARD, KY, 41701",100 MEDICAL CENTER DRIVE,HAZARD,KY,41701,,,
180020,36.605455620402,-83.738093769072,https://geocoding.geo.census.gov/,"3600 W CUMBERLAND AVE, MIDDLESBORO, KY, 40965",3600 WEST CUMBERLAND AVENUE,MIDDLESBORO,KY,40965,,,
110142,32.164191013677,-81.900460841116,https://geocoding.geo.census.gov/,"200 N RIVER ST, CLAXTON, GA, 30417",200 N RIVER STREET,CLAXTON,GA,30417,,,
181321,36.820196683101,-84.868168340959,https://geocoding.geo.census.gov/,"166 HOSPITAL ST, MONTICELLO, KY, 42633",166 HOSPITAL STREET,MONTICELLO,KY,42633,,,
110125,32.540364285054,-82.957341138928,https://geocoding.geo.census.gov/,"200 INDUSTRIAL BLVD, DUBLIN, GA, 31021",200 INDUSTRIAL BOULEVARD,DUBLIN,GA,31021,,,
181324,36.760933378234,-86.21637894029,https://geocoding.geo.census.gov/,"456 BURNLEY RD, SCOTTSVILLE, KY, 42164",456 BURNLEY ROAD,SCOTTSVILLE,KY,42164,,,
181323,37.44772981869,-86.897094950677,https://geocoding.geo.census.gov/,"1211 OLD MAIN ST, HARTFORD, KY, 42347",1211 OLD MAIN STREET,HARTFORD,KY,42347,,,
110124,31.618317660214,-81.872845838502,https://geocoding.geo.census.gov/,"865 N 1ST ST, JESUP, GA, 31545",865 SOUTH FIRST STREET,JESUP,GA,31545,,,
181325,37.267715651404,-85.491901594808,https://geocoding.geo.census.gov/,"290 INDUSTRIAL PARK RD, GREENSBURG, KY, 42743",290 INDUSTRIAL PARK ROAD,GREENSBURG,KY,42743,,,
110121,30.863280147649,-84.200096837447,https://geocoding.geo.census.gov/,"1155 5TH ST SE, CAIRO, GA, 39828","1155 5TH STREET, SE",CAIRO,GA,39828,,,
181328,36.852212767013,-83.870438745401,https://geocoding.geo.census.gov/,"80 HOSPITAL DR, BARBOURVILLE, KY, 40906",80 HOSPITAL DRIVE,BARBOURVILLE,KY,40906,,,
110122,30.861667377917,-83.288814098006,https://geocoding.geo.census.gov/,"2501 N PATTERSON ST, VALDOSTA, GA, 31602","2501 NORTH PATTERSON STREET, PO BOX 1727",VALDOSTA,GA,31602,,,
181327,36.865572867632,-88.364909115215,https://geocoding.geo.census.gov/,"615 OLD SYMSONIA RD, BENTON, KY, 42025",615 OLD SYMSONIA ROAD,BENTON,KY,42025,,,
171319,39.480565386088,-95.756034471342,https://geocoding.geo.census.gov/,"1110 COLUMBINE DR, HOLTON, KS, 66436",1110 COLUMBINE DRIVE,HOLTON,KS,66436,,,
110129,32.506934901336,-84.962092500291,https://geocoding.geo.census.gov/,"2122 COLUMBUS MANCHESTER EXPY, COLUMBUS, GA, 31904",2122 MANCHESTER EXPRESSWAY,COLUMBUS,GA,31995,,,
181320,37.263177155701,-88.229373385779,https://geocoding.geo.census.gov/,"131 HOSPITAL DR, SALEM, KY, 42078",131 HOSPITAL DRIVE,SALEM,KY,42078,,,
171314,39.325286193941,-95.270075434462,https://geocoding.geo.census.gov/,"408 DELAWARE ST, WINCHESTER, KS, 66097",408 DELAWARE STREET,WINCHESTER,KS,66097,,,
171313,37.946030594612,-101.252014367201,https://geocoding.geo.census.gov/,"500 E THORPE ST, LAKIN, KS, 67860",500 EAST THORPE STREET,LAKIN,KS,67860,,,
100319,28.193746743317,-82.353377327666,https://geocoding.geo.census.gov/,"2600 BRUCE B DOWNS BLVD, WESLEY CHAPEL, FL, 33544",2600 BRUCE B DOWNS BLVD,WESLEY CHAPEL,FL,33544,,,
171312,37.268881960057,-99.332143635988,https://geocoding.geo.census.gov/,"202 S FRISCO AVE, COLDWATER, KS, 67029",202 S FRISCO STREET,COLDWATER,KS,67029,,,
171311,39.244923406098,-99.298175445088,https://geocoding.geo.census.gov/,"1210 N WASHINGTON ST, PLAINVILLE, KS, 67663",1210 NORTH WASHINGTON,PLAINVILLE,KS,67663,,,
171318,37.133043848639,-96.190284515885,https://geocoding.geo.census.gov/,"300 NORTH ST, SEDAN, KS, 67361",300 W NORTH STREET,SEDAN,KS,67361,,,
171317,37.920746209447,-99.419833251216,https://geocoding.geo.census.gov/,"620 W 8TH ST, KINSLEY, KS, 67547",620 WEST EIGHTH STREET,KINSLEY,KS,67547,,,
171316,38.280234751223,-95.249328868255,https://geocoding.geo.census.gov/,"421 S MAPLE ST, GARNETT, KS, 66032",421 S MAPLE,GARNETT,KS,66032,,,
171315,39.837500199781,-96.077325159717,https://geocoding.geo.census.gov/,"1600 COMMUNITY DR, SENECA, KS, 66538",1600 COMMUNITY DR,SENECA,KS,66538,,,
181329,37.573618488572,-84.287365602318,https://geocoding.geo.census.gov/,"305 ESTILL ST, BEREA, KY, 40403",305 ESTILL STREET,BEREA,KY,40403,,,
100313,29.776600198673,-85.290661885616,https://geocoding.geo.census.gov/,"3801 US HWY 98, PORT SAINT JOE, FL, 32456",3801 E HWY 98,PORT SAINT JOE,FL,32456,,,
171310,39.77110383372,-101.802379932042,https://geocoding.geo.census.gov/,"210 W 1ST ST, SAINT FRANCIS, KS, 67756",210 WEST 1ST STREET,ST FRANCIS,KS,67756,,,
100314,25.677606889665,-80.45732613522,https://geocoding.geo.census.gov/,"9555 SW 162ND AVE, MIAMI, FL, 33196",9555 SW 162 AVE,MIAMI,FL,33196,,,
100316,27.998440874802,-80.611654791267,https://geocoding.geo.census.gov/,"1425 MALABAR RD NE, PALM BAY, FL, 32907","1425 MALABAR RD, NE",PALM BAY,FL,32907,,,
180002,37.113550679267,-82.813113032374,https://geocoding.geo.census.gov/,"240 HOSPITAL RD, WHITESBURG, KY, 41858",240 HOSPITAL ROAD,WHITESBURG,KY,41858,,,
181333,36.697756071871,-85.143947916426,https://geocoding.geo.census.gov/,"723 BURKESVILLE RD, ALBANY, KY, 42602",723 BURKESVILLE ROAD,ALBANY,KY,42602,,,
180001,39.07859689343,-84.465222138958,https://geocoding.geo.census.gov/,"85 N GRAND AVE, FORT THOMAS, KY, 41075",85 NORTH GRAND AVENUE,FORT THOMAS,KY,41075,,,
180004,37.19699134515,-87.188774769631,https://geocoding.geo.census.gov/,"440 HOPKINSVILLE ST, GREENVILLE, KY, 42345",440 HOPKINSVILLE STREET,GREENVILLE,KY,42345,,,
110113,33.084089464034,-82.012110991886,https://geocoding.geo.census.gov/,"351 LIBERTY ST, WAYNESBORO, GA, 30830",351 SOUTH LIBERTY STREET,WAYNESBORO,GA,30830,,,
180005,37.729697386871,-82.768429119923,https://geocoding.geo.census.gov/,"5000 STATE HWY 321, PRESTONSBURG, KY, 41653",5000 KENTUCKY ROUTE 321,PRESTONSBURG,KY,41653,,,
110111,33.523982993096,-82.504614220502,https://geocoding.geo.census.gov/,"2460 WASHINGTON RD, THOMSON, GA, 30824",2460 WASHINGTON ROAD,THOMSON,GA,30824,,,
171309,39.78807337085,-98.201195887961,https://geocoding.geo.census.gov/,"100 CRESTVUE AVE, MANKATO, KS, 66956",100 CRESTVUE AVE,MANKATO,KS,66956,,,
171308,37.172094850562,-94.843709804629,https://geocoding.geo.census.gov/,"220 N PENNSYLVANIA AVE, COLUMBUS, KS, 66725",220 N PENNSYLVANIA AVENUE,COLUMBUS,KS,66725,,,
181330,37.057436015452,-85.06696344302,https://geocoding.geo.census.gov/,"153 DOWELL RD, RUSSELL SPRINGS, KY, 42642",153 DOWELL ROAD,RUSSELL SPRINGS,KY,42642,,,
171303,38.480001244064,-100.469044197574,https://geocoding.geo.census.gov/,"235 W VINE ST, DIGHTON, KS, 67839",235 WEST VINE  PO BOX 969,DIGHTON,KS,67839,,,
100329,28.656249434924,-81.231033662661,https://geocoding.geo.census.gov/,"8300 RED BUG LAKE RD, OVIEDO, FL, 32765",8300 RED BUG LAKE RD,OVIEDO,FL,32765,,,
171301,38.359984816404,-98.581094214325,https://geocoding.geo.census.gov/,"605 N MAIN ST, ELLINWOOD, KS, 67526",605 N MAIN STREET,ELLINWOOD,KS,67526,,,
171300,38.636641890792,-99.931430914088,https://geocoding.geo.census.gov/,"210 VERMONT AVE, RANSOM, KS, 67572",210 SOUTH VERMONT AVENUE,RANSOM,KS,67572,,,
171307,39.813312928311,-101.038424996475,https://geocoding.geo.census.gov/,"707 GRANT ST, ATWOOD, KS, 67730",707 GRANT ST,ATWOOD,KS,67730,,,
171306,38.476132999484,-101.355502939872,https://geocoding.geo.census.gov/,"211 EARL ST, LEOTI, KS, 67861",211 E EARL STREET,LEOTI,KS,67861,,,
171304,37.190225026058,-99.778888739162,https://geocoding.geo.census.gov/,"625 KENTUCKY ST, ASHLAND, KS, 67831",625 SOUTH KENTUCKY STREET,ASHLAND,KS,67831,,,
180009,38.470397142811,-82.635887878774,https://geocoding.geo.census.gov/,"2201 LEXINGTON AVE, ASHLAND, KY, 41101",2201 LEXINGTON AVENUE,ASHLAND,KY,41101,,,
181302,37.75655116938,-84.848283439457,https://geocoding.geo.census.gov/,"464 LINDEN AVE, HARRODSBURG, KY, 40330",464 LINDEN AVENUE,HARRODSBURG,KY,40330,,,
181301,37.705934524829,-83.977823271206,https://geocoding.geo.census.gov/,"60 MERCY CT, IRVINE, KY, 40336",60 MERCY COURT,IRVINE,KY,40336,,,
181304,36.867078080599,-87.822032522808,https://geocoding.geo.census.gov/,"254 MAIN ST, CADIZ, KY, 42211",254 MAIN STREET,CADIZ,KY,42211,,,
181306,37.626696773534,-87.943715694362,https://geocoding.geo.census.gov/,"4604 US HWY 60 E, MORGANFIELD, KY, 42437",4604 US HIGHWAY 60 WEST,MORGANFIELD,KY,42437,,,
181305,37.578481403214,-82.750815312186,https://geocoding.geo.census.gov/,"11203 MAIN ST, MARTIN, KY, 41649",11203 MAIN STREET,MARTIN,KY,41649,,,
181308,38.054792840775,-84.724389010581,https://geocoding.geo.census.gov/,"360 AMSDEN AVE, VERSAILLES, KY, 40383",360 AMSDEN AVENUE,VERSAILLES,KY,40383,,,
181307,37.921844345828,-83.266283100191,https://geocoding.geo.census.gov/,"476 LIBERTY RD, WEST LIBERTY, KY, 41472",476 LIBERTY ROAD,WEST LIBERTY,KY,41472,,,
181309,37.317889344191,-84.931740708214,https://geocoding.geo.census.gov/,"187 WOLFORD AVE, LIBERTY, KY, 42539",187 WOLFORD AVENUE,LIBERTY,KY,42539,,,
110192,33.877585159311,-84.019728209664,https://geocoding.geo.census.gov/,"1700 MEDICAL WAY, SNELLVILLE, GA, 30078",1700 MEDICAL WAY,SNELLVILLE,GA,30078,,,
110190,32.294276662224,-84.029999587667,https://geocoding.geo.census.gov/,"509 SUMTER ST, MONTEZUMA, GA, 31063","509 SUMTER STREET, BOX 770",MONTEZUMA,GA,31063,,,
181311,38.648103187463,-84.577442865854,https://geocoding.geo.census.gov/,"238 BARNES RD, WILLIAMSTOWN, KY, 41097",238 BARNES ROAD,WILLIAMSTOWN,KY,41097,,,
181310,38.680399515822,-85.169303921563,https://geocoding.geo.census.gov/,"309 11TH ST, CARROLLTON, KY, 41008",309 ELEVENTH STREET,CARROLLTON,KY,41008,,,
181315,37.543518684548,-84.653546227582,https://geocoding.geo.census.gov/,"110 METKER TRL, STANFORD, KY, 40484",110 METKER TRAIL,STANFORD,KY,40484,,,
181314,37.160372574757,-85.923177704356,https://geocoding.geo.census.gov/,"1501 S DIXIE ST, HORSE CAVE, KY, 42749",1501 SOUTH DIXIE STREET,HORSE CAVE,KY,42749,,,
181317,36.790925972358,-85.409145263603,https://geocoding.geo.census.gov/,"299 OLD GLASGOW RD, BURKESVILLE, KY, 42717",299 GLASGOW ROAD,BURKESVILLE,KY,42717,,,
110177,33.482726286015,-82.092762001529,https://geocoding.geo.census.gov/,"3651 WHEELER RD, AUGUSTA, GA, 30909",3651 WHEELER ROAD,AUGUSTA,GA,30909,,,
181316,37.163848792769,-83.378427534882,https://geocoding.geo.census.gov/,"130 KATE IRELAND DR, HYDEN, KY, 41749",130 KATE IRELAND DRIVE,HYDEN,KY,41749,,,
181319,37.76680535701,-86.441606445946,https://geocoding.geo.census.gov/,"1011 US HWY 60 BUS, HARDINSBURG, KY, 40143",1011 OLD HIGHWAY 60,HARDINSBURG,KY,40143,,,
110184,33.739475523208,-84.73294377139,https://geocoding.geo.census.gov/,"8954 HOSPITAL DR, DOUGLASVILLE, GA, 30134",8954 HOSPITAL DRIVE,DOUGLASVILLE,GA,30134,,,
100360,26.077944071375,-80.251519419186,https://geocoding.geo.census.gov/,"3476 S UNIVERSITY DR, DAVIE, FL, 33328",3476 S UNIVERSITY DR.,DAVIE,FL,33328,,,
110168,34.27814541229,-85.193327971292,https://geocoding.geo.census.gov/,"501 REDMOND RD, ROME, GA, 30165",501 REDMOND ROAD NW,ROME,GA,30165,,,
100362,28.221465097309,-82.353293060002,https://geocoding.geo.census.gov/,"4501 BRUCE B DOWNS BLVD, WESLEY CHAPEL, FL, 33544",4501 BRUCE B DOWNS BLVD,WESLEY CHAPEL,FL,33544,,,
110165,33.576879217426,-84.39288040889,https://geocoding.geo.census.gov/,"11 UPPER RIVERDALE RD SW, RIVERDALE, GA, 30274","11 UPPER RIVERDALE ROAD, SW",RIVERDALE,GA,30274,,,
100363,29.551562889528,-81.243620682512,https://geocoding.geo.census.gov/,"1 ADVENTHEALTH WAY, PALM COAST, FL, 32137",1 ADVENTHEALTH WAY,PALM COAST,FL,32137,,,
100359,27.137412276176,-82.420098117921,https://geocoding.geo.census.gov/,"2600 LAUREL RD E, NORTH VENICE, FL, 34275",2600 LAUREL ROAD EAST,NORTH VENICE,FL,34275,,,
100364,27.861694272901,-82.32659624579,https://geocoding.geo.census.gov/,"9330 US HWY 301, RIVERVIEW, FL, 33578",9330 US HWY 301 S,RIVERVIEW,FL,33578,,,
100365,30.65881849434,-86.119150601071,https://geocoding.geo.census.gov/,"4413 US HWY 331 S, DEFUNIAK SPRINGS, FL, 32435",4413 US HWY 331 S,DEFUNIAK SPRINGS,FL,32435,,,
110164,32.845932988324,-83.618021378914,https://geocoding.geo.census.gov/,"350 HOSPITAL DR, MACON, GA, 31217",350 HOSPITAL DRIVE,MACON,GA,31217,,,
110161,33.907934587871,-84.354916520963,https://geocoding.geo.census.gov/,"1000 JOHNSON FERRY RD, ATLANTA, GA, 30342","1000 JOHNSON FERRY ROAD, NE",ATLANTA,GA,30342,,,
161339,42.724158341526,-92.481856936241,https://geocoding.geo.census.gov/,"312 9TH ST SW, WAVERLY, IA, 50677",312  9TH STREET SW,WAVERLY,IA,50677,,,
161338,42.675772548528,-91.902535436503,https://geocoding.geo.census.gov/,"201 8TH AVE SE, OELWEIN, IA, 50662",201 EIGHTH AVENUE SE,OELWEIN,IA,50662,,,
161335,42.468532399226,-91.912736852078,https://geocoding.geo.census.gov/,"1600 1ST ST W, INDEPENDENCE, IA, 50644",1600 FIRST ST EAST,INDEPENDENCE,IA,50644,,,
161334,42.733378304628,-94.23032560299,https://geocoding.geo.census.gov/,"1000 15TH ST N, HUMBOLDT, IA, 50548",1000 NORTH 15TH STREET,HUMBOLDT,IA,50548,,,
161337,40.735791244357,-91.95878670835,https://geocoding.geo.census.gov/,"304 FRANKLIN ST, KEOSAUQUA, IA, 52565",304 FRANKLIN STREET,KEOSAUQUA,IA,52565,,,
161336,43.202183183558,-96.285013859014,https://geocoding.geo.census.gov/,"1202 21ST AVE, ROCK VALLEY, IA, 51247",1202 21ST AVENUE,ROCK VALLEY,IA,51247,,,
161331,43.062113343368,-92.320486053236,https://geocoding.geo.census.gov/,"308 N MAPLE AVE, NEW HAMPTON, IA, 50659",308 NORTH MAPLE AVENUE,NEW HAMPTON,IA,50659,,,
180093,37.339516156045,-87.492033751841,https://geocoding.geo.census.gov/,"900 HOSPITAL DR, MADISONVILLE, KY, 42431",900 HOSPITAL DRIVE,MADISONVILLE,KY,42431,,,
161330,41.714055605682,-94.937124334505,https://geocoding.geo.census.gov/,"515 PACIFIC AVE, AUDUBON, IA, 50025",515 PACIFIC AVENUE,AUDUBON,IA,50025,,,
161333,42.004427255299,-93.434844888661,https://geocoding.geo.census.gov/,"640 S 19TH ST, NEVADA, IA, 50201",640 SOUTH 19TH STREET,NEVADA,IA,50201,,,
161332,41.906602463716,-95.074953405136,https://geocoding.geo.census.gov/,"1550 W 6TH ST, MANNING, IA, 51455",1550 SIXTH STREET,MANNING,IA,51455,,,
170049,38.854565617739,-94.822437119584,https://geocoding.geo.census.gov/,"20333 W 151ST ST, OLATHE, KS, 66061",20333 WEST 151ST STREET,OLATHE,KS,66061,,,
171379,38.665217680513,-96.500095830835,https://geocoding.geo.census.gov/,"600 N WASHINGTON ST, COUNCIL GROVE, KS, 66846",600 N WASHINGTON ST,COUNCIL GROVE,KS,66846,,,
171378,37.646768455156,-98.123205889301,https://geocoding.geo.census.gov/,"750 W D AVE, KINGMAN, KS, 67068",750 W AVE D,KINGMAN,KS,67068,,,
171377,39.785221650273,-98.771822158249,https://geocoding.geo.census.gov/,"921 US HWY 36, SMITH CENTER, KS, 66967",921 E. HIGHWAY 36,SMITH CENTER,KS,66967,,,
171372,38.466152123483,-100.906458308704,https://geocoding.geo.census.gov/,"201 ALBERT AVE, SCOTT CITY, KS, 67871",201 ALBERT AVENUE,SCOTT CITY,KS,67871,,,
170040,39.057287403611,-94.608405925634,https://geocoding.geo.census.gov/,"4000 CAMBRIDGE ST, KANSAS CITY, KS, 66160",4000 CAMBRIDGE STREET,KANSAS CITY,KS,66160,,,
171371,39.391746007132,-97.124146471298,https://geocoding.geo.census.gov/,"617 LIBERTY ST, CLAY CENTER, KS, 67432",617 LIBERTY,CLAY CENTER,KS,67432,,,
171370,39.357614085266,-101.713975574918,https://geocoding.geo.census.gov/,"220 W 2ND ST, GOODLAND, KS, 67735",220 WEST SECOND STREET,GOODLAND,KS,67735,,,
171376,37.513872995504,-94.858354622336,https://geocoding.geo.census.gov/,"302 N HOSPITAL DR, GIRARD, KS, 66743",302 NORTH HOSPITAL DRIVE,GIRARD,KS,66743,,,
171375,39.466577693355,-98.114317957294,https://geocoding.geo.census.gov/,"400 W 8TH ST, BELOIT, KS, 67420","400 W 8TH STREET, P O BOX 399",BELOIT,KS,67420,,,
171374,37.533691107954,-95.814914921754,https://geocoding.geo.census.gov/,"1527 W MADISON ST, FREDONIA, KS, 66736",1527 MADISON,FREDONIA,KS,66736,,,
161328,43.381863091687,-92.118073190659,https://geocoding.geo.census.gov/,"235 8TH AVE W, CRESCO, IA, 52136",235 8TH AVENUE WEST,CRESCO,IA,52136,,,
161327,40.75846944089,-92.415095038333,https://geocoding.geo.census.gov/,"509 N MADISON ST, BLOOMFIELD, IA, 52537",509 NORTH MADISON STREET,BLOOMFIELD,IA,52537,,,
161329,42.073746890635,-90.673361910677,https://geocoding.geo.census.gov/,"700 W GROVE ST, MAQUOKETA, IA, 52060",700 W GROVE ST,MAQUOKETA,IA,52060,,,
161324,40.622416540194,-95.649492813494,https://geocoding.geo.census.gov/,"2959 US HWY 275, HAMBURG, IA, 51640",2959 US HIGHWAY 275,HAMBURG,IA,51640,,,
161323,43.289149888308,-92.809400336279,https://geocoding.geo.census.gov/,"616 N 8TH ST, OSAGE, IA, 50461",616 NORTH EIGHTH STREET,OSAGE,IA,50461,,,
161326,41.328737474672,-94.017036044782,https://geocoding.geo.census.gov/,"300 W HUTCHINGS ST, WINTERSET, IA, 50273",300 WEST HUTCHINGS STREET,WINTERSET,IA,50273,,,
161325,42.015309322462,-94.387187364039,https://geocoding.geo.census.gov/,"1000 W LINCOLNWAY ST, JEFFERSON, IA, 50129",1000 WEST LINCOLN WAY,JEFFERSON,IA,50129,,,
161320,42.847366509139,-92.109460780081,https://geocoding.geo.census.gov/,"909 W 1ST ST, SUMNER, IA, 50674",909 WEST FIRST STREET,SUMNER,IA,50674,,,
161322,41.833087158418,-94.094367302255,https://geocoding.geo.census.gov/,"610 10TH ST, PERRY, IA, 50220",610 TENTH STREET,PERRY,IA,50220,,,
171369,38.083575884295,-99.903170122656,https://geocoding.geo.census.gov/,"809 BRAMLEY ST, JETMORE, KS, 67854",809 BRAMLEY,JETMORE,KS,67854,,,
171368,37.441806190504,-100.013711768494,https://geocoding.geo.census.gov/,"212 S MAIN ST, MINNEOLA, KS, 67865",212 MAIN,MINNEOLA,KS,67865,,,
171367,39.067182370312,-100.239631595432,https://geocoding.geo.census.gov/,"520 W 5TH ST, QUINTER, KS, 67752",520 WEST 5TH STREET,QUINTER,KS,67752,,,
171361,39.81923814145,-97.637024935741,https://geocoding.geo.census.gov/,"2420 G ST, BELLEVILLE, KS, 66935",2420 G STREET,BELLEVILLE,KS,66935,,,
171360,39.045245064139,-98.144408095799,https://geocoding.geo.census.gov/,"624 N 2ND ST, LINCOLN, KS, 67455",624 N SECOND,LINCOLN,KS,67455,,,
173300,38.929459759883,-94.652544146259,https://geocoding.geo.census.gov/,"5808 W 110TH ST, OVERLAND PARK, KS, 66211",5808 W 110TH STREET,OVERLAND PARK,KS,66211,,,
171365,39.891435013396,-96.874900397344,https://geocoding.geo.census.gov/,"205 S HANOVER ST, HANOVER, KS, 66945",205 S HANOVER STREET,HANOVER,KS,66945,,,
171364,39.450079124209,-98.697293175388,https://geocoding.geo.census.gov/,"237 W HARRISON ST, OSBORNE, KS, 67473",237 W HARRISON STREET SUITE 100,OSBORNE,KS,67473,,,
171362,39.379665401241,-101.045865003341,https://geocoding.geo.census.gov/,"100 E COLLEGE DR, COLBY, KS, 67701",100 E COLLEGE DRIVE,COLBY,KS,67701,,,
160029,41.663608592921,-91.528585379912,https://geocoding.geo.census.gov/,"500 E MARKET ST, IOWA CITY, IA, 52245",500 E MARKET STREET,IOWA CITY,IA,52245,,,
180079,38.384824685717,-84.276892573605,https://geocoding.geo.census.gov/,"1210 STATE HWY 36 E, CYNTHIANA, KY, 41031",1210 KY HWY 36 E,CYNTHIANA,KY,41031,,,
180078,37.814956953021,-82.812314488451,https://geocoding.geo.census.gov/,"625 JAMES S TRIMBLE BLVD, PAINTSVILLE, KY, 41240",625 JAMES S TRIMBLE BOULEVARD,PAINTSVILLE,KY,41240,,,
161357,43.11923829074,-94.690530263188,https://geocoding.geo.census.gov/,"3201 1ST ST, EMMETSBURG, IA, 50536",3201 1ST STREET,EMMETSBURG,IA,50536,,,
161356,40.963688058299,-91.557956834494,https://geocoding.geo.census.gov/,"407 S WHITE ST, MOUNT PLEASANT, IA, 52641",407 S WHITE ST,MOUNT PLEASANT,IA,52641,,,
161359,42.025911355489,-96.106840941985,https://geocoding.geo.census.gov/,"1600 DIAMOND ST, ONAWA, IA, 51040",1600 DIAMOND STREET,ONAWA,IA,51040,,,
160028,41.267486754597,-95.840568364398,https://geocoding.geo.census.gov/,"800 MERCY DR, COUNCIL BLUFFS, IA, 51503",800 MERCY DRIVE,COUNCIL BLUFFS,IA,51503,,,
161358,40.754677269552,-93.312255307591,https://geocoding.geo.census.gov/,"417 S EAST ST, CORYDON, IA, 50060",417 SOUTH EAST STREET,CORYDON,IA,50060,,,
180070,37.473303415893,-86.286767376534,https://geocoding.geo.census.gov/,"910 WALLACE AVE, LEITCHFIELD, KY, 42754",910 WALLACE AVENUE,LEITCHFIELD,KY,42754,,,
161355,41.311444959886,-93.109596482257,https://geocoding.geo.census.gov/,"1002 S LINCOLN ST, KNOXVILLE, IA, 50138",1002 SOUTH LINCOLN STREET,KNOXVILLE,IA,50138,,,
161354,42.339298377354,-95.459033501263,https://geocoding.geo.census.gov/,"701 E 2ND ST, IDA GROVE, IA, 51445",701 E 2ND ST,IDA GROVE,IA,51445,,,
161351,43.409519223179,-94.83417351399,https://geocoding.geo.census.gov/,"826 N 8TH ST, ESTHERVILLE, IA, 51334",826 NORTH 8TH STREET,ESTHERVILLE,IA,51334,,,
161350,42.267201776084,-94.747203617746,https://geocoding.geo.census.gov/,"1301 W MAIN ST, LAKE CITY, IA, 51449",1301 WEST MAIN STREET,LAKE CITY,IA,51449,,,
151309,39.526990486271,-87.111393340732,https://geocoding.geo.census.gov/,"1206 E NATIONAL AVE, BRAZIL, IN, 47834",1206 E NATIONAL AVE,BRAZIL,IN,47834,,,
151308,40.275930686086,-85.84357499103,https://geocoding.geo.census.gov/,"1331 S A ST, ELWOOD, IN, 46036",1331 S A ST,ELWOOD,IN,46036,,,
151307,40.29073457621,-87.296087510523,https://geocoding.geo.census.gov/,"412 N MONROE ST, WILLIAMSPORT, IN, 47993",412 N MONROE ST,WILLIAMSPORT,IN,47993,,,
151306,38.567534302841,-86.477033228123,https://geocoding.geo.census.gov/,"642 W HOSPITAL RD, PAOLI, IN, 47454",642 W HOSPITAL RD,PAOLI,IN,47454,,,
170068,37.054257815683,-100.925698655436,https://geocoding.geo.census.gov/,"315 W 15TH ST, LIBERAL, KS, 67901",315 WEST 15TH STREET,LIBERAL,KS,67901,,,
151305,41.057587217536,-86.604815210538,https://geocoding.geo.census.gov/,"616 E 13TH ST, WINAMAC, IN, 46996",616 E 13TH ST,WINAMAC,IN,46996,,,
151304,39.621344556836,-85.444689973753,https://geocoding.geo.census.gov/,"1300 N MAIN ST, RUSHVILLE, IN, 46173",1300 N MAIN ST,RUSHVILLE,IN,46173,,,
151303,39.011269808345,-85.641113061508,https://geocoding.geo.census.gov/,"301 HENRY ST, NORTH VERNON, IN, 47265",301 HENRY ST,NORTH VERNON,IN,47265,,,
180080,36.921978860879,-84.114009610144,https://geocoding.geo.census.gov/,"1 TRILLIUM WAY, CORBIN, KY, 40701",ONE TRILLIUM WAY,CORBIN,KY,40701,,,
151301,40.16819992175,-84.970706312812,https://geocoding.geo.census.gov/,"473 E GREENVILLE AVE, WINCHESTER, IN, 47394",473 E GREENVILLE AVE,WINCHESTER,IN,47394,,,
151300,41.457152932465,-86.158790646034,https://geocoding.geo.census.gov/,"1020 HIGH RD, BREMEN, IN, 46506",1020 HIGH RD,BREMEN,IN,46506,,,
18007F,38.028850936249,-84.50642073989,https://geocoding.geo.census.gov/,"1101 VETERANS DR, LEXINGTON, KY, 40502",1101 VETERANS DRIVE,LEXINGTON,KY,40502,,,
161349,42.172984394697,-92.013296689573,https://geocoding.geo.census.gov/,"502 N 9TH AVE, VINTON, IA, 52349",502 NORTH 9TH AVENUE,VINTON,IA,52349,,,
161346,43.069654801775,-96.159268227854,https://geocoding.geo.census.gov/,"1101 9TH ST SE, SIOUX CENTER, IA, 51250",1101 9TH STREET SE,SIOUX CENTER,IA,51250,,,
161345,43.398972932166,-95.746205320238,https://geocoding.geo.census.gov/,"600 9TH ST, SIBLEY, IA, 51249",600 9TH AVENUE NORTH,SIBLEY,IA,51249,,,
110198,34.062319836873,-84.320425123015,https://geocoding.geo.census.gov/,"3000 HOSPITAL BLVD, ROSWELL, GA, 30076",3000 HOSPITAL BOULEVARD,ROSWELL,GA,30076,,,
160016,42.491170645882,-94.190846769409,https://geocoding.geo.census.gov/,"802 KENYON RD, FORT DODGE, IA, 50501",802 KENYON RD,FORT DODGE,IA,50501,,,
161348,41.026632228685,-93.767604367841,https://geocoding.geo.census.gov/,"800 S FILLMORE ST, OSCEOLA, IA, 50213",800 S FILLMORE ST,OSCEOLA,IA,50213,,,
161347,43.052598371832,-92.682569909291,https://geocoding.geo.census.gov/,"800 11TH ST, CHARLES CITY, IA, 50616",800 11TH ST,CHARLES CITY,IA,50616,,,
161342,41.04480813942,-92.796087144935,https://geocoding.geo.census.gov/,"6580 165TH ST, ALBIA, IA, 52531",6580 165TH STREET,ALBIA,IA,52531,,,
161341,41.028661705657,-93.303333283753,https://geocoding.geo.census.gov/,"1200 N 7TH ST, CHARITON, IA, 50049",1200 NORTH 7TH STREET,CHARITON,IA,50049,,,
161344,41.288551586623,-91.688537018267,https://geocoding.geo.census.gov/,"400 E POLK ST, WASHINGTON, IA, 52353",400 EAST POLK STREET,WASHINGTON,IA,52353,,,
160013,41.433880867875,-91.052403216941,https://geocoding.geo.census.gov/,"1518 MULBERRY AVE, MUSCATINE, IA, 52761",1518 MULBERRY AVENUE,MUSCATINE,IA,52761,,,
161343,42.483952528326,-91.466017442775,https://geocoding.geo.census.gov/,"709 W MAIN ST, MANCHESTER, IA, 52057",709 W MAIN STREET,MANCHESTER,IA,52057,,,
17005F,39.027382485566,-95.724882524294,https://geocoding.geo.census.gov/,"2200 SW GAGE BLVD, TOPEKA, KS, 66622",2200 SW GAGE BOULEVARD,TOPEKA,KS,66622,,,
161340,40.750395376032,-93.747715327827,https://geocoding.geo.census.gov/,"1405 NW CHURCH ST, LEON, IA, 50144",1405 NW CHURCH STREET,LEON,IA,50144,,,
180088,38.2482138577,-85.751763397326,https://geocoding.geo.census.gov/,"200 E CHESTNUT ST, LOUISVILLE, KY, 40202",200 EAST CHESTNUT STREET,LOUISVILLE,KY,40202,,,
180087,37.365702799176,-85.33912892396,https://geocoding.geo.census.gov/,"1700 OLD LEBANON RD, CAMPBELLSVILLE, KY, 42718",1700 OLD LEBANON ROAD,CAMPBELLSVILLE,KY,42718,,,
151319,38.360327083028,-87.59021793204,https://geocoding.geo.census.gov/,"1808 SHERMAN DR, PRINCETON, IN, 47670",1808 SHERMAN DR,PRINCETON,IN,47670,1808 SHERMAN DR,2026-09-28,
151318,40.756374231137,-86.084085119102,https://geocoding.geo.census.gov/,"275 W 12TH ST, PERU, IN, 46970",275 W 12TH ST,PERU,IN,46970,,,
171388,37.583875059248,-101.358079559166,https://geocoding.geo.census.gov/,"415 N MAIN ST, ULYSSES, KS, 67880",415 N MAIN STREET,ULYSSES,KS,67880,,,
151316,40.269837379956,-86.510612654489,https://geocoding.geo.census.gov/,"1300 S JACKSON ST, FRANKFORT, IN, 46041",1300 S JACKSON ST,FRANKFORT,IN,46041,,,
151315,41.634840705569,-84.995593096228,https://geocoding.geo.census.gov/,"416 E MAUMEE ST, ANGOLA, IN, 46703",416 E MAUMEE ST,ANGOLA,IN,46703,,,
151314,38.610343670652,-86.107599517019,https://geocoding.geo.census.gov/,"911 N SHELBY ST, SALEM, IN, 47167",911 N SHELBY ST,SALEM,IN,47167,,,
151313,41.061766638842,-86.196814183141,https://geocoding.geo.census.gov/,"1400 E 9TH ST, ROCHESTER, IN, 46975",1400 E 9TH ST,ROCHESTER,IN,46975,,,
151312,40.744780801033,-86.775236575642,https://geocoding.geo.census.gov/,"720 S 6TH ST, MONTICELLO, IN, 47960",720 SOUTH SIXTH ST,MONTICELLO,IN,47960,,,
171383,37.244731793693,-96.982624974789,https://geocoding.geo.census.gov/,"1300 E 5TH AVE, WINFIELD, KS, 67156",1300 EAST FIFTH AVENUE,WINFIELD,KS,67156,,,
151311,40.272752944865,-86.041171798631,https://geocoding.geo.census.gov/,"1000 S MAIN ST, TIPTON, IN, 46072",1000 S MAIN ST,TIPTON,IN,46072,,,
151310,40.820009572002,-85.820920126406,https://geocoding.geo.census.gov/,"10 JOHN KISSINGER DR, WABASH, IN, 46992",10 JOHN KISSINGER DRIVE,WABASH,IN,46992,,,
171381,38.92494223403,-97.206207010724,https://geocoding.geo.census.gov/,"511 NE 10TH ST, ABILENE, KS, 67410",511 NE 10TH ST,ABILENE,KS,67410,,,
171380,37.675641256537,-95.470971521331,https://geocoding.geo.census.gov/,"629 S PLUMMER AVE, CHANUTE, KS, 66720",629 SOUTH PLUMMER AVE,CHANUTE,KS,66720,,,
171386,37.002677608555,-101.904802198653,https://geocoding.geo.census.gov/,"445 HILLTOP ST, ELKHART, KS, 67950",445 HILLTOP STREET,ELKHART,KS,67950,,,
171385,38.20096833447,-95.73846599082,https://geocoding.geo.census.gov/,"801 N 4TH ST, BURLINGTON, KS, 66839",801 NORTH 4TH STREET,BURLINGTON,KS,66839,,,
171384,38.412249352848,-96.195162686645,https://geocoding.geo.census.gov/,"1201 W 12TH AVE, EMPORIA, KS, 66801",1201 WEST 12TH AVENUE,EMPORIA,KS,66801,,,
180056,37.852839529633,-87.581945945188,https://geocoding.geo.census.gov/,"1305 N ELM ST, HENDERSON, KY, 42420",1305 N ELM ST,HENDERSON,KY,42420,,,
180051,36.86036568176,-87.49539472254,https://geocoding.geo.census.gov/,"320 W 18TH ST, HOPKINSVILLE, KY, 42240",320 WEST 18TH STREET,HOPKINSVILLE,KY,42241,,,
180050,36.810211731811,-83.312967469306,https://geocoding.geo.census.gov/,"81 BALLPARK RD, HARLAN, KY, 40831",81 BALL PARK ROAD,HARLAN,KY,40831,,,
171335,37.171643246207,-101.349691737388,https://geocoding.geo.census.gov/,"1006 S JACKSON ST, HUGOTON, KS, 67951",1006 SOUTH JACKSON STREET,HUGOTON,KS,67951,,,
171334,37.289190539542,-98.577559882805,https://geocoding.geo.census.gov/,"710 N WALNUT ST, MEDICINE LODGE, KS, 67104",710 N WALNUT STREET,MEDICINE LODGE,KS,67104,,,
171333,38.521604895198,-98.77804226848,https://geocoding.geo.census.gov/,"250 W 9TH ST, HOISINGTON, KS, 67544",250 W 9TH STREET,HOISINGTON,KS,67544,,,
170009,39.283862370659,-94.903723238581,https://geocoding.geo.census.gov/,"3500 S 4TH ST, LEAVENWORTH, KS, 66048",3500 SOUTH 4TH STREET,LEAVENWORTH,KS,66048,,,
171339,37.835383840696,-96.294160576404,https://geocoding.geo.census.gov/,"100 W 16TH ST, EUREKA, KS, 67045",100 W 16TH STREET,EUREKA,KS,67045,,,
171338,39.898766684904,-95.807207313154,https://geocoding.geo.census.gov/,"603 S 14TH ST, SABETHA, KS, 66534",603 S 14TH STREET,SABETHA,KS,66534,,,
171337,39.204404709901,-96.318764821706,https://geocoding.geo.census.gov/,"711 GENN DR, WAMEGO, KS, 66547",711 GENN DRIVE,WAMEGO,KS,66547,,,
171332,37.606098112129,-99.301146304507,https://geocoding.geo.census.gov/,"721 W KANSAS AVE, GREENSBURG, KS, 67054",721 WEST KANSAS AVE,GREENSBURG,KS,67054,,,
171330,38.341777615157,-98.216211526086,https://geocoding.geo.census.gov/,"619 S CLARK AVE, LYONS, KS, 67554",619 SOUTH CLARK AVENUE,LYONS,KS,67554,,,
180067,38.032834086361,-84.506722860754,https://geocoding.geo.census.gov/,"800 ROSE ST, LEXINGTON, KY, 40536",800 ROSE STREET,LEXINGTON,KY,40536,,,
180069,37.677137861806,-82.295608741105,https://geocoding.geo.census.gov/,"260 HOSPITAL DR, SOUTH WILLIAMSON, KY, 41503",260 HOSPITAL DRIVE,SOUTH WILLIAMSON,KY,41503,,,
180064,38.075709709515,-83.94826771284,https://geocoding.geo.census.gov/,"225 FALCON DR, MOUNT STERLING, KY, 40353",225 FALCON DRIVE,MOUNT STERLING,KY,40353,,,
171325,39.371850360697,-99.844640556439,https://geocoding.geo.census.gov/,"304 W PROUT ST, HILL CITY, KS, 67642",304 WEST PROUT STREET,HILL CITY,KS,67642,,,
171324,37.437378804858,-100.985715475409,https://geocoding.geo.census.gov/,"401 CHEYENNE AVE, SATANTA, KS, 67870",401 CHEYENNE STREET,SATANTA,KS,67870,401 CHEYENNE STREET,2026-09-28,
171323,37.956769951322,-98.596063255821,https://geocoding.geo.census.gov/,"502 S BUCKEYE ST, STAFFORD, KS, 67578",502 S BUCKEYE,STAFFORD,KS,67578,,,
171329,37.032429403099,-97.595169264562,https://geocoding.geo.census.gov/,"761 W 175TH ST S, CALDWELL, KS, 67022",761 W 175TH ST S,CALDWELL,KS,67022,,,
171328,39.128848366518,-97.704361353927,https://geocoding.geo.census.gov/,"215 E 8TH ST, MINNEAPOLIS, KS, 67467",215 E 8TH STREET,MINNEAPOLIS,KS,67467,,,
171327,38.743561986836,-98.218945344763,https://geocoding.geo.census.gov/,"1604 AYLWARD AVE, ELLSWORTH, KS, 67439",1604 AYLWARD AVENUE,ELLSWORTH,KS,67439,,,
171326,39.127296038372,-100.862346498215,https://geocoding.geo.census.gov/,"211 CHERRY AVE, OAKLEY, KS, 67748",211 CHERRY AVENUE,OAKLEY,KS,67748,,,
171321,37.285547424699,-100.334504418646,https://geocoding.geo.census.gov/,"510 CARTHAGE ST, MEADE, KS, 67864",510 EAST CARTHAGE,MEADE,KS,67864,,,
18006F,38.270775062188,-85.694074575349,https://geocoding.geo.census.gov/,"800 ZORN AVE, LOUISVILLE, KY, 40206",800 ZORN AVENUE,LOUISVILLE,KY,40206,,,
161317,41.801824942042,-92.072748581587,https://geocoding.geo.census.gov/,"300 W MAY ST, MARENGO, IA, 52301",300 W MAY ST,MARENGO,IA,52301,,,
180035,39.007976520598,-84.56477634927,https://geocoding.geo.census.gov/,"1 MEDICAL VILLAGE DR, EDGEWOOD, KY, 41017",1 MEDICAL VILLAGE DRIVE,EDGEWOOD,KY,41017,,,
161316,42.96773215206,-91.809165235703,https://geocoding.geo.census.gov/,"112 W JEFFERSON ST, WEST UNION, IA, 52175",112 JEFFERSON STREET,WEST UNION,IA,52175,,,
17002F,39.084492394806,-96.763840339178,https://geocoding.geo.census.gov/,"650 HUEBNER RD, FORT RILEY, KS, 66442",650 Huebner Rd,Fort Riley,KS,66442,,,
161319,42.85953573113,-91.414843536185,https://geocoding.geo.census.gov/,"901 DAVIDSON ST, ELKADER, IA, 52043",901 DAVIDSON STREET NW,ELKADER,IA,52043,,,
161318,43.268776232717,-91.474324446343,https://geocoding.geo.census.gov/,"40 1ST ST SE, WAUKON, IA, 52172",40 1ST STREET SE,WAUKON,IA,52172,,,
161313,41.826012404933,-90.546528754606,https://geocoding.geo.census.gov/,"1118 11TH ST, DE WITT, IA, 52742",1118 11TH STREET,DEWITT,IA,52742,,,
161312,42.78550146525,-91.099944494816,https://geocoding.geo.census.gov/,"200 MAIN ST, GUTTENBERG, IA, 52052",200 MAIN STREET,GUTTENBERG,IA,52052,,,
180038,37.773049179774,-87.065988207144,https://geocoding.geo.census.gov/,"1201 PLEASANT VALLEY RD, OWENSBORO, KY, 42303",1201 PLEASANT VALLEY ROAD,OWENSBORO,KY,42303,,,
161314,41.683298417101,-94.494314063504,https://geocoding.geo.census.gov/,"710 N 12TH ST, GUTHRIE CENTER, IA, 50115",710 NORTH 12TH STREET,GUTHRIE CENTER,IA,50115,,,
161311,42.998079385475,-96.480001788747,https://geocoding.geo.census.gov/,"1111 11TH ST, HAWARDEN, IA, 51023",1111 11TH STREET,HAWARDEN,IA,51023,,,
161310,41.303201326127,-94.452063986546,https://geocoding.geo.census.gov/,"609 SE KENT ST, GREENFIELD, IA, 50849",609 SE KENT,GREENFIELD,IA,50849,,,
170027,37.645760294736,-98.729298665536,https://geocoding.geo.census.gov/,"200 COMMODORE ST, PRATT, KS, 67124",200 COMMODORE ST,PRATT,KS,67124,,,
171358,38.573353454971,-97.683685027305,https://geocoding.geo.census.gov/,"605 W LINCOLN ST, LINDSBORG, KS, 67456",605 W LINCOLN STREET,LINDSBORG,KS,67456,,,
171357,38.362672645044,-97.187668621256,https://geocoding.geo.census.gov/,"101 INDUSTRIAL RD, HILLSBORO, KS, 67063",101 INDUSTRIAL ROAD,HILLSBORO,KS,67063,,,
171356,38.342902565166,-97.010097255499,https://geocoding.geo.census.gov/,"535 S FREEBORN ST, MARION, KS, 66861",535 SOUTH FREEBORN,MARION,KS,66861,,,
171355,39.026966858564,-99.871559168608,https://geocoding.geo.census.gov/,"320 N 13TH ST, WAKEENEY, KS, 67672",320 N THIRTEENTH ST,WAKEENEY,KS,67672,,,
171359,38.479269039404,-101.788713819275,https://geocoding.geo.census.gov/,"506 3RD ST, TRIBUNE, KS, 67879",506 3RD STREET,TRIBUNE,KS,67879,,,
171350,38.884066285512,-98.859911198149,https://geocoding.geo.census.gov/,"200 S MAIN ST, RUSSELL, KS, 67665",200 S MAIN STREET,RUSSELL,KS,67665,,,
170023,37.969015350807,-100.86907640036,https://geocoding.geo.census.gov/,"401 E SPRUCE ST, GARDEN CITY, KS, 67846",401 EAST SPRUCE,GARDEN CITY,KS,67846,,,
171354,39.49516943921,-96.173016000949,https://geocoding.geo.census.gov/,"120 W 8TH ST, ONAGA, KS, 66521",120 WEST 8TH STREET,ONAGA,KS,66521,,,
171353,39.755799405813,-99.313455993137,https://geocoding.geo.census.gov/,"1150 STATE ST, PHILLIPSBURG, KS, 67661",1150 STATE STREET,PHILLIPSBURG,KS,67661,,,
171352,39.816129790965,-100.537826503185,https://geocoding.geo.census.gov/,"810 W COLUMBIA ST, OBERLIN, KS, 67749",810 W  COLUMBIA STREET,OBERLIN,KS,67749,,,
170020,38.07942531635,-97.894541441115,https://geocoding.geo.census.gov/,"1701 E 23RD AVE, HUTCHINSON, KS, 67502",1701 E 23RD AVENUE,HUTCHINSON,KS,67502,,,
171351,39.817519711899,-97.046102144305,https://geocoding.geo.census.gov/,"304 E 3RD ST, WASHINGTON, KS, 66968",304 E 3RD STREET,WASHINGTON,KS,66968,,,
161306,42.10268391297,-91.263223694674,https://geocoding.geo.census.gov/,"1795 HWY 64 E, ANAMOSA, IA, 52205",1795 HIGHWAY 64 EAST,ANAMOSA,IA,52205,,,
180046,38.222398451301,-84.238281265556,https://geocoding.geo.census.gov/,"9 LINVILLE DR, PARIS, KY, 40361",9 LINVILLE DRIVE,PARIS,KY,40361,,,
161305,42.743780032441,-94.678776190961,https://geocoding.geo.census.gov/,"606 NW 7TH ST, POCAHONTAS, IA, 50574",606 N W 7TH STREET,POCAHONTAS,IA,50574,,,
180045,39.014423998881,-84.638123141808,https://geocoding.geo.census.gov/,"4900 HOUSTON RD, FLORENCE, KY, 41042",4900 HOUSTON ROAD,FLORENCE,KY,41042,,,
161308,42.740758149476,-93.18559310048,https://geocoding.geo.census.gov/,"1720 CENTRAL AVE E, HAMPTON, IA, 50441",1720 CENTRAL AVENUE EAST,HAMPTON,IA,50441,,,
180048,37.644091821333,-84.772689151137,https://geocoding.geo.census.gov/,"217 S 3RD ST, DANVILLE, KY, 40422",217 SOUTH THIRD STREET,DANVILLE,KY,40422,,,
161307,43.097883405666,-93.808177239582,https://geocoding.geo.census.gov/,"532 1ST ST NW, BRITT, IA, 50423",532 1ST ST NW,BRITT,IA,50423,,,
161302,42.721342926939,-93.732713160986,https://geocoding.geo.census.gov/,"1316 S MAIN ST, CLARION, IA, 50525",1316 SOUTH MAIN STREET,CLARION,IA,50525,,,
161301,42.845076902781,-93.612794296699,https://geocoding.geo.census.gov/,"403 1ST ST SE, BELMOND, IA, 50421",403 FIRST STREET SE,BELMOND,IA,50421,,,
180049,37.731205879199,-84.285823880169,https://geocoding.geo.census.gov/,"801 EASTERN BYP, RICHMOND, KY, 40475",801 EASTERN BYPASS,RICHMOND,KY,40475,,,
161304,40.988326669137,-94.748021703437,https://geocoding.geo.census.gov/,"603 ROSARY DR, CORNING, IA, 50841",603 ROSARY DRIVE,CORNING,IA,50841,,,
161303,42.358782527073,-92.762135028338,https://geocoding.geo.census.gov/,"201 E J AVE, GRUNDY CENTER, IA, 50638",201 EAST J AVENUE,GRUNDY CENTER,IA,50638,,,
180040,38.249042009815,-85.748975720574,https://geocoding.geo.census.gov/,"200 ABRAHAM FLEXNER WAY, LOUISVILLE, KY, 40202",200 ABRAHAM FLEXNER WAY,LOUISVILLE,KY,40202,,,
180043,37.161790154763,-83.761489927661,https://geocoding.geo.census.gov/,"210 MARIE LANGDON DR, MANCHESTER, KY, 40962",210 MARIE LANGDON DRIVE,MANCHESTER,KY,40962,,,
170016,39.056058370453,-95.696215368376,https://geocoding.geo.census.gov/,"1700 SW 7TH ST, TOPEKA, KS, 66606",1700 SW 7TH STREET,TOPEKA,KS,66606,,,
171347,39.354180465487,-100.432620830518,https://geocoding.geo.census.gov/,"826 18TH ST, HOXIE, KS, 67740",826  18TH STREET,HOXIE,KS,67740,,,
171346,37.223905103348,-98.039263621708,https://geocoding.geo.census.gov/,"485 STATE HWY 2, ANTHONY, KS, 67003",485 N. KS HWY 2,ANTHONY,KS,67003,,,
170014,38.597206745071,-95.26870392769,https://geocoding.geo.census.gov/,"1301 S MAIN ST, OTTAWA, KS, 66067",1301 S MAIN STREET,OTTAWA,KS,66067,,,
171345,38.184209478419,-99.106674084854,https://geocoding.geo.census.gov/,"923 CARROLL AVE, LARNED, KS, 67550",923 CARROLL AVENUE,LARNED,KS,67550,,,
170013,38.878465617446,-99.299160188603,https://geocoding.geo.census.gov/,"2220 CANTERBURY DR, HAYS, KS, 67601",2220 CANTERBURY DRIVE,HAYS,KS,67601,,,
171349,39.55249921049,-97.659317639317,https://geocoding.geo.census.gov/,"155 COLLEGE DR, CONCORDIA, KS, 66901",155 WEST COLLEGE DRIVE,CONCORDIA,KS,66901,,,
170017,37.817460408152,-96.858512812876,https://geocoding.geo.census.gov/,"720 W CENTRAL AVE, EL DORADO, KS, 67042",720 W CENTRAL ST,EL DORADO,KS,67042,,,
171348,39.838492020856,-99.888658111523,https://geocoding.geo.census.gov/,"102 E HOLME ST, NORTON, KS, 67654",102 E HOLME STREET,NORTON,KS,67654,,,
170012,38.834292908308,-97.609253849752,https://geocoding.geo.census.gov/,"400 S SANTA FE AVE, SALINA, KS, 67401",400 SOUTH SANTA FE AVENUE,SALINA,KS,67401,,,
171343,37.573535505515,-101.749463112739,https://geocoding.geo.census.gov/,"404 N CHESTNUT ST, JOHNSON, KS, 67855",404 N CHESTNUT,JOHNSON,KS,67855,,,
161309,41.563075626623,-95.885184725394,https://geocoding.geo.census.gov/,"631 N 8TH ST, MISSOURI VALLEY, IA, 51555",631 N 8TH ST,MISSOURI VALLEY,IA,51555,,,
171341,39.85189385421,-95.530508226795,https://geocoding.geo.census.gov/,"300 UTAH ST, HIAWATHA, KS, 66434",300 UTAH STREET,HIAWATHA,KS,66434,,,
150160,39.906761487712,-86.266338481124,https://geocoding.geo.census.gov/,"8400 NORTHWEST BLVD, INDIANAPOLIS, IN, 46278",8400 NORTHWEST BLVD,INDIANAPOLIS,IN,46278,,,
104026,26.198293502433,-80.132561038026,https://geocoding.geo.census.gov/,"5757 N DIXIE HWY, OAKLAND PARK, FL, 33334",5757 N DIXIE HWY,OAKLAND PARK,FL,33334,,,
104024,28.088930442718,-80.615986078024,https://geocoding.geo.census.gov/,"400 SHERIDAN RD, MELBOURNE, FL, 32901",400 E SHERIDAN RD,MELBOURNE,FL,32901,,,
140110,41.328807404242,-89.125143751145,https://geocoding.geo.census.gov/,"925 WEST ST, PERU, IL, 61354",925 WEST STREET,PERU,IL,61354,,,
140113,40.117439702348,-88.226137003479,https://geocoding.geo.census.gov/,"1400 W PARK ST, URBANA, IL, 61801",1400 WEST PARK AVENUE,URBANA,IL,61801,,,
150158,39.782608329502,-86.343594723332,https://geocoding.geo.census.gov/,"1111 RONALD REAGAN PKWY, AVON, IN, 46123",1111 N RONALD REAGAN PKWY,AVON,IN,46123,,,
104018,28.835955129096,-81.896457817597,https://geocoding.geo.census.gov/,"2020 TALLY RD, LEESBURG, FL, 34748",2020 TALLY RD,LEESBURG,FL,34748,,,
140115,41.954576505973,-87.652317862936,https://geocoding.geo.census.gov/,"850 W IRVING PARK RD, CHICAGO, IL, 60613",850 W IRVING PARK RD,CHICAGO,IL,60613,,,
140116,42.318490132458,-88.276948292786,https://geocoding.geo.census.gov/,"4201 W MEDICAL CNTR DR, MCHENRY, IL, 60050",4201 MEDICAL CENTER DRIVE,MCHENRY,IL,60050,,,
150157,39.984387089881,-86.143386203851,https://geocoding.geo.census.gov/,"13500 N MERIDIAN ST, CARMEL, IN, 46032",13500 N MERIDIAN ST,CARMEL,IN,46032,,,
104016,30.291108249974,-81.59732932766,https://geocoding.geo.census.gov/,"6300 BEACH BLVD, JACKSONVILLE, FL, 32216",6300 BEACH BLVD,JACKSONVILLE,FL,32216,,,
140117,41.988608565011,-87.812918375383,https://geocoding.geo.census.gov/,"7435 W TALCOTT AVE, CHICAGO, IL, 60631",7435 W TALCOTT AVENUE,CHICAGO,IL,60631,,,
104017,27.87487522765,-82.709441599999,https://geocoding.geo.census.gov/,"11300 US HWY 19, CLEARWATER, FL, 33764",11300 US 19 N,CLEARWATER,FL,33764,,,
150150,41.178609176361,-85.109522848652,https://geocoding.geo.census.gov/,"2520 E DUPONT RD, FORT WAYNE, IN, 46825",2520 E DUPONT RD,FORT WAYNE,IN,46825,,,
140120,40.562267491778,-89.633094997078,https://geocoding.geo.census.gov/,"600 S 13TH ST, PEKIN, IL, 61554",600 SOUTH 13TH STREET,PEKIN,IL,61554,,,
140122,41.805348344381,-87.920159274462,https://geocoding.geo.census.gov/,"120 N OAK ST, HINSDALE, IL, 60521",120 NORTH OAK ST,HINSDALE,IL,60521,,,
140124,41.874022094909,-87.67409172231,https://geocoding.geo.census.gov/,"1901 W HARRISON ST, CHICAGO, IL, 60612",1901 W HARRISON ST,CHICAGO,IL,60612,,,
150169,39.899685285147,-86.041788350926,https://geocoding.geo.census.gov/,"7150 CLEARVISTA DR, INDIANAPOLIS, IN, 46256",7150 CLEARVISTA DR,INDIANAPOLIS,IN,46256,,,
140125,38.700899670053,-90.144830159768,https://geocoding.geo.census.gov/,"2100 MADISON AVE, GRANITE CITY, IL, 62040",2100 MADISON AVENUE,GRANITE CITY,IL,62040,,,
140127,40.496224961795,-88.991081044659,https://geocoding.geo.census.gov/,"1304 FRANKLIN AVE, NORMAL, IL, 61761",1304 FRANKLIN AVENUE,NORMAL,IL,61761,,,
150168,41.036783691007,-85.246906966631,https://geocoding.geo.census.gov/,"7952 W JEFFERSON BLVD, FORT WAYNE, IN, 46804",7952 W JEFFERSON BLVD,FT WAYNE,IN,46804,,,
150165,41.537326816284,-87.51233076013,https://geocoding.geo.census.gov/,"701 SUPERIOR AVE, MUNSTER, IN, 46321",701 SUPERIOR AVE,MUNSTER,IN,46321,,,
150161,39.957729228423,-86.158005127742,https://geocoding.geo.census.gov/,"11700 N MERIDIAN ST, CARMEL, IN, 46032",11700 N MERIDIAN ST,CARMEL,IN,46032,,,
150162,39.648341350349,-86.082583458961,https://geocoding.geo.census.gov/,"8111 EMERSON AVE, INDIANAPOLIS, IN, 46237",8111 S EMERSON AVE,INDIANAPOLIS,IN,46237,,,
104000,30.706538321943,-84.835740620248,https://geocoding.geo.census.gov/,"100 N MAIN ST, CHATTAHOOCHEE, FL, 32324",100 N MAIN ST,CHATTAHOOCHEE,FL,32324,,,
104001,26.000821911266,-80.24950022438,https://geocoding.geo.census.gov/,"800 CYPRESS DR, PEMBROKE PINES, FL, 33025",800 E CYPRESS DR,PEMBROKE PINES,FL,33025,,,
140130,42.257861150166,-87.864263869981,https://geocoding.geo.census.gov/,"1000 N WESTMORELAND RD, LAKE FOREST, IL, 60045",1000 N WESTMORELAND ROAD,LAKE FOREST,IL,60045,,,
140133,41.769982163815,-87.690797642974,https://geocoding.geo.census.gov/,"2701 W 68TH ST, CHICAGO, IL, 60629",2701 W 68TH STREET,CHICAGO,IL,60629,,,
140135,39.865870627426,-88.960813763565,https://geocoding.geo.census.gov/,"2300 N EDWARD ST, DECATUR, IL, 62526",2300 NORTH EDWARD STREET,DECATUR,IL,62526,,,
140137,38.90349290871,-89.408106731378,https://geocoding.geo.census.gov/,"200 HEALTH CARE DR, GREENVILLE, IL, 62246",200 HEALTH CARE DR,GREENVILLE,IL,62246,,,
150179,39.902625034831,-86.03903697992,https://geocoding.geo.census.gov/,"8102 CLEARVISTA PKWY, INDIANAPOLIS, IN, 46256",8102 CLEARVISTA PARKWAY,INDIANAPOLIS,IN,46256,,,
150177,41.701686059729,-86.177473622942,https://geocoding.geo.census.gov/,"4455 EDISON LAKES PKWY, MISHAWAKA, IN, 46545",4455 EDISON LAKES PKWY,MISHAWAKA,IN,46545,,,
150172,38.340619459663,-85.827103699277,https://geocoding.geo.census.gov/,"4023 REAS LN, NEW ALBANY, IN, 47150",4023 REAS LN,NEW ALBANY,IN,47150,,,
150193,39.947251257831,-86.16118071067,https://geocoding.geo.census.gov/,"10777 ILLINOIS ST, CARMEL, IN, 46032",10777 N ILLINOIS ST,CARMEL,IN,46032,,,
114037,33.782923226104,-83.719726911365,https://geocoding.geo.census.gov/,"709 BREEDLOVE DR, MONROE, GA, 30655",709 BREEDLOVE DRIVE,MONROE,GA,30655,,,
140150,41.869256441735,-87.67071055357,https://geocoding.geo.census.gov/,"1740 W TAYLOR ST, CHICAGO, IL, 60612",1740 WEST TAYLOR ST SUITE 1400,CHICAGO,IL,60612,,,
140145,38.625360248076,-89.526027004821,https://geocoding.geo.census.gov/,"9515 HOLY CROSS LN, BREESE, IL, 62230",9515 HOLY CROSS LN,BREESE,IL,62230,,,
104007,30.235745560334,-82.127956445282,https://geocoding.geo.census.gov/,"7487 HWY 121 S, MACCLENNY, FL, 32063",7487 S STATE RD 121,MACCLENNY,FL,32063,,,
140148,39.808625563755,-89.654723907761,https://geocoding.geo.census.gov/,"701 N 1ST ST, SPRINGFIELD, IL, 62781",701 N FIRST ST,SPRINGFIELD,IL,62702,,,
150183,39.121351576963,-86.573245106206,https://geocoding.geo.census.gov/,"4011 S MONROE MEDICAL PARK BLVD, BLOOMINGTON, IN, 47403",4011 S MONROE MEDICAL PARK BLVD,BLOOMINGTON,IN,47403,,,
104069,30.256787767022,-81.595854972097,https://geocoding.geo.census.gov/,"3947 SALISBURY RD, JACKSONVILLE, FL, 32216",3947 SALISBURY RD,JACKSONVILLE,FL,32216,,,
104067,28.567268941964,-81.430640419743,https://geocoding.geo.census.gov/,"1800 MERCY DR, ORLANDO, FL, 32808",1800 MERCY DR,ORLANDO,FL,32808,,,
150115,38.393789280987,-86.942156087307,https://geocoding.geo.census.gov/,"800 W 9TH ST, JASPER, IN, 47546",800 W 9TH ST,JASPER,IN,47546,,,
150112,39.215912385384,-85.896762867573,https://geocoding.geo.census.gov/,"2400 17TH ST, COLUMBUS, IN, 47201",2400 E 17TH ST,COLUMBUS,IN,47201,,,
150113,40.129150872781,-85.691658801386,https://geocoding.geo.census.gov/,"1515 N MADISON AVE, ANDERSON, IN, 46011",1515 N MADISON AVE,ANDERSON,IN,46011,,,
104076,28.581042127483,-81.191753707747,https://geocoding.geo.census.gov/,"2500 DISCOVERY DR, ORLANDO, FL, 32826",2500 DISCOVERY DRIVE,ORLANDO,FL,32826,,,
104074,26.510883723322,-81.909345031338,https://geocoding.geo.census.gov/,"9241 PARK ROYAL DR, FORT MYERS, FL, 33908",9241 PARK ROYAL DR,FORT MYERS,FL,33908,,,
104075,28.198753944096,-82.32965344908,https://geocoding.geo.census.gov/,"29910 STATE HWY 56, WESLEY CHAPEL, FL, 33543",29910 SR 56,WESLEY CHAPEL,FL,33543,,,
104078,27.459135257595,-82.612452635162,https://geocoding.geo.census.gov/,"4480 51ST ST W, BRADENTON, FL, 34210",4480 51ST ST W,BRADENTON,FL,34210,,,
104079,26.020938867629,-80.180805065814,https://geocoding.geo.census.gov/,"1201 N 37TH AVE, HOLLYWOOD, FL, 33021",1201 N 37TH AVE,HOLLYWOOD,FL,33021,,,
160153,42.495322283743,-96.40009918273,https://geocoding.geo.census.gov/,"801 5TH ST, SIOUX CITY, IA, 51101",801 5TH ST,SIOUX CITY,IA,51101,,,
104072,28.409189982856,-81.471556348779,https://geocoding.geo.census.gov/,"6601 CENTRAL FLORIDA PKWY, ORLANDO, FL, 32821",6601 CENTRAL FLORIDA PARKWAY,ORLANDO,FL,32821,,,
104073,30.183193138665,-85.659830292524,https://geocoding.geo.census.gov/,"1940 HARRISON AVE, PANAMA CITY, FL, 32405",1940 HARRISON AVE,PANAMA CITY,FL,32405,,,
104070,27.2987564785,-80.275466722436,https://geocoding.geo.census.gov/,"2550 SE WALTON RD, PORT SAINT LUCIE, FL, 34952",2550 SE WALTON RD,PORT SAINT LUCIE,FL,34952,,,
104071,29.161466134891,-82.153628647521,https://geocoding.geo.census.gov/,"3130 SW 27TH PL, OCALA, FL, 34471",3130 SW 27TH AVE,OCALA,FL,34471,,,
150128,39.635515202617,-86.13469831281,https://geocoding.geo.census.gov/,"1402 E COUNTY LINE RD, INDIANAPOLIS, IN, 46227",1402 E COUNTY LINE RD S,INDIANAPOLIS,IN,46227,,,
150125,41.550135336707,-87.507679807967,https://geocoding.geo.census.gov/,"901 MACARTHUR BLVD, MUNSTER, IN, 46321",901 MACARTHUR BLVD,MUNSTER,IN,46321,,,
150126,41.397350801955,-87.364495541895,https://geocoding.geo.census.gov/,"1201 S MAIN ST, CROWN POINT, IN, 46307",1201 S MAIN ST,CROWN POINT,IN,46307,,,
170194,38.927456283701,-94.643006039789,https://geocoding.geo.census.gov/,"4901 COLLEGE BLVD, LEAWOOD, KS, 66211",4901 COLLEGE BLVD,LEAWOOD,KS,66211,,,
170199,38.925327005971,-94.769455231874,https://geocoding.geo.census.gov/,"11217 LAKEVIEW AVE, LENEXA, KS, 66219",11217 LAKEVIEW AVENUE,LENEXA,KS,66219,,,
170198,38.079584768537,-97.889182376941,https://geocoding.geo.census.gov/,"1818 E 23RD AVE, HUTCHINSON, KS, 67502",1818 EAST 23RD AVENUE,HUTCHINSON,KS,67502,,,
170197,37.72329459457,-97.146564450114,https://geocoding.geo.census.gov/,"1124 W 21ST ST, ANDOVER, KS, 67002",1124 WEST 21ST STREET,ANDOVER,KS,67002,,,
170196,37.743631018618,-97.226398219931,https://geocoding.geo.census.gov/,"3333 N WEBB RD, WICHITA, KS, 67226",3333 NORTH WEBB ROAD,WICHITA,KS,67226,,,
104040,27.476853481062,-82.540151594212,https://geocoding.geo.census.gov/,"2020 26TH AVE E, BRADENTON, FL, 34208",2020 26TH AVE E,BRADENTON,FL,34208,,,
150133,41.246484931624,-85.827367663812,https://geocoding.geo.census.gov/,"2101 DUBOIS DR, WARSAW, IN, 46580",2101 E DUBOIS DR,WARSAW,IN,46580,,,
104059,30.487483151149,-84.238720322285,https://geocoding.geo.census.gov/,"2634B CAPITAL CIR NE, TALLAHASSEE, FL, 32308","2634B CAPITAL CIRCLE NE, 2ND FLR",TALLAHASSEE,FL,32308,,,
104057,28.530299947019,-82.483578559229,https://geocoding.geo.census.gov/,"7007 GROVE RD, BROOKSVILLE, FL, 34609",7007 GROVE RD,BROOKSVILLE,FL,34609,,,
14034F,42.308545597118,-87.862450099636,https://geocoding.geo.census.gov/,"3001 GREEN BAY RD, NORTH CHICAGO, IL, 60088",3001 GREENBAY ROAD,NORTH CHICAGO,IL,60064,,,
140100,42.449364462401,-87.826955170469,https://geocoding.geo.census.gov/,"2520 ELISHA AVE, ZION, IL, 60099",2520 ELISHA AVENUE,ZION,IL,60099,,,
150149,37.974421809115,-87.445968285762,https://geocoding.geo.census.gov/,"4199 GATEWAY BLVD, NEWBURGH, IN, 47630",4199 GATEWAY BLVD,NEWBURGH,IN,47630,,,
140101,41.368979462993,-88.426515582425,https://geocoding.geo.census.gov/,"150 W HIGH ST, MORRIS, IL, 60450",150 W HIGH ST,MORRIS,IL,60450,,,
140103,41.778185320464,-87.631875145457,https://geocoding.geo.census.gov/,"326 W 64TH ST, CHICAGO, IL, 60621",326 W 64TH ST,CHICAGO,IL,60621,,,
150146,41.448505404069,-85.295100863766,https://geocoding.geo.census.gov/,"401 SAWYER RD, KENDALLVILLE, IN, 46755",401 SAWYER RD,KENDALLVILLE,IN,46755,,,
104049,25.860193333113,-80.322275864285,https://geocoding.geo.census.gov/,"4225 W 20TH AVE, HIALEAH, FL, 33012",4225 W 20TH AVE,HIALEAH,FL,33012,,,
140197,41.972747469676,-87.671049136972,https://geocoding.geo.census.gov/,"5025 N PAULINA ST, CHICAGO, IL, 60640",5025 N PAULINA STREET,CHICAGO,IL,60640,,,
11030F,33.468383911176,-82.025380142148,https://geocoding.geo.census.gov/,"1 FREEDOM WAY, AUGUSTA, GA, 30904",1 FREEDOM WAY,AUGUSTA,GA,30904,,,
110779,31.602879435483,-83.250297363251,https://geocoding.geo.census.gov/,"710 N IRWIN AVE, OCILLA, GA, 31774",710 N IRWIN AVENUE,OCILLA,GA,31774,,,
104085,26.541423739768,-80.07954153103,https://geocoding.geo.census.gov/,"4905 PARK RIDGE BLVD, BOYNTON BEACH, FL, 33426",4905 PARK RIDGE BLVD,BOYNTON BEACH,FL,33426,,,
104080,27.131583766064,-80.222778149111,https://geocoding.geo.census.gov/,"5995 SE COMMUNITY DR, STUART, FL, 34997",5995 SE COMMUNITY DRIVE,STUART,FL,34997,,,
104084,26.753255305006,-80.065224132773,https://geocoding.geo.census.gov/,"993 45TH ST, MANGONIA PARK, FL, 33407",993 45TH ST,MAGNONIA PARK,FL,33407,,,
104081,28.26021257781,-81.313382542241,https://geocoding.geo.census.gov/,"91 BEEHIVE CIRCLE DR, SAINT CLOUD, FL, 34769",91 BEEHIVE CIR,SAINT CLOUD,FL,34769,,,
110105,31.126445645899,-83.782929079215,https://geocoding.geo.census.gov/,"3131 S MAIN ST, MOULTRIE, GA, 31768",3131 SOUTH MAIN STREET,MOULTRIE,GA,31768,,,
110104,31.97684697519,-83.782783254109,https://geocoding.geo.census.gov/,"902 7TH ST N, CORDELE, GA, 31015",902 7TH STREET NORTH,CORDELE,GA,31015,,,
110101,31.107930155231,-83.425801458345,https://geocoding.geo.census.gov/,"260 M J TAYLOR RD, ADEL, GA, 31620",260 MJ TAYLOR ROAD,ADEL,GA,31620,,,
110100,33.012359824822,-82.404289710147,https://geocoding.geo.census.gov/,"1067 PEACHTREE ST, LOUISVILLE, GA, 30434",1067 PEACHTREE ST,LOUISVILLE,GA,30434,,,
110109,32.592882158333,-82.346258610078,https://geocoding.geo.census.gov/,"117 KITE RD, SWAINSBORO, GA, 30401",117 KITE ROAD,SWAINSBORO,GA,30401,,,
110107,32.833119459862,-83.636289911066,https://geocoding.geo.census.gov/,"777 HEMLOCK ST, MACON, GA, 31201",777 HEMLOCK STREET,MACON,GA,31201,,,
140160,42.295830345062,-89.637944510088,https://geocoding.geo.census.gov/,"1045 W STEPHENSON ST, FREEPORT, IL, 61032",1045 WEST STEPHENSON STREET,FREEPORT,IL,61032,,,
140155,41.121193868657,-87.873112207299,https://geocoding.geo.census.gov/,"500 W COURT ST, KANKAKEE, IL, 60901",500 W COURT ST,KANKAKEE,IL,60901,,,
140158,41.845413608233,-87.623308244488,https://geocoding.geo.census.gov/,"2525 S MICHIGAN AVE, CHICAGO, IL, 60616",2525 S MICHIGAN AVE,CHICAGO,IL,60616,,,
140172,41.523858048628,-87.713166015733,https://geocoding.geo.census.gov/,"20201 CRAWFORD AVE, OLYMPIA FIELDS, IL, 60461",20201 S CRAWFORD AVENUE,OLYMPIA FIELDS,IL,60461,,,
11033F,33.42934630006,-82.126413667552,https://geocoding.geo.census.gov/,"300 E HOSPITAL RD, FORT GORDON, GA, 30905",300 East Hospital Rd,Fort Gordon,GA,30905,,,
140162,40.480128539768,-88.957035746555,https://geocoding.geo.census.gov/,"2200 E WASHINGTON ST, BLOOMINGTON, IL, 61701",2200 E WASHINGTON,BLOOMINGTON,IL,61701,,,
100307,30.256094437177,-81.582407803516,https://geocoding.geo.census.gov/,"4201 BELFORT RD, JACKSONVILLE, FL, 32216",4201 BELFORT RD,JACKSONVILLE,FL,32216,,,
140164,37.727875631459,-89.220488797294,https://geocoding.geo.census.gov/,"405 W JACKSON ST, CARBONDALE, IL, 62901",405 W JACKSON,CARBONDALE,IL,62901,,,
140166,39.826380622106,-88.933343493486,https://geocoding.geo.census.gov/,"1800 E LAKE SHORE DR, DECATUR, IL, 62521",1800 E LAKE SHORE DR,DECATUR,IL,62521,,,
100302,28.242481897492,-81.302135896543,https://geocoding.geo.census.gov/,"2906 17TH ST, SAINT CLOUD, FL, 34769",2906 17TH STREET,SAINT CLOUD,FL,34769,,,
140180,41.903033894327,-87.682961509271,https://geocoding.geo.census.gov/,"2233 W DIVISION ST, CHICAGO, IL, 60622",2233 W DIVISION ST,CHICAGO,IL,60622,,,
10099F,28.365787465524,-81.273021588985,https://geocoding.geo.census.gov/,"13800 VETERANS WAY, ORLANDO, FL, 32827",13800 VETERANS WAY,ORLANDO,FL,32827,,,
140181,41.749731259201,-87.568713334612,https://geocoding.geo.census.gov/,"8012 S CRANDON AVE, CHICAGO, IL, 60617",8012 SOUTH CRANDON AVENUE,CHICAGO,IL,60617,,,
140182,41.936363018616,-87.652203775321,https://geocoding.geo.census.gov/,"836 W WELLINGTON AVE, CHICAGO, IL, 60657",836 WEST WELLINGTON AVENUE,CHICAGO,IL,60657,,,
140174,41.785613207311,-88.328799548914,https://geocoding.geo.census.gov/,"1325 N HIGHLAND AVE, AURORA, IL, 60506",1325 N HIGHLAND AVENUE,AURORA,IL,60506,,,
140177,41.757802344683,-87.585639084467,https://geocoding.geo.census.gov/,"7531 STONY ISLAND AVE, CHICAGO, IL, 60649",7531 S STONY ISLAND AVE,CHICAGO,IL,60649,,,
140179,41.720897353452,-87.692044022984,https://geocoding.geo.census.gov/,"2800 W 95TH ST, EVERGREEN PARK, IL, 60805",2800 W 95TH ST,EVERGREEN PARK,IL,60805,,,
140191,41.606337279822,-87.659404410077,https://geocoding.geo.census.gov/,"1 INGALLS DR, HARVEY, IL, 60426",1 INGALLS DRIVE,HARVEY,IL,60426,,,
140184,37.744844762842,-88.999386805605,https://geocoding.geo.census.gov/,"3333 W DEYOUNG ST, MARION, IL, 62959",3333 W DEYOUNG,MARION,IL,62959,,,
140185,38.548845301046,-90.020635432956,https://geocoding.geo.census.gov/,"4500 MEMORIAL DR, BELLEVILLE, IL, 62226",4500 MEMORIAL DRIVE,BELLEVILLE,IL,62226,,,
140186,41.12387601282,-87.882316185034,https://geocoding.geo.census.gov/,"350 N WALL ST, KANKAKEE, IL, 60901",350 N WALL ST,KANKAKEE,IL,60901,,,
140187,38.582541962734,-89.933266214937,https://geocoding.geo.census.gov/,"1 ST ELIZABETHS BLVD, O FALLON, IL, 62269",ONE ST ELIZABETH BOULEVARD,O FALLON,IL,62269,,,
140189,39.488570264215,-88.275730696285,https://geocoding.geo.census.gov/,"1000 HEALTH CENTER DR, MATTOON, IL, 61938",1000 HEALTH CENTER DRIVE P O BOX 372,MATTOON,IL,61938,,,
11031F,32.540677585747,-82.946848267241,https://geocoding.geo.census.gov/,"1826 VETERANS BLVD, DUBLIN, GA, 31021",1826 VETERANS BOULEVARD,DUBLIN,GA,31021,,,
110029,34.302374299193,-83.818199390779,https://geocoding.geo.census.gov/,"743 SPRING ST NE, GAINESVILLE, GA, 30501",743 SPRING STREET,GAINESVILLE,GA,30501,,,
180138,38.396162288475,-85.37609386798,https://geocoding.geo.census.gov/,"1025 NEW MOODY LN, LA GRANGE, KY, 40031",1025 NEW MOODY LANE,LA GRANGE,KY,40031,,,
110025,31.173945312971,-81.485235676295,https://geocoding.geo.census.gov/,"2415 PARKWOOD DR, BRUNSWICK, GA, 31520",2415 PARKWOOD DRIVE,BRUNSWICK,GA,31520,,,
110023,34.511757340468,-84.920580111276,https://geocoding.geo.census.gov/,"1035 RED BUD RD NE, CALHOUN, GA, 30701",1035 RED BUD ROAD,CALHOUN,GA,30701,,,
144043,41.968192286825,-87.650169153102,https://geocoding.geo.census.gov/,"4720 N CLARENDON AVE, CHICAGO, IL, 60640",4720 N CLARENDON AVENUE,CHICAGO,IL,60640,,,
180130,38.239691932675,-85.637790351585,https://geocoding.geo.census.gov/,"4000 KRESGE WAY, LOUISVILLE, KY, 40207",4000 KRESGE WAY,LOUISVILLE,KY,40207,,,
144041,41.545369527854,-87.986334804585,https://geocoding.geo.census.gov/,"1004 PAWLAK PKWY, NEW LENOX, IL, 60451",1004 PAWLAK PARKWAY,NEW LENOX,IL,60451,,,
180132,37.086951189295,-84.618204660349,https://geocoding.geo.census.gov/,"305 LANGDON ST, SOMERSET, KY, 42503",305 LANGDON STREET,SOMERSET,KY,42503,,,
144042,42.359313488812,-87.866605010882,https://geocoding.geo.census.gov/,"2615 WASHINGTON ST, WAUKEGAN, IL, 60085",2615 W WASHINGTON ST,WAUKEGAN,IL,60085,,,
101307,30.760752080155,-85.68276831026,https://geocoding.geo.census.gov/,"2600 HOSPITAL DR, BONIFAY, FL, 32425",2600 HOSPITAL DR,BONIFAY,FL,32425,,,
101308,30.764615758774,-85.542864787715,https://geocoding.geo.census.gov/,"1360 BRICKYARD RD, CHIPLEY, FL, 32428",1360 BRICKYARD RD,CHIPLEY,FL,32428,,,
144037,42.014942075098,-88.28584800129,https://geocoding.geo.census.gov/,"750 S STATE ST, ELGIN, IL, 60123",750 S STATE ST,ELGIN,IL,60123,,,
101309,26.753175165587,-80.940741639802,https://geocoding.geo.census.gov/,"524 W SAGAMORE AVE, CLEWISTON, FL, 33440",524 W SAGAMORE AVE,CLEWISTON,FL,33440,,,
144034,42.008138565341,-88.153263742781,https://geocoding.geo.census.gov/,"1400 IRVING PARK RD, STREAMWOOD, IL, 60107",1400 E IRVING PARK ROAD,STREAMWOOD,IL,60107,,,
144035,41.761062483358,-88.15793789001,https://geocoding.geo.census.gov/,"852 S WEST ST, NAPERVILLE, IL, 60540",852 S WEST STREET,NAPERVILLE,IL,60540,,,
144038,37.476063265545,-89.244794941778,https://geocoding.geo.census.gov/,"1000 N MAIN ST, ANNA, IL, 62906",1000 N MAIN ST,ANNA,IL,62906,,,
144039,41.890584413898,-87.719914749917,https://geocoding.geo.census.gov/,"520 N RIDGEWAY AVE, CHICAGO, IL, 60624",520 N RIDGEWAY AVE,CHICAGO,IL,60624,,,
110031,33.23964045626,-84.265767356403,https://geocoding.geo.census.gov/,"601 S 8TH ST, GRIFFIN, GA, 30224",601 SOUTH 8TH STREET,GRIFFIN,GA,30223,,,
101300,27.540710370979,-81.808399848755,https://geocoding.geo.census.gov/,"735 S 5TH AVE, WAUCHULA, FL, 33873",735 S 5TH AVE,WAUCHULA,FL,33873,,,
110032,34.592979892821,-83.34723097862,https://geocoding.geo.census.gov/,"163 HOSPITAL RD, TOCCOA, GA, 30577",163 HOSPITAL DRIVE,TOCCOA,GA,30577,,,
110030,34.199739061733,-84.795207138725,https://geocoding.geo.census.gov/,"960 JOE FRANK HARRIS PKWY, CARTERSVILLE, GA, 30121",960 JOE FRANK HARRIS PARKWAY,CARTERSVILLE,GA,30120,,,
101303,30.023494202786,-82.328496978357,https://geocoding.geo.census.gov/,"850 E MAIN ST, LAKE BUTLER, FL, 32054",850 E MAIN ST,LAKE BUTLER,FL,32054,,,
101305,29.723324936709,-84.992503142699,https://geocoding.geo.census.gov/,"135 AVE G, APALACHICOLA, FL, 32320",135 AVE G,APALACHICOLA,FL,32320,,,
110018,33.601124079198,-83.848960267962,https://geocoding.geo.census.gov/,"5126 HOSPITAL DR NE, COVINGTON, GA, 30014",5126 HOSPITAL DRIVE NE,COVINGTON,GA,30014,,,
110015,33.745817406082,-84.917380667299,https://geocoding.geo.census.gov/,"601 DALLAS HWY, VILLA RICA, GA, 30180",601 DALLAS HIGHWAY,VILLA RICA,GA,30180,,,
134009,43.626730996862,-116.282380652761,https://geocoding.geo.census.gov/,"8050 NORTHVIEW ST, BOISE, ID, 83704",8050 WEST NORTHVIEW STREET,BOISE,ID,83704,,,
134002,43.611139581039,-116.266316014563,https://geocoding.geo.census.gov/,"303 N ALLUMBAUGH ST, BOISE, ID, 83704",303 NORTH ALLUMBAUGH STREET,BOISE,ID,83704,,,
180149,37.096359926256,-85.295175021212,https://geocoding.geo.census.gov/,"901 WESTLAKE DR, COLUMBIA, KY, 42728",901 WESTLAKE DRIVE,COLUMBIA,KY,42728,,,
110256,32.296981814459,-83.488209927414,https://geocoding.geo.census.gov/,"222 PERRY HWY, HAWKINSVILLE, GA, 31036",222 PERRY HWY,HAWKINSVILLE,GA,31036,,,
110011,33.570481033991,-85.072526448793,https://geocoding.geo.census.gov/,"705 DIXIE ST, CARROLLTON, GA, 30117",705 DIXIE STREET,CARROLLTON,GA,30117,,,
110253,31.604592879301,-84.170273247557,https://geocoding.geo.census.gov/,"2000 PALMYRA RD, ALBANY, GA, 31701",2000 PALMYRA RD 3RD FLOOR,ALBANY,GA,31701,,,
180141,38.249086055097,-85.74498585452,https://geocoding.geo.census.gov/,"530 S JACKSON ST, LOUISVILLE, KY, 40202",530 SOUTH JACKSON STREET,LOUISVILLE,KY,40202,,,
180143,38.000249191855,-84.440221877104,https://geocoding.geo.census.gov/,"150 N EAGLE CREEK DR, LEXINGTON, KY, 40509",150 NORTH EAGLE CREEK DRIVE,LEXINGTON,KY,40509,,,
101311,30.471301091234,-83.419825761768,https://geocoding.geo.census.gov/,"224 NW CRANE AVE, MADISON, FL, 32340",224 NW CRANE AVE,MADISON,FL,32340,,,
134010,43.187231796765,-112.336718391665,https://geocoding.geo.census.gov/,"700 E ALICE ST, BLACKFOOT, ID, 83221",700 EAST ALICE STREET,BLACKFOOT,ID,83221,,,
101312,24.711080673138,-81.094785362321,https://geocoding.geo.census.gov/,"3301 OVERSEAS HWY, MARATHON, FL, 33050",3301 OVERSEAS HWY,MARATHON,FL,33050,,,
101313,25.005546064209,-80.521240769028,https://geocoding.geo.census.gov/,"91500 OVERSEAS HWY, TAVERNIER, FL, 33070",91500 OVERSEAS HIGHWAY,TAVERNIER,FL,33070,,,
101314,30.118888303992,-83.590315425555,https://geocoding.geo.census.gov/,"333 N BYRON BUTLER PKWY, PERRY, FL, 32347",333 N BYRON BUTLER PKWY,PERRY,FL,32347,,,
101315,30.95040434922,-87.15144156022,https://geocoding.geo.census.gov/,"14114 ALABAMA ST, JAY, FL, 32565",14114 ALABAMA ST,JAY,FL,32565,,,
110006,33.94594817673,-83.404593690394,https://geocoding.geo.census.gov/,"1230 BAXTER ST, ATHENS, GA, 30606",1230 BAXTER STREET,ATHENS,GA,30606,,,
111338,34.916065378641,-84.374632591219,https://geocoding.geo.census.gov/,"2855 OLD HWY 5, BLUE RIDGE, GA, 30513",2855 OLD HIGHWAY 5 NORTH,BLUE RIDGE,GA,30513,,,
134017,43.590016250779,-116.35844806048,https://geocoding.geo.census.gov/,"2131 S BONITO WAY, MERIDIAN, ID, 83642",2131 s bonito way,MERIDIAN,ID,83642,,,
110007,31.590284224069,-84.156563293956,https://geocoding.geo.census.gov/,"417 3RD AVE W, ALBANY, GA, 31701",417 THIRD AVENUE,ALBANY,GA,31703,,,
111337,34.113161330969,-82.873696794557,https://geocoding.geo.census.gov/,"4 MEDICAL DR, ELBERTON, GA, 30635",4 MEDICAL DRIVE,ELBERTON,GA,30635,,,
110002,32.887194935101,-84.336231689489,https://geocoding.geo.census.gov/,"801 W GORDON ST, THOMASTON, GA, 30286",801 W GORDON STREET,THOMASTON,GA,30286,,,
111334,32.406896483062,-82.066437548044,https://geocoding.geo.census.gov/,"400 CEDAR ST, METTER, GA, 30439",400 CEDAR STREET,METTER,GA,30439,,,
180116,36.759985767706,-88.651312783856,https://geocoding.geo.census.gov/,"1099 MEDICAL CENTER CIR, MAYFIELD, KY, 42066",1099 MEDICAL CENTER CIRCLE,MAYFIELD,KY,42066,,,
110003,31.225984325718,-82.349169312097,https://geocoding.geo.census.gov/,"1900 TEBEAU ST, WAYCROSS, GA, 31501",1900 TEBEAU STREET,WAYCROSS,GA,31501,,,
111333,31.859092497057,-82.605975578947,https://geocoding.geo.census.gov/,"163 S TALLAHASSEE ST, HAZLEHURST, GA, 31539",163 SOUTH TALLAHASSEE STREET,HAZLEHURST,GA,31539,,,
180115,37.357601812839,-84.336095631926,https://geocoding.geo.census.gov/,"145 NEWCOMB AVE, MOUNT VERNON, KY, 40456",145 NEWCOMB AVENUE,MOUNT VERNON,KY,40456,,,
111332,30.795255902494,-83.559462703618,https://geocoding.geo.census.gov/,"903 N COURT ST, QUITMAN, GA, 31643",903 N COURT STREET,QUITMAN,GA,31643,,,
111331,31.229305954437,-84.206316201308,https://geocoding.geo.census.gov/,"90 E STEPHENS ST, CAMILLA, GA, 31730",90  E STEPHENS STREET,CAMILLA,GA,31730,,,
170109,38.56339700842,-94.848193650029,https://geocoding.geo.census.gov/,"2100 BAPTISTE DR, PAOLA, KS, 66071",2100 BAPTISTE DR,PAOLA,KS,66071,,,
110008,34.226863380866,-84.460566917326,https://geocoding.geo.census.gov/,"450 NORTHSIDE-CHEROKEE BLVD, CANTON, GA, 30115",450 NORTHSIDE CHEROKEE BOULEVARD,CANTON,GA,30115,,,
170104,38.995180613917,-94.692298628226,https://geocoding.geo.census.gov/,"9100 W 74TH ST, SHAWNEE MISSION, KS, 66204",9100 W 74TH STREET,SHAWNEE MISSION,KS,66204,,,
170103,38.022113896034,-97.333895343098,https://geocoding.geo.census.gov/,"600 MEDICAL CENTER DR, NEWTON, KS, 67114",600 MEDICAL CENTER DRIVE,NEWTON,KS,67114,,,
170105,38.378267646887,-97.672200013141,https://geocoding.geo.census.gov/,"1000 HOSPITAL DR, MCPHERSON, KS, 67460",1000 HOSPITAL DRIVE,MCPHERSON,KS,67460,,,
110252,34.002927425944,-84.161947703875,https://geocoding.geo.census.gov/,"3620 HOWELL FERRY RD, DULUTH, GA, 30096",3620 HOWELL FERRY ROAD,DULUTH,GA,30096,,,
110237,34.521270597969,-83.978764439043,https://geocoding.geo.census.gov/,"227 MOUNTAIN DR, DAHLONEGA, GA, 30533",227 MOUNTAIN DRIVE,DAHLONEGA,GA,30533,,,
111327,31.540198976588,-82.459405640851,https://geocoding.geo.census.gov/,"302 S WAYNE ST, ALMA, GA, 31510",302 SOUTH WAYNE STREET,ALMA,GA,31510,,,
111326,31.041774647037,-83.088026981526,https://geocoding.geo.census.gov/,"116 W THIGPEN AVE, LAKELAND, GA, 31635",116 WEST THIGPEN AVENUE,LAKELAND,GA,31635,,,
111325,33.729447448764,-82.743632403958,https://geocoding.geo.census.gov/,"120 GORDON ST, WASHINGTON, GA, 30673",120 GORDON STREET,WASHINGTON,GA,30673,,,
110236,34.932992407289,-85.18787173585,https://geocoding.geo.census.gov/,"4710 BATTLEFIELD PKWY, RINGGOLD, GA, 30736",4710 BATTLEFIELD PARKWAY,RINGGOLD,GA,30736,,,
111324,34.945599180842,-83.753041127086,https://geocoding.geo.census.gov/,"110 S MAIN ST, HIAWASSEE, GA, 30546",110 S MAIN STREET,HIAWASSEE,GA,30546,,,
180124,36.965810134375,-86.435939574268,https://geocoding.geo.census.gov/,"1801 ASHLEY CIR, BOWLING GREEN, KY, 42104",1801 ASHLEY CIRCLE,BOWLING GREEN,KY,42104,,,
111323,32.079111507992,-82.108990831231,https://geocoding.geo.census.gov/,"247 S MAIN ST, REIDSVILLE, GA, 30453",247 S MAIN STREET,REIDSVILLE,GA,30453,,,
180127,38.159572033176,-84.906197219337,https://geocoding.geo.census.gov/,"299 KINGS DAUGHTERS DR, FRANKFORT, KY, 40601",299 KINGS DAUGHTERS DRIVE,FRANKFORT,KY,40601,,,
110234,31.203520649343,-83.238141672719,https://geocoding.geo.census.gov/,"1221 E MCPHERSON AVE, NASHVILLE, GA, 31639",1221 E MCPHERSON AVENUE,NASHVILLE,GA,31639,,,
111320,33.715888255113,-85.14588477417,https://geocoding.geo.census.gov/,"200 ALLEN MEMORIAL DR, BREMEN, GA, 30110",200 ALLEN MEMORIAL DRIVE,BREMEN,GA,30110,,,
180128,38.093281470641,-82.605315936242,https://geocoding.geo.census.gov/,"2485 STATE HWY 644, LOUISA, KY, 41230",2485 HIGHWAY 644,LOUISA,KY,41230,,,
111329,33.481571049582,-83.23944741895,https://geocoding.geo.census.gov/,"5401 LAKE OCONEE PKWY, GREENSBORO, GA, 30642",5401 LAKE OCONEE PARKWAY,GREENSBORO,GA,30642,,,
111328,31.512529225056,-83.840512481575,https://geocoding.geo.census.gov/,"807 S ISABELLA ST, SYLVESTER, GA, 31791",807 SOUTH ISABELLA STREET,SYLVESTER,GA,31791,,,
123301,21.299882658562,-157.83464212974,https://geocoding.geo.census.gov/,"1310 PUNAHOU ST, HONOLULU, HI, 96826",1310 PUNAHOU STREET,HONOLULU,HI,96826,,,
123300,21.299898063055,-157.83448503951,https://geocoding.geo.census.gov/,"1319 PUNAHOU ST, HONOLULU, HI, 96826",1319 PUNAHOU STREET,HONOLULU,HI,96826,,,
154047,41.356077920736,-86.328738510287,https://geocoding.geo.census.gov/,"1800 N OAK RD, PLYMOUTH, IN, 46563",1800 N OAK RD,PLYMOUTH,IN,46563,,,
110069,32.618154566971,-83.62951885044,https://geocoding.geo.census.gov/,"1601 WATSON BLVD, WARNER ROBINS, GA, 31093",1601 WATSON BOULEVARD,WARNER ROBINS,GA,31093,,,
110075,32.415172772961,-81.768716774574,https://geocoding.geo.census.gov/,"1499 FAIR RD, STATESBORO, GA, 30458",1499 FAIR ROAD,STATESBORO,GA,30458,,,
110076,33.791960048737,-84.283657114701,https://geocoding.geo.census.gov/,"2701 N DECATUR RD, DECATUR, GA, 30033",2701 N DECATUR ROAD,DECATUR,GA,30033,,,
110074,33.962385783458,-83.398342404342,https://geocoding.geo.census.gov/,"1199 PRINCE AVE, ATHENS, GA, 30606",1199 PRINCE AVENUE,ATHENS,GA,30606,,,
154050,41.371665192321,-85.030392641833,https://geocoding.geo.census.gov/,"1850 WESLEY RD, AUBURN, IN, 46706",1850 WESLEY RD,AUBURN,IN,46706,,,
110071,31.769518910964,-82.355738472914,https://geocoding.geo.census.gov/,"163 TOLLISON ST, BAXLEY, GA, 31513",163 E TOLLISON STREET,BAXLEY,GA,31513,,,
154051,38.328875983583,-85.71118955606,https://geocoding.geo.census.gov/,"2700 VISSING PARK RD, JEFFERSONVILLE, IN, 47130",2700 VISSING PARK RD,JEFFERSONVILLE,IN,47130,,,
154052,41.489164328143,-87.052793904047,https://geocoding.geo.census.gov/,"701 WALL ST, VALPARAISO, IN, 46383",701 WALL ST,VALPARAISO,IN,46383,,,
154054,39.376073690306,-87.386943644818,https://geocoding.geo.census.gov/,"1980 E WOODSMALL DR, TERRE HAUTE, IN, 47802",1980 E WOODSMALL DR,TERRE HAUTE,IN,47802,,,
180101,38.185777696883,-84.562189880023,https://geocoding.geo.census.gov/,"1140 LEXINGTON RD, GEORGETOWN, KY, 40324",1140 LEXINGTON ROAD,GEORGETOWN,KY,40324,,,
154035,40.761796118488,-86.361728388973,https://geocoding.geo.census.gov/,"1015 MICHIGAN AVE, LOGANSPORT, IN, 46947",1015 MICHIGAN AVE,LOGANSPORT,IN,46947,,,
180103,38.019097674035,-84.513755873129,https://geocoding.geo.census.gov/,"1740 NICHOLASVILLE RD, LEXINGTON, KY, 40503",1740 NICHOLASVILLE ROAD,LEXINGTON,KY,40503,,,
180102,37.05341498303,-88.647109382894,https://geocoding.geo.census.gov/,"1530 LONE OAK RD, PADUCAH, KY, 42003",1530 LONE OAK ROAD,PADUCAH,KY,42003,,,
180105,36.699416864011,-85.677916510647,https://geocoding.geo.census.gov/,"529 CAPP HARLAN RD, TOMPKINSVILLE, KY, 42167",529 CAPP HARLAN ROAD,TOMPKINSVILLE,KY,42167,,,
180104,37.074582425974,-88.624890519037,https://geocoding.geo.census.gov/,"2501 KENTUCKY AVE, PADUCAH, KY, 42003",2501 KENTUCKY AVENUE,PADUCAH,KY,42003,,,
103300,27.764329852805,-82.64023340215,https://geocoding.geo.census.gov/,"501 6TH AVE S, SAINT PETERSBURG, FL, 33701",501 SIXTH AVENUE SOUTH,SAINT PETERSBURG,FL,33701,,,
11029F,33.802760767333,-84.31049138259,https://geocoding.geo.census.gov/,"1670 CLAIRMONT RD, DECATUR, GA, 30033",1670 CLAIRMONT ROAD,DECATUR,GA,30033,,,
144010,41.957168051016,-87.797694976576,https://geocoding.geo.census.gov/,"4200 N OAK PARK AVE, CHICAGO, IL, 60634",4200 N OAK PARK AVE,CHICAGO,IL,60634,,,
110064,32.481332832571,-84.983089046183,https://geocoding.geo.census.gov/,"710 CENTER ST, COLUMBUS, GA, 31901",710 CENTER STREET,COLUMBUS,GA,31901,,,
144009,41.864626621559,-87.827535931483,https://geocoding.geo.census.gov/,"8311 ROOSEVELT RD, FOREST PARK, IL, 60130",8311 WEST ROOSEVELT ROAD,FOREST PARK,IL,60130,,,
154041,39.205568853028,-86.552000776712,https://geocoding.geo.census.gov/,"3600 N PROW RD, BLOOMINGTON, IN, 47404",3600 N PROW RD,BLOOMINGTON,IN,47404,,,
154066,38.319653139793,-85.768476343147,https://geocoding.geo.census.gov/,"1612 BLACKISTON VIEW DR, CLARKSVILLE, IN, 47129",1612 BLACKISTON VIEW DRIVE,CLARKSVILLE,IN,47129,,,
154067,39.691960437554,-86.373305476051,https://geocoding.geo.census.gov/,"1051 SOUTHFIELD DR, PLAINFIELD, IN, 46168",1051 SOUTHFIELD DRIVE,PLAINFIELD,IN,46168,,,
154068,39.632890586996,-86.079339110188,https://geocoding.geo.census.gov/,"1167 WILSON DR, GREENWOOD, IN, 46143",1167 WILSON DR,GREENWOOD,IN,46143,,,
110044,32.060486579771,-84.268316827135,https://geocoding.geo.census.gov/,"126 US HWY 280 W, AMERICUS, GA, 31719",126 HIGHWAY 280 W,AMERICUS,GA,31719,,,
110045,34.006023746221,-83.70677952683,https://geocoding.geo.census.gov/,"316 N BROAD ST, WINDER, GA, 30680",316 NORTH BROAD STREET,WINDER,GA,30680,,,
144021,39.728358595248,-89.642372189885,https://geocoding.geo.census.gov/,"901 SOUTHWIND RD, SPRINGFIELD, IL, 62703",901 SOUTHWIND RD,SPRINGFIELD,IL,62703,,,
144016,38.907654599489,-90.122476394829,https://geocoding.geo.census.gov/,"4500 COLLEGE AVE, ALTON, IL, 62002",4500 COLLEGE AVENUE,ALTON,IL,62002,,,
110054,34.260351377836,-85.178957929064,https://geocoding.geo.census.gov/,"304 TURNER MCCALL BLVD, ROME, GA, 30165",304 TURNER MCCALL BOULEVARD,ROME,GA,30162,,,
154070,41.131887442762,-85.195516614799,https://geocoding.geo.census.gov/,"3955 W WASHINGTON CENTER RD, FORT WAYNE, IN, 46818",3955 WEST WASHINGTON CENTER ROAD,FORT WAYNE,IN,46818,,,
110051,34.885572803458,-83.961595903386,https://geocoding.geo.census.gov/,"35 HOSPITAL RD, BLAIRSVILLE, GA, 30512",35 HOSPITAL ROAD,BLAIRSVILLE,GA,30512,,,
154071,39.828984122828,-86.279998555808,https://geocoding.geo.census.gov/,"4102 SHORE DR, INDIANAPOLIS, IN, 46254",4102 SHORE DRIVE,INDIANAPOLIS,IN,46254,,,
154072,38.313200324522,-86.956345983065,https://geocoding.geo.census.gov/,"1880 MEDICAL ARTS DR, HUNTINGBURG, IN, 47542",1880 MEDICAL ARTS DRIVE,HUNTINGBURG,IN,47542,,,
170781,38.530457568931,-99.316683589147,https://geocoding.geo.census.gov/,"801 LOCUST ST, LA CROSSE, KS, 67548",801 LOCUST ST,LA CROSSE,KS,67548,,,
170780,38.205127737025,-97.5169414974,https://geocoding.geo.census.gov/,"218 E PACK ST, MOUNDRIDGE, KS, 67107",218 E PACK STREET,MOUNDRIDGE,KS,67107,,,
154055,37.991296200622,-87.331794858167,https://geocoding.geo.census.gov/,"4488 ROSLIN RD, NEWBURGH, IN, 47630",4488 ROSLIN RD,NEWBURGH,IN,47630,,,
154056,37.969705315749,-87.502321089834,https://geocoding.geo.census.gov/,"3400 LINCOLN AVE, EVANSVILLE, IN, 47714",3400 LINCOLN AVENUE,EVANSVILLE,IN,47714,,,
154057,39.85511147755,-86.041752009729,https://geocoding.geo.census.gov/,"5602 CAITO DR, INDIANAPOLIS, IN, 46226",5602 CAITO DRIVE,INDIANAPOLIS,IN,46226,,,
110038,30.826116990167,-83.973936025397,https://geocoding.geo.census.gov/,"GORDON AVE & MIMOSA DR, THOMASVILLE, GA, 31792",915 GORDON AVENUE & MIMOSA DRIVE,THOMASVILLE,GA,31792,,,
154058,41.443831237512,-86.150052762973,https://geocoding.geo.census.gov/,"417 S WHITLOCK ST, BREMEN, IN, 46506",417 S WHITLOCK ST,BREMEN,IN,46506,,,
110035,33.968681646965,-84.550305432222,https://geocoding.geo.census.gov/,"677 CHURCH ST NE, MARIETTA, GA, 30060",677 CHURCH STREET,MARIETTA,GA,30060,,,
154059,40.405840677458,-86.828435176867,https://geocoding.geo.census.gov/,"833 PARK EAST BLVD, LAFAYETTE, IN, 47905",833 PARK EAST BLVD,LAFAYETTE,IN,47905,,,
110036,32.032184720054,-81.091623390515,https://geocoding.geo.census.gov/,"4700 WATERS AVE, SAVANNAH, GA, 31404",4700 WATERS AVENUE,SAVANNAH,GA,31404,,,
113301,33.907820026477,-84.354913362269,https://geocoding.geo.census.gov/,"1001 JOHNSON FERRY RD, ATLANTA, GA, 30342",1001 JOHNSON FERRY ROAD,ATLANTA,GA,30342,,,
110034,33.470983347484,-81.991567304121,https://geocoding.geo.census.gov/,"1120 15TH ST, AUGUSTA, GA, 30912",1120 15TH STREET,AUGUSTA,GA,30912,,,
144031,42.054114968597,-88.136161644506,https://geocoding.geo.census.gov/,"1650 MOON LAKE BLVD, HOFFMAN ESTATES, IL, 60169",1650 MOON LAKE BLVD,HOFFMAN ESTATES,IL,60169,,,
144026,41.865608873735,-87.767568815899,https://geocoding.geo.census.gov/,"5730 W ROOSEVELT RD, CHICAGO, IL, 60644",5730 W ROOSEVELT ROAD,CHICAGO,IL,60644,,,
144029,40.118190261302,-88.256243311813,https://geocoding.geo.census.gov/,"809 W CHURCH ST, CHAMPAIGN, IL, 61820",809 W CHURCH ST,CHAMPAIGN,IL,61820,,,
170779,37.128924092467,-97.037336134755,https://geocoding.geo.census.gov/,"6401 PATTERSON PRKWY, ARKANSAS CITY, KS, 67005",6401 PATTERSON PARKWAY,ARKANSAS CITY,KS,67005,,,
110042,33.902377134979,-84.78510603964,https://geocoding.geo.census.gov/,"2518 JIMMY LEE SMITH PKWY, HIRAM, GA, 30141",2518 JIMMY LEE SMITH PARKWAY,HIRAM,GA,30141,,,
110043,31.985767629302,-81.153049323494,https://geocoding.geo.census.gov/,"11705 MERCY BLVD, SAVANNAH, GA, 31419",11705 MERCY BOULEVARD,SAVANNAH,GA,31419,,,
154060,41.093239493621,-85.10804908499,https://geocoding.geo.census.gov/,"1909 CAREW ST, FORT WAYNE, IN, 46805",1909 CAREW STREET,FORT WAYNE,IN,46805,,,
154061,41.672980756624,-86.158459035924,https://geocoding.geo.census.gov/,"1625 E JEFFERSON BLVD, MISHAWAKA, IN, 46545",1625 EAST JEFFERSON BLVD,MISHAWAKA,IN,46545,,,
154063,39.825771400981,-86.279237749133,https://geocoding.geo.census.gov/,"6720 PARKDALE PL, INDIANAPOLIS, IN, 46254","6720 PARKDALE PLACE, SUITE 100",INDIANAPOLIS,IN,46254,,,
154064,39.777572224102,-86.272298247991,https://geocoding.geo.census.gov/,"900 N HIGH SCHOOL RD, INDIANAPOLIS, IN, 46214",900 NORTH HIGH SCHOOL ROAD,INDIANAPOLIS,IN,46214,,,
154065,41.448733213307,-87.335907440133,https://geocoding.geo.census.gov/,"9330 BROADWAY, CROWN POINT, IN, 46307",9330 BROADWAY,CROWN POINT,IN,46307,,,
160124,43.418302845607,-95.126257879014,https://geocoding.geo.census.gov/,"2301 US HWY 71, SPIRIT LAKE, IA, 51360",2301 HIGHWAY 71,SPIRIT LAKE,IA,51360,,,
100298,30.706538321943,-84.835740620248,https://geocoding.geo.census.gov/,"100 N MAIN ST, CHATTAHOOCHEE, FL, 32324",100 N MAIN ST,CHATTAHOOCHEE,FL,32324,,,
100299,27.390841039252,-82.433384187667,https://geocoding.geo.census.gov/,"8330 LAKEWOOD RANCH BLVD, BRADENTON, FL, 34202",8330 LAKEWOOD RANCH BLVD,BRADENTON,FL,34202,,,
160110,42.526140405073,-92.337719498457,https://geocoding.geo.census.gov/,"1825 LOGAN AVE, WATERLOO, IA, 50703",1825 LOGAN AVENUE,WATERLOO,IA,50703,,,
160112,43.14991410511,-95.143781504955,https://geocoding.geo.census.gov/,"1200 1ST AVE E, SPENCER, IA, 51301",1200 1ST AVENUE EAST,SPENCER,IA,51301,,,
160146,42.517957052328,-96.405247457029,https://geocoding.geo.census.gov/,"2720 STONE PARK BLVD, SIOUX CITY, IA, 51104",2720 STONE PARK BOULEVARD,SIOUX CITY,IA,51104,,,
170191,38.35629148463,-98.79152537351,https://geocoding.geo.census.gov/,"514 CLEVELAND ST, GREAT BEND, KS, 67530",514 CLEVELAND STREET,GREAT BEND,KS,67530,,,
160147,41.743199152517,-92.734464576409,https://geocoding.geo.census.gov/,"210 4TH AVE, GRINNELL, IA, 50112",210 FOURTH AVENUE,GRINNELL,IA,50112,,,
170190,39.202033971821,-96.598236380704,https://geocoding.geo.census.gov/,"1829 COLLEGE AVE, MANHATTAN, KS, 66502",1829 COLLEGE AVENUE,MANHATTAN,KS,66502,,,
110089,31.509604237182,-82.863368113103,https://geocoding.geo.census.gov/,"1101 OCILLA RD, DOUGLAS, GA, 31533",1101 OCILLA ROAD,DOUGLAS,GA,31642,,,
103301,25.742536611199,-80.295212569218,https://geocoding.geo.census.gov/,"3100 SW 62ND AVE, MIAMI, FL, 33155",3100 SW 62ND AVE,MIAMI,FL,33155,,,
170183,37.732952293632,-97.226185553015,https://geocoding.geo.census.gov/,"2770 N WEBB RD, WICHITA, KS, 67226",2770 NORTH WEBB ROAD,WICHITA,KS,67226,,,
103304,28.375068367788,-81.274474987801,https://geocoding.geo.census.gov/,"6535 NEMOURS PKWY, ORLANDO, FL, 32827",6535 NEMOURS PKWY,ORLANDO,FL,32827,,,
110095,31.470598778927,-83.492565991072,https://geocoding.geo.census.gov/,"901 18TH ST E, TIFTON, GA, 31794",901 E 18TH STREET,TIFTON,GA,31794,,,
170182,38.912895508197,-94.654834895267,https://geocoding.geo.census.gov/,"5721 W 119TH ST, OVERLAND PARK, KS, 66209",5721 WEST 119TH STREET,OVERLAND PARK,KS,66209,,,
170188,38.92749993152,-94.625938405941,https://geocoding.geo.census.gov/,"3651 COLLEGE BLVD, LEAWOOD, KS, 66211",3651 COLLEGE BLVD,LEAWOOD,KS,66211,,,
170187,38.834292468175,-97.609106744764,https://geocoding.geo.census.gov/,"401 S SANTA FE AVE, SALINA, KS, 67401",401 SOUTH SANTA FE AVENUE,SALINA,KS,67401,,,
110091,33.680213140615,-84.000091622711,https://geocoding.geo.census.gov/,"1412 MILSTEAD RD NE, CONYERS, GA, 30012","1412 MILSTEAD AVENUE, NE",CONYERS,GA,30012,,,
170186,37.749380112845,-97.226445693785,https://geocoding.geo.census.gov/,"3601 N WEBB RD, WICHITA, KS, 67226",3601 NORTH WEBB ROAD,WICHITA,KS,67226,,,
110092,32.185719243864,-83.178623820635,https://geocoding.geo.census.gov/,"901 GRIFFIN AVE, EASTMAN, GA, 31023",901 GRIFFIN AVE,EASTMAN,GA,31023,,,
170185,38.904288614371,-94.66783753982,https://geocoding.geo.census.gov/,"12300 METCALF AVE, OVERLAND PARK, KS, 66213",12300 METCALF AVENUE,OVERLAND PARK,KS,66213,,,
100290,28.949468764704,-81.958532057571,https://geocoding.geo.census.gov/,"1451 EL CAMINO REAL, THE VILLAGES, FL, 32159",1451 EL CAMINO REAL,THE VILLAGES,FL,32159,,,
100291,28.109390933886,-80.672686991971,https://geocoding.geo.census.gov/,"250 N WICKHAM RD, MELBOURNE, FL, 32935",250 NORTH WICKHAM ROAD,MELBOURNE,FL,32935,,,
110079,33.754209001803,-84.38039298681,https://geocoding.geo.census.gov/,"80 JESSE HILL JR DR, ATLANTA, GA, 30303","80 JESSE HILL, JR DRIVE SE",ATLANTA,GA,30303,,,
100296,25.724641332206,-80.273229738048,https://geocoding.geo.census.gov/,"5000 UNIVERSITY DR, CORAL GABLES, FL, 33146",5000 UNIVERSITY DR,CORAL GABLES,FL,33146,,,
110078,33.769679860074,-84.385223314031,https://geocoding.geo.census.gov/,"550 PEACHTREE ST, ATLANTA, GA, 30308","550 PEACHTREE STREET,  NE",ATLANTA,GA,30308,,,
124001,21.369065788003,-158.030540150079,https://geocoding.geo.census.gov/,"91-2301 FORT WEAVER RD, EWA BEACH, HI, 96706",91-2301 FORT WEAVER ROAD,EWA BEACH,HI,96706,,,
150109,40.393086422246,-86.838307895403,https://geocoding.geo.census.gov/,"1701 S CREASY LN, LAFAYETTE, IN, 47905",1701 S CREASY LN,LAFAYETTE,IN,47905,,,
140300,41.802206898414,-87.61258165015,https://geocoding.geo.census.gov/,"500 E 51ST ST, CHICAGO, IL, 60615",500 E 51ST ST,CHICAGO,IL,60615,,,
100287,26.724444762244,-80.049861911642,https://geocoding.geo.census.gov/,"1309 N FLAGLER DR, WEST PALM BEACH, FL, 33401",1309 N FLAGLER DR,WEST PALM BEACH,FL,33401,,,
110086,32.996109162628,-82.805753269883,https://geocoding.geo.census.gov/,"610 SPARTA RD, SANDERSVILLE, GA, 31082",610 SPARTA ROAD,SANDERSVILLE,GA,31082,,,
100288,26.753171325515,-80.06265962605,https://geocoding.geo.census.gov/,"901 45TH ST, WEST PALM BEACH, FL, 33407",901 45TH ST,WEST PALM BEACH,FL,33407,,,
150102,41.287991005142,-86.621886221422,https://geocoding.geo.census.gov/,"102 E CULVER RD, KNOX, IN, 46534",102 E CULVER RD,KNOX,IN,46534,,,
100289,26.081407883541,-80.367313356941,https://geocoding.geo.census.gov/,"3100 WESTON RD, WESTON, FL, 33331",3100 WESTON RD,WESTON,FL,33331,,,
140304,41.678962320388,-88.0847991751,https://geocoding.geo.census.gov/,"500 REMINGTON BLVD, BOLINGBROOK, IL, 60440",500 REMINGTON BOULEVARD,BOLINGBROOK,IL,60440,,,
150100,37.962455855406,-87.505349032829,https://geocoding.geo.census.gov/,"3700 WASHINGTON AVE, EVANSVILLE, IN, 47714",3700 WASHINGTON AVE,EVANSVILLE,IN,47750,,,
110082,33.908368286647,-84.351785796775,https://geocoding.geo.census.gov/,"5665 PEACHTREE DUNWOODY RD, ATLANTA, GA, 30342",5665 PEACHTREE DUNWOODY ROAD,ATLANTA,GA,30342,,,
110083,33.808405448435,-84.393663767765,https://geocoding.geo.census.gov/,"1968 PEACHTREE ST NW, ATLANTA, GA, 30309",1968 PEACHTREE RD NW,ATLANTA,GA,30309,,,
170176,38.938731745574,-94.723601776473,https://geocoding.geo.census.gov/,"10500 QUIVIRA RD, OVERLAND PARK, KS, 66215",10500 QUIVIRA ROAD,OVERLAND PARK,KS,66215,,,
170175,37.785487981852,-100.015005122586,https://geocoding.geo.census.gov/,"3001 AVE A, DODGE CITY, KS, 67801",3001 AVENUE A,DODGE CITY,KS,67801,,,
114028,32.001563343408,-81.082739544923,https://geocoding.geo.census.gov/,"1915 EISENHOWER DR, SAVANNAH, GA, 31406",1915 EISENHOWER DRIVE,SAVANNAH,GA,31416,,,
114029,33.398403504086,-82.005643897641,https://geocoding.geo.census.gov/,"3405 MIKE PADGETT HWY, AUGUSTA, GA, 30906",3405 MIKE PADGETT HWY,AUGUSTA,GA,30906,,,
114032,33.609539784191,-84.452655289014,https://geocoding.geo.census.gov/,"5454 YORKTOWNE DR, COLLEGE PARK, GA, 30349",5454 YORKTOWNE DRIVE,COLLEGE PARK,GA,30349,,,
170123,37.694581566212,-97.298973130386,https://geocoding.geo.census.gov/,"550 N HILLSIDE ST, WICHITA, KS, 67214",550 N HILLSIDE STREET,WICHITA,KS,67214,,,
114035,33.57766668873,-84.396770309393,https://geocoding.geo.census.gov/,"223 MEDICAL WAY, RIVERDALE, GA, 30274",223 MEDICAL CENTER DRIVE,RIVERDALE,GA,30274,,,
114036,30.865488765667,-83.264601804133,https://geocoding.geo.census.gov/,"2209 PINEVIEW DR, VALDOSTA, GA, 31602",2209 PINEVIEW DRIVE,VALDOSTA,GA,31602,,,
170122,37.700180448022,-97.331734621753,https://geocoding.geo.census.gov/,"929 N SAINT FRANCIS ST, WICHITA, KS, 67214",929 NORTH ST FRANCIS STREET,WICHITA,KS,67214,,,
114016,31.164075123146,-81.400711460124,https://geocoding.geo.census.gov/,"2927 DEMERE RD, SAINT SIMONS ISLAND, GA, 31522",2927 DEMERE ROAD,SAINT SIMONS ISLAND,GA,31522,,,
114019,33.697641195505,-84.277862341959,https://geocoding.geo.census.gov/,"3073 PANTHERSVILLE RD, DECATUR, GA, 30034",3073 PANTHERSVILLE ROAD,DECATUR,GA,30034,,,
160104,41.565373621598,-90.517402922228,https://geocoding.geo.census.gov/,"4500 UTICA RIDGE RD, BETTENDORF, IA, 52722",4500 UTICA RIDGE ROAD,BETTENDORF,IA,52722,,,
114004,33.942808358553,-83.990586569918,https://geocoding.geo.census.gov/,"250 SCENIC HWY, LAWRENCEVILLE, GA, 30046",250 SCENIC HIGHWAY,LAWRENCEVILLE,GA,30046,,,
160101,41.615106481502,-93.641251039051,https://geocoding.geo.census.gov/,"1801 HICKMAN RD, DES MOINES, IA, 50314",1801 HICKMAN ROAD,DES MOINES,IA,50314,,,
114008,32.011412535286,-81.098023267509,https://geocoding.geo.census.gov/,"1150 CORNELL AVE, SAVANNAH, GA, 31406",1150 CORNELL AVE,SAVANNAH,GA,31406,,,
180154,36.763253217334,-83.707736991353,https://geocoding.geo.census.gov/,"850 RIVERVIEW AVE, PINEVILLE, KY, 40977",850 RIVERVIEW AVENUE,PINEVILLE,KY,40977,,,
170146,39.128535089802,-94.783882088496,https://geocoding.geo.census.gov/,"8929 PARALLEL PKWY, KANSAS CITY, KS, 66112",8929 PARALLEL PARKWAY,KANSAS CITY,KS,66112,,,
114010,33.923282097699,-84.305217262947,https://geocoding.geo.census.gov/,"2151 PEACHFORD RD, ATLANTA, GA, 30338",2151 PEACHFORD ROAD,ATLANTA,GA,30338,,,
114012,33.855599214226,-84.513230278915,https://geocoding.geo.census.gov/,"3995 S COBB DR, SMYRNA, GA, 30080","3995 S COBB DRIVE, SE",SMYRNA,GA,30080,,,
114013,32.489233211856,-84.869447617902,https://geocoding.geo.census.gov/,"3000 SCHATULGA RD, COLUMBUS, GA, 31907",3000 SCHATULGA RD BOX 12435,COLUMBUS,GA,31917,,,
170142,39.201667674827,-96.598232974381,https://geocoding.geo.census.gov/,"1823 COLLEGE AVE, MANHATTAN, KS, 66502",1823 COLLEGE AVENUE,MANHATTAN,KS,66502,,,
170137,38.979415761411,-95.24767597599,https://geocoding.geo.census.gov/,"325 MAINE ST, LAWRENCE, KS, 66044",325 MAINE STREET,LAWRENCE,KS,66044,,,
15003F,39.779687351801,-86.187395824804,https://geocoding.geo.census.gov/,"1481 W 10TH ST, INDIANAPOLIS, IN, 46202",1481 W. TENTH STREET,INDIANAPOLIS,IN,46202,,,
160089,41.027545045443,-92.390424011343,https://geocoding.geo.census.gov/,"1001 PENNSYLVANIA AVE, OTTUMWA, IA, 52501",1001 E PENNSYLVANIA,OTTUMWA,IA,52501,,,
160083,41.597670274734,-93.625592296323,https://geocoding.geo.census.gov/,"1111 6TH AVE, DES MOINES, IA, 50314",1111 6TH AVE,DES MOINES,IA,50314,,,
141320,39.606384086381,-87.677482963874,https://geocoding.geo.census.gov/,"721 E COURT ST, PARIS, IL, 61944",721 E COURT STREET,PARIS,IL,61944,,,
140231,41.761370346769,-88.149215757935,https://geocoding.geo.census.gov/,"801 S WASHINGTON ST, NAPERVILLE, IL, 60540",801 SOUTH WASHINGTON,NAPERVILLE,IL,60540,,,
141322,40.153990027135,-89.391309581715,https://geocoding.geo.census.gov/,"200 STAHLHUT DR, LINCOLN, IL, 62656",200 STAHLHUT DRIVE,LINCOLN,IL,62656,,,
174006,38.187668975405,-99.102540986889,https://geocoding.geo.census.gov/,"1301 KANSAS ST, LARNED, KS, 67550",1301 KS HIGHWAY 264,LARNED,KS,67550,,,
140233,42.266093929776,-89.005890337309,https://geocoding.geo.census.gov/,"5666 E STATE ST, ROCKFORD, IL, 61108",5666 EAST STATE STREET,ROCKFORD,IL,61108,,,
141321,38.009220636479,-88.916789230483,https://geocoding.geo.census.gov/,"201 BAILEY LN, BENTON, IL, 62812",201 BAILEY LANE,BENTON,IL,62812,,,
141324,37.815267267658,-88.441512822658,https://geocoding.geo.census.gov/,"1201 PINE ST, ELDORADO, IL, 62930",1201 PINE STREET,ELDORADO,IL,62930,,,
150037,39.773062373631,-85.766352750937,https://geocoding.geo.census.gov/,"801 S STATE ST, GREENFIELD, IN, 46140",801 N STATE ST,GREENFIELD,IN,46140,,,
141323,37.166728670957,-88.73906586645,https://geocoding.geo.census.gov/,"28 CHICK ST, METROPOLIS, IL, 62960","28 CHICK STREET, PO BOX 850",METROPOLIS,IL,62960,,,
141326,38.088131441556,-88.541130919491,https://geocoding.geo.census.gov/,"611 S MARSHALL AVE, MC LEANSBORO, IL, 62859",611 S MARSHALL AVENUE,MCLEANSBORO,IL,62859,,,
150035,41.550002820564,-87.054308445036,https://geocoding.geo.census.gov/,"85 E US HWY 6, VALPARAISO, IN, 46383",85 EAST US HWY 6,VALPARAISO,IN,46383,,,
141325,41.222116254744,-89.948903391487,https://geocoding.geo.census.gov/,"1051 W SOUTH ST, KEWANEE, IL, 61443",1051 WEST SOUTH STREET,KEWANEE,IL,61443,,,
140239,42.297775854383,-89.096835031245,https://geocoding.geo.census.gov/,"2400 N ROCKTON AVE, ROCKFORD, IL, 61103",2400 NORTH ROCKTON AVENUE,ROCKFORD,IL,61103,,,
141327,38.421905565006,-87.769242373354,https://geocoding.geo.census.gov/,"1418 COLLEGE DR, MOUNT CARMEL, IL, 62863",1418 COLLEGE DRIVE,MOUNT CARMEL,IL,62863,,,
150034,41.514214701233,-87.25903218699,https://geocoding.geo.census.gov/,"1500 S LAKE PARK AVE, HOBART, IN, 46342",1500 S LAKE PARK AVE,HOBART,IN,46342,,,
141329,41.808154639789,-89.957233044736,https://geocoding.geo.census.gov/,"303 N JACKSON ST, MORRISON, IL, 61270",303 N JACKSON STREET,MORRISON,IL,61270,,,
150030,39.942821069776,-85.364938023708,https://geocoding.geo.census.gov/,"1000 N 16TH ST, NEW CASTLE, IN, 47362",1000 N 16TH ST,NEW CASTLE,IN,47362,,,
15004F,40.523703229003,-85.637207225707,https://geocoding.geo.census.gov/,"1700 E 38TH ST, MARION, IN, 46953",1700 E. 38TH STREET,MARION,IN,46953,,,
160079,41.979129411229,-91.655121285875,https://geocoding.geo.census.gov/,"701 10TH ST SE, CEDAR RAPIDS, IA, 52403",701 10TH STREET SE,CEDAR RAPIDS,IA,52403,,,
160080,41.860742775878,-90.188144136873,https://geocoding.geo.census.gov/,"1410 N 4TH ST, CLINTON, IA, 52732",1410 NORTH 4TH STREET,CLINTON,IA,52732,,,
141331,38.024779426193,-89.23643182822,https://geocoding.geo.census.gov/,"900 N WASHINGTON ST, DU QUOIN, IL, 62832",900 NORTH WASHINGTON STREET,DU QUOIN,IL,62832,,,
141330,40.418727618546,-89.417670767248,https://geocoding.geo.census.gov/,"107 TREMONT ST, HOPEDALE, IL, 61747",107 TREMONT STREET,HOPEDALE,IL,61747,,,
160082,41.590701152086,-93.632381567032,https://geocoding.geo.census.gov/,"1200 PLEASANT ST, DES MOINES, IA, 50309",1200 PLEASANT STREET,DES MOINES,IA,50309,,,
140001,40.55326828462,-90.039565222145,https://geocoding.geo.census.gov/,"210 W WALNUT ST, CANTON, IL, 61520",210 WEST WALNUT STREET,CANTON,IL,61520,,,
141333,40.118794672912,-90.563647473513,https://geocoding.geo.census.gov/,"238 S CONGRESS ST, RUSHVILLE, IL, 62681",238 SOUTH CONGRESS STREET,RUSHVILLE,IL,62681,,,
140002,38.897007965755,-90.15842237117,https://geocoding.geo.census.gov/,"1 MEMORIAL DR, ALTON, IL, 62002",ONE MEMORIAL DRIVE,ALTON,IL,62002,,,
141332,39.153552332941,-89.481435818462,https://geocoding.geo.census.gov/,"1200 E TREMONT ST, HILLSBORO, IL, 62049",1200 E TREMONT STREET,HILLSBORO,IL,62049,,,
141335,42.425751447011,-88.607624971643,https://geocoding.geo.census.gov/,"901 GRANT ST, HARVARD, IL, 60033",901 S GRANT STREET,HARVARD,IL,60033,,,
150048,39.862877029682,-84.885810559793,https://geocoding.geo.census.gov/,"1100 REID PKWY, RICHMOND, IN, 47374",1100 REID PKWY,RICHMOND,IN,47374,,,
141334,37.77320653328,-89.326237851704,https://geocoding.geo.census.gov/,"2 S HOSP DR, MURPHYSBORO, IL, 62966",2 SOUTH HOSPITAL DRIVE,MURPHYSBORO,IL,62966,,,
141337,41.367940703588,-89.456713645456,https://geocoding.geo.census.gov/,"530 PARK AVE E, PRINCETON, IL, 61356",530 PARK AVENUE EAST,PRINCETON,IL,61356,,,
150046,39.419991092972,-87.406915562189,https://geocoding.geo.census.gov/,"3901 S 7TH ST, TERRE HAUTE, IN, 47802",3901 S SEVENTH ST,TERRE HAUTE,IN,47802,,,
141336,38.757056369649,-89.669825087236,https://geocoding.geo.census.gov/,"12866 TROXLER AVE, HIGHLAND, IL, 62249",12866 TROXLER AVENUE,HIGHLAND,IL,62249,,,
150047,41.078612572114,-85.15023693877,https://geocoding.geo.census.gov/,"702 VAN BUREN ST, FORT WAYNE, IN, 46802",702 VAN BUREN ST.,FORT WAYNE,IN,46802,,,
140007,41.528015353447,-88.134709058523,https://geocoding.geo.census.gov/,"333 MADISON ST, JOLIET, IL, 60435",333 N MADISON ST,JOLIET,IL,60435,,,
141339,39.553800313983,-89.294390926315,https://geocoding.geo.census.gov/,"201 E PLEASANT ST, TAYLORVILLE, IL, 62568",201 EAST PLEASANT STREET,TAYLORVILLE,IL,62568,,,
150044,38.30034925892,-85.834819000504,https://geocoding.geo.census.gov/,"1850 STATE ST, NEW ALBANY, IN, 47150",1850 STATE ST,NEW ALBANY,IN,47150,,,
140008,41.908350677477,-87.843268086615,https://geocoding.geo.census.gov/,"701 W NORTH AVE, MELROSE PARK, IL, 60160",701 WEST NORTH AVE,MELROSE PARK,IL,60160,,,
141338,37.91891291114,-89.812059385757,https://geocoding.geo.census.gov/,"1900 STATE ST, CHESTER, IL, 62233",1900 STATE ST,CHESTER,IL,62233,,,
150045,41.367694544334,-85.036428017665,https://geocoding.geo.census.gov/,"1316 E 7TH ST, AUBURN, IN, 46706",1316 E SEVENTH ST,AUBURN,IN,46706,,,
150042,38.673922412404,-87.532124318637,https://geocoding.geo.census.gov/,"520 S 7TH ST, VINCENNES, IN, 47591",520 S 7TH ST,VINCENNES,IN,47591,,,
150061,38.658734427975,-87.161091165419,https://geocoding.geo.census.gov/,"1314 E WALNUT ST, WASHINGTON, IN, 47501",1314 E WALNUT ST,WASHINGTON,IN,47501,,,
131303,42.189375060783,-112.250650336799,https://geocoding.geo.census.gov/,"150 N 200 W, MALAD CITY, ID, 83252",150 NORTH 200 WEST,MALAD CITY,ID,83252,,,
131301,48.702507710896,-116.321663978448,https://geocoding.geo.census.gov/,"6640 KANIKSU ST, BONNERS FERRY, ID, 83805",6640 KANIKSU STREET,BONNERS FERRY,ID,83805,,,
131307,44.248168116745,-116.961776050266,https://geocoding.geo.census.gov/,"645 E 5TH ST, WEISER, ID, 83672",645 EAST 5TH STREET,WEISER,ID,83672,,,
131305,45.173300776248,-113.891055000326,https://geocoding.geo.census.gov/,"203 S DAISY ST, SALMON, ID, 83467",203 SOUTH DAISY STREET,SALMON,ID,83467,,,
131304,42.781853195787,-112.84917663919,https://geocoding.geo.census.gov/,"510 ROOSEVELT ST, AMERICAN FALLS, ID, 83211",510 ROOSEVELT STREET,AMERICAN FALLS,ID,83211,,,
131309,42.652423261685,-111.613420429367,https://geocoding.geo.census.gov/,"300 S 3RD ST W, SODA SPRINGS, ID, 83276",300 SOUTH 3RD WEST,SODA SPRINGS,ID,83276,,,
141340,41.634951921148,-88.621666233782,https://geocoding.geo.census.gov/,"1301 S MAIN ST, SANDWICH, IL, 60548",1301 NORTH MAIN STREET,SANDWICH,IL,60548,1301 NORTH MAIN STREET,2026-09-28,
140251,41.945803644575,-87.768191491813,https://geocoding.geo.census.gov/,"5645 W ADDISON ST, CHICAGO, IL, 60634",5645 W ADDISON STREET,CHICAGO,IL,60634,,,
140010,42.066009384226,-87.683198100984,https://geocoding.geo.census.gov/,"2650 RIDGE AVE, EVANSTON, IL, 60201",2650 RIDGE AVE,EVANSTON,IL,60201,,,
140252,42.066638205664,-87.992859093791,https://geocoding.geo.census.gov/,"800 W CENTRAL RD, ARLINGTON HEIGHTS, IL, 60005",800 W CENTRAL ROAD,ARLINGTON HEIGHTS,IL,60005,,,
141342,37.457835117808,-89.252404228637,https://geocoding.geo.census.gov/,"517 S MAIN ST, ANNA, IL, 62906",517 NORTH MAIN STREET,ANNA,IL,62906,,,
140011,37.800597764406,-89.026566049182,https://geocoding.geo.census.gov/,"201 S 14TH ST, HERRIN, IL, 62948",201 S 14TH ST,HERRIN,IL,62948,,,
141341,39.380367081336,-89.085033867062,https://geocoding.geo.census.gov/,"101 E 9TH ST, PANA, IL, 62557",101 E NINTH STREET,PANA,IL,62557,,,
140012,41.844343912473,-89.479864387543,https://geocoding.geo.census.gov/,"403 E FIRST ST, DIXON, IL, 61021",403 E 1ST ST,DIXON,IL,61021,,,
141344,38.730059886714,-87.695547197618,https://geocoding.geo.census.gov/,"2200 STATE ST, LAWRENCEVILLE, IL, 62439",2200 STATE ST,LAWRENCEVILLE,IL,62439,,,
140013,40.7532111182,-89.59336684843,https://geocoding.geo.census.gov/,"5409 N KNOXVILLE AVE, PEORIA, IL, 61614",5409 N KNOXVILLE AVE,PEORIA,IL,61354,,,
141343,39.013726613034,-87.748904689069,https://geocoding.geo.census.gov/,"1000 N ALLEN ST, ROBINSON, IL, 62454",1000 NORTH ALLEN STREET,ROBINSON,IL,62454,,,
141346,38.970580613751,-89.098507393173,https://geocoding.geo.census.gov/,"650 W TAYLOR ST, VANDALIA, IL, 62471",650 W TAYLOR ST,VANDALIA,IL,62471,,,
150059,40.046968414867,-86.023930505216,https://geocoding.geo.census.gov/,"395 WESTFIELD RD, NOBLESVILLE, IN, 46060",395 WESTFIELD RD,NOBLESVILLE,IN,46060,,,
140015,39.935747818078,-91.399884507488,https://geocoding.geo.census.gov/,"1005 BROADWAY ST, QUINCY, IL, 62301",1005 BROADWAY ST,QUINCY,IL,62301,,,
141345,38.64150818397,-88.947545818371,https://geocoding.geo.census.gov/,"1201 RICKER DR, SALEM, IL, 62881",1201 RICKER DRIVE,SALEM,IL,62881,,,
140258,42.003516510085,-88.017265490391,https://geocoding.geo.census.gov/,"800 BIESTERFIELD RD, ELK GROVE VILLAGE, IL, 60007",800 BIESTERFIELD RD,ELK GROVE VILLAGE,IL,60007,,,
141348,38.20963027168,-89.996475033504,https://geocoding.geo.census.gov/,"325 SPRING ST, RED BUD, IL, 62278",325 SPRING STREET,RED BUD,IL,62278,,,
150057,39.609289821601,-86.355942267982,https://geocoding.geo.census.gov/,"1201 HADLEY RD, MOORESVILLE, IN, 46158",1201 HADLEY RD,MOORESVILLE,IN,46158,,,
150058,41.683983888508,-86.250585856559,https://geocoding.geo.census.gov/,"615 N MICHIGAN ST, SOUTH BEND, IN, 46601",615 N MICHIGAN ST,SOUTH BEND,IN,46601,,,
140018,41.860121982564,-87.69571798026,https://geocoding.geo.census.gov/,"W 15TH PL & S CALIFORNIA AVE, CHICAGO, IL, 60608",15TH STREET AT CALIFORNIA,CHICAGO,IL,60608,,,
141349,38.124545460609,-89.691231724103,https://geocoding.geo.census.gov/,"818 E BROADWAY ST, SPARTA, IL, 62286",818 E BROADWAY,SPARTA,IL,62286,,,
150056,39.788419116306,-86.165637728126,https://geocoding.geo.census.gov/,"1701 SENATE BLVD, INDIANAPOLIS, IN, 46202",1701 N SENATE BLVD,INDIANAPOLIS,IN,46202,,,
174027,37.766906796287,-97.2542441329,https://geocoding.geo.census.gov/,"6700 E 45TH ST N, BEL AIRE, KS, 67226",6700 E 45TH ST N,BEL AIRE,KS,67226,,,
174020,38.885854631015,-94.768721626589,https://geocoding.geo.census.gov/,"13351 S ARAPAHO DR, OLATHE, KS, 66062",13351 S ARAPAHO DRIVE,OLATHE,KS,66062,,,
150051,39.161348773015,-86.540105064631,https://geocoding.geo.census.gov/,"601 W 2ND ST, BLOOMINGTON, IN, 47403",601 W SECOND ST,BLOOMINGTON,IN,47403,,,
131310,42.729592569105,-114.518542036006,https://geocoding.geo.census.gov/,"709 N LINCOLN AVE, JEROME, ID, 83338",709 NORTH LINCOLN AVENUE,JEROME,ID,83338,,,
150072,40.762566926519,-86.361266368413,https://geocoding.geo.census.gov/,"1101 MICHIGAN AVE, LOGANSPORT, IN, 46947",1101 MICHIGAN AVE,LOGANSPORT,IN,46947,,,
131314,47.546629290498,-116.132110498843,https://geocoding.geo.census.gov/,"25 JACOBS GULCH RD, KELLOGG, ID, 83837",25 JACOBS GULCH ROAD,KELLOGG,ID,83837,,,
131313,43.72721348887,-111.108517978741,https://geocoding.geo.census.gov/,"120 HOWARD AVE, DRIGGS, ID, 83422",120 EAST HOWARD AVE,DRIGGS,ID,83422,,,
131312,44.908672254711,-116.109859980857,https://geocoding.geo.census.gov/,"1000 STATE ST, MCCALL, ID, 83638",1000 STATE STREET,MCCALL,ID,83638,,,
131311,43.139230375461,-115.692546060114,https://geocoding.geo.census.gov/,"895 N 6TH E, MOUNTAIN HOME, ID, 83647",895 NORTH 6TH EAST,MOUNTAIN HOME,ID,83647,,,
131318,43.879129046483,-116.48511605253,https://geocoding.geo.census.gov/,"1202 E LOCUST ST, EMMETT, ID, 83617",1202 EAST LOCUST STREET,EMMETT,ID,83617,,,
131317,47.315118517439,-116.566784764754,https://geocoding.geo.census.gov/,"229 S 7TH ST, SAINT MARIES, ID, 83861",229 SOUTH 7TH STREET,SAINT MARIES,ID,83861,,,
131316,42.316279493543,-111.300787935692,https://geocoding.geo.census.gov/,"164 S 5TH ST, MONTPELIER, ID, 83254",164 SOUTH FIFTH STREET,MONTPELIER,ID,83254,,,
131315,45.926839303409,-116.127055014364,https://geocoding.geo.census.gov/,"607 W MAIN ST, GRANGEVILLE, ID, 83530",607 W MAIN STREET,GRANGEVILLE,ID,83530,,,
131319,42.619703330034,-113.684897213956,https://geocoding.geo.census.gov/,"1224 8TH ST, RUPERT, ID, 83350",1224 8TH STREET,RUPERT,ID,83350,,,
141351,38.68094916844,-88.472893831415,https://geocoding.geo.census.gov/,"911 STACY BURKE DR, FLORA, IL, 62839",911 STACY BURK DR,FLORA,IL,62839,,,
141350,39.180861171536,-89.639273299066,https://geocoding.geo.census.gov/,"1215 FRANCISCAN DR, LITCHFIELD, IL, 62056",1215 FRANCISCAN DR,LITCHFIELD,IL,62056,,,
141353,40.765596850554,-87.732583664122,https://geocoding.geo.census.gov/,"200 E FAIRMAN AVE, WATSEKA, IL, 60970",200 FAIRMAN STREET,WATSEKA,IL,60970,,,
141352,39.745330524737,-90.257843269413,https://geocoding.geo.census.gov/,"1600 W WALNUT ST, JACKSONVILLE, IL, 62650",1600 W WALNUT ST,JACKSONVILLE,IL,62650,,,
141355,38.735094615072,-88.077017253663,https://geocoding.geo.census.gov/,"800 E LOCUST ST, OLNEY, IL, 62450",800 EAST LOCUST STREET,OLNEY,IL,62450,,,
141354,39.405373675709,-88.807173418943,https://geocoding.geo.census.gov/,"200 S CEDAR ST, SHELBYVILLE, IL, 62565",200 S CEDAR ST,SHELBYVILLE,IL,62565,,,
140029,41.727695941097,-88.268584839425,https://geocoding.geo.census.gov/,"2000 OGDEN AVE, AURORA, IL, 60504",2000 OGDEN AVENUE,AURORA,IL,60504,,,
150065,38.956689075543,-85.891195568411,https://geocoding.geo.census.gov/,"411 W TIPTON ST, SEYMOUR, IN, 47274",411 W TIPTON ST,SEYMOUR,IN,47274,,,
160047,41.268486602274,-95.835889236851,https://geocoding.geo.census.gov/,"933 E PIERCE ST, COUNCIL BLUFFS, IA, 51503",933 EAST PIERCE STREET,COUNCIL BLUFFS,IA,51503,,,
161379,41.298615434091,-92.629721694544,https://geocoding.geo.census.gov/,"1229 C AVE E, OSKALOOSA, IA, 52577",1229 C AVENUE EAST,OSKALOOSA,IA,52577,,,
161378,42.476193012317,-91.129576417904,https://geocoding.geo.census.gov/,"1111 3RD ST SW, DYERSVILLE, IA, 52040",1111 3RD STREET SW,DYERSVILLE,IA,52040,,,
161375,42.644405326216,-95.221308629842,https://geocoding.geo.census.gov/,"1525 W 5TH ST, STORM LAKE, IA, 50588",1525 WEST 5TH STREET,STORM LAKE,IA,50588,,,
161374,41.647419693056,-95.326370355395,https://geocoding.geo.census.gov/,"1213 GARFIELD AVE, HARLAN, IA, 51537",1213 GARFIELD AVENUE,HARLAN,IA,51537,,,
160045,41.98490525203,-91.660477318028,https://geocoding.geo.census.gov/,"1026 A AVE NE, CEDAR RAPIDS, IA, 52402",1026 A AVE NE,CEDAR RAPIDS,IA,52402,,,
161376,41.401747378279,-94.992446893964,https://geocoding.geo.census.gov/,"1501 E 10TH ST, ATLANTIC, IA, 50022",1501 EAST TENTH STREET,ATLANTIC,IA,50022,,,
161371,43.294511804514,-91.771202882482,https://geocoding.geo.census.gov/,"901 MONTGOMERY ST, DECORAH, IA, 52101",901 MONTGOMERY STREET,DECORAH,IA,52101,,,
160040,42.533853089722,-92.456009074224,https://geocoding.geo.census.gov/,"515 COLLEGE ST, CEDAR FALLS, IA, 50613",515 COLLEGE STREET,CEDAR FALLS,IA,50613,,,
161370,42.419865631325,-94.978036572316,https://geocoding.geo.census.gov/,"211 HIGHLAND AVE, SAC CITY, IA, 50583",211 HIGHLAND AVENUE PO BOX 217,SAC CITY,IA,50583,,,
184012,37.788610207255,-85.912614831197,https://geocoding.geo.census.gov/,"3909 S WILSON RD, RADCLIFF, KY, 40160",3909 S WILSON ROAD,RADCLIFF,KY,40160,,,
161372,42.055618819257,-93.878399403391,https://geocoding.geo.census.gov/,"1015 UNION ST, BOONE, IA, 50036",1015 UNION STREET,BOONE,IA,50036,,,
17008F,37.679813160729,-97.276492683644,https://geocoding.geo.census.gov/,"5500 E KELLOGG DR N, WICHITA, KS, 67218",5500 E. KELLOG,WICHITA,KS,67218,,,
151329,39.30471141589,-85.225157785374,https://geocoding.geo.census.gov/,"321 MITCHELL AVE, BATESVILLE, IN, 47006",321 MITCHELL AVE,BATESVILLE,IN,47006,,,
161380,42.506293961581,-93.262302192591,https://geocoding.geo.census.gov/,"920 S OAK ST, IOWA FALLS, IA, 50126",920 SOUTH OAK STREET,IOWA FALLS,IA,50126,,,
151328,38.860908762275,-86.512075377873,https://geocoding.geo.census.gov/,"2900 16TH ST, BEDFORD, IN, 47421",2900 W 16TH ST,BEDFORD,IN,47421,,,
151327,39.12311394532,-87.409180913276,https://geocoding.geo.census.gov/,"2200 N SECTION ST, SULLIVAN, IN, 47882",2200 N SECTION ST,SULLIVAN,IN,47882,,,
151326,39.653230696361,-87.398275442616,https://geocoding.geo.census.gov/,"801 S MAIN ST, CLINTON, IN, 47842",801 S MAIN ST,CLINTON,IN,47842,,,
151325,38.041431898233,-87.263424373639,https://geocoding.geo.census.gov/,"1116 MILLIS AVE, BOONVILLE, IN, 47601",1116 MILLIS AVE,BOONVILLE,IN,47601,,,
151323,41.644645520433,-85.42485776075,https://geocoding.geo.census.gov/,"207 N TOWNLINE RD, LAGRANGE, IN, 46761",207 N TOWNLINE RD,LAGRANGE,IN,46761,207 N TOWNLINE RD,2026-09-28,
151322,37.970204756984,-86.730490407443,https://geocoding.geo.census.gov/,"8885 HWY 237, TELL CITY, IN, 47586",8885 SR 237,TELL CITY,IN,47586,,,
151320,40.439433052031,-84.983889838357,https://geocoding.geo.census.gov/,"500 W VOTAW ST, PORTLAND, IN, 47371",500 W VOTAW ST,PORTLAND,IN,47371,,,
170086,39.051193519109,-95.695687525316,https://geocoding.geo.census.gov/,"1500 SW 10TH AVE, TOPEKA, KS, 66604",1500 SW 10TH AVENUE,TOPEKA,KS,66604,,,
161368,42.797283523934,-96.155851624411,https://geocoding.geo.census.gov/,"714 LINCOLN ST NE, LE MARS, IA, 51031",714 LINCOLN ST NE,LE MARS,IA,51031,,,
161367,41.412368126364,-92.911358391476,https://geocoding.geo.census.gov/,"404 JEFFERSON ST, PELLA, IA, 50219",404 JEFFERSON STREET,PELLA,IA,50219,,,
160032,41.70245730634,-93.05219600786,https://geocoding.geo.census.gov/,"204 N 4TH AVE E, NEWTON, IA, 50208",204 N 4TH AVE E,NEWTON,IA,50208,,,
161364,40.986914103481,-91.96318938545,https://geocoding.geo.census.gov/,"2000 S MAIN ST, FAIRFIELD, IA, 52556",2000 S MAIN,FAIRFIELD,IA,52556,,,
160033,41.542787300896,-90.557549434219,https://geocoding.geo.census.gov/,"1227 E RUSHOLME ST, DAVENPORT, IA, 52803",1227 EAST RUSHOLME STREET,DAVENPORT,IA,52803,,,
161363,41.025074954652,-95.213950139605,https://geocoding.geo.census.gov/,"2301 EASTERN AVE, RED OAK, IA, 51566",2301 EASTERN AVENUE,RED OAK,IA,51566,,,
161366,40.753720994024,-95.367819208013,https://geocoding.geo.census.gov/,"300 PERSHING AVE, SHENANDOAH, IA, 51601",300 PERSHING AVENUE,SHENANDOAH,IA,51601,,,
161365,41.071120160025,-94.384627600416,https://geocoding.geo.census.gov/,"1700 W TOWNLINE ST, CRESTON, IA, 50801",1700 WEST TOWNLINE STREET,CRESTON,IA,50801,,,
161360,42.995867546348,-96.046221514909,https://geocoding.geo.census.gov/,"1000 LINCOLN CIR, ORANGE CITY, IA, 51041",1000 LINCOLN CIRCLE SE,ORANGE CITY,IA,51041,,,
160030,42.032198838651,-93.610676221828,https://geocoding.geo.census.gov/,"1111 DUFF AVE, AMES, IA, 50010",1111 DUFF AVENUE,AMES,IA,50010,,,
161362,42.758655871938,-95.549451727412,https://geocoding.geo.census.gov/,"300 SIOUX VALLEY DR, CHEROKEE, IA, 51012",300 SIOUX VALLEY DRIVE,CHEROKEE,IA,51012,,,
161361,42.452911015551,-93.813391481499,https://geocoding.geo.census.gov/,"2350 HOSPITAL DR, WEBSTER CITY, IA, 50595",2350 HOSPITAL DRIVE,WEBSTER CITY,IA,50595,,,
150006,41.609636922051,-86.724413643135,https://geocoding.geo.census.gov/,"1007 LINCOLNWAY, LA PORTE, IN, 46350",1007 LINCOLNWAY,LA PORTE,IN,46350,,,
16003F,41.62597816928,-93.658771104819,https://geocoding.geo.census.gov/,"3600 30TH ST, DES MOINES, IA, 50310",3600 30TH STREET,DES MOINES,IA,50310,,,
140200,41.861675225366,-87.935021708095,https://geocoding.geo.census.gov/,"155 E BRUSH HILL RD, ELMHURST, IL, 60126",155 EAST BRUSH HILL ROAD,ELMHURST,IL,60126,,,
150007,40.446595153423,-86.127014469268,https://geocoding.geo.census.gov/,"3500 S LAFOUNTAIN ST, KOKOMO, IN, 46902",3500 S LAFOUNTAIN ST,KOKOMO,IN,46902,,,
140202,42.274542273143,-87.951674029561,https://geocoding.geo.census.gov/,"801 S MILWAUKEE AVE, LIBERTYVILLE, IL, 60048",801 S MILWAUKEE AVE,LIBERTYVILLE,IL,60048,,,
150005,39.75967892775,-86.511236707408,https://geocoding.geo.census.gov/,"1000 E MAIN ST, DANVILLE, IN, 46122",1000 E MAIN ST,DANVILLE,IN,46122,,,
150002,41.599514311394,-87.357130631969,https://geocoding.geo.census.gov/,"600 GRANT ST, GARY, IN, 46402",600 GRANT ST,GARY,IN,46402,,,
151334,38.705101439022,-85.785107951071,https://geocoding.geo.census.gov/,"1451 N GARDNER ST, SCOTTSBURG, IN, 47170",1451 N GARDNER ST,SCOTTSBURG,IN,47170,,,
170074,39.013713474291,-96.850046158543,https://geocoding.geo.census.gov/,"1102 ST MARYS RD, JUNCTION CITY, KS, 66441",1102 ST MARY'S ROAD,JUNCTION CITY,KS,66441,,,
151333,39.621940261846,-86.845969354136,https://geocoding.geo.census.gov/,"1542 S BLOOMINGTON ST, GREENCASTLE, IN, 46135",1542 S BLOOMINGTON ST,GREENCASTLE,IN,46135,,,
151332,39.34417983386,-85.479335391178,https://geocoding.geo.census.gov/,"720 N LINCOLN ST, GREENSBURG, IN, 47240",720 NORTH LINCOLN STREET,GREENSBURG,IN,47240,,,
140206,41.899813179588,-87.699351302601,https://geocoding.geo.census.gov/,"1044 N FRANCISCO AVE, CHICAGO, IL, 60622",1044 N FRANCISCO AVE,CHICAGO,IL,60622,,,
150001,39.480567587989,-86.07676621492,https://geocoding.geo.census.gov/,"1125 W JEFFERSON ST, FRANKLIN, IN, 46131",1125 W JEFFERSON ST,FRANKLIN,IN,46131,,,
151331,38.205137141309,-86.12229028852,https://geocoding.geo.census.gov/,"245 ATWOOD ST, CORYDON, IN, 47112",245 ATWOOD STREET,CORYDON,IN,47112,,,
151330,40.81715417793,-84.911617268413,https://geocoding.geo.census.gov/,"1100 MERCER AVE, DECATUR, IN, 46733",1100 MERCER AVE,DECATUR,IN,46733,,,
140208,41.720313769093,-87.731596143019,https://geocoding.geo.census.gov/,"4440 W 95TH ST, OAK LAWN, IL, 60453",4440 W 95TH STREET,OAK LAWN,IL,60453,,,
140209,40.699860669986,-89.595258684511,https://geocoding.geo.census.gov/,"221 NE GLEN OAK AVE, PEORIA, IL, 61603",221 N E GLEN OAK AVE,PEORIA,IL,61636,,,
160069,42.49314562254,-90.674184590873,https://geocoding.geo.census.gov/,"250 MERCY DR, DUBUQUE, IA, 52001",250 MERCY DRIVE,DUBUQUE,IA,52001,,,
160067,42.46432746372,-92.345038319127,https://geocoding.geo.census.gov/,"3421 W 9TH ST, WATERLOO, IA, 50702",3421 WEST NINTH STREET,WATERLOO,IA,50702,,,
160064,43.148463331047,-93.215230049247,https://geocoding.geo.census.gov/,"1000 4TH ST SW, MASON CITY, IA, 50401",1000 FOURTH STREET SW,MASON CITY,IA,50401,,,
141300,39.296254306725,-90.412406026597,https://geocoding.geo.census.gov/,"800 SCHOOL ST, CARROLLTON, IL, 62016",800 SCHOOL ST,CARROLLTON,IL,62016,,,
150017,41.036736147985,-85.246983378158,https://geocoding.geo.census.gov/,"7950 W JEFFERSON BLVD, FORT WAYNE, IN, 46804",7950 W JEFFERSON BLVD,FORT WAYNE,IN,46804,,,
140211,41.886689710387,-88.34045716239,https://geocoding.geo.census.gov/,"300 RANDALL RD, GENEVA, IL, 60134",300 RANDALL RD,GENEVA,IL,60134,,,
140213,41.543109495354,-87.986026559918,https://geocoding.geo.census.gov/,"1900 SILVER CROSS BLVD, NEW LENOX, IL, 60451",1900 SILVER CROSS BLVD,NEW LENOX,IL,60451,,,
141301,40.059607043638,-88.561813312846,https://geocoding.geo.census.gov/,"1000 MEDICAL CENTER DR, MONTICELLO, IL, 61856",1000 MEDICAL CENTER DRIVE,MONTICELLO,IL,61856,,,
141304,41.205393740547,-90.758574590071,https://geocoding.geo.census.gov/,"409 NW 9TH AVE, ALEDO, IL, 61231",409 NW 9TH AVENUE,ALEDO,IL,61231,,,
141303,40.148906277964,-88.964425907871,https://geocoding.geo.census.gov/,"422 W WHITE ST, CLINTON, IL, 61727",422 W WHITE ST,CLINTON,IL,61727,,,
141306,39.015136555028,-89.789833873704,https://geocoding.geo.census.gov/,"400 CALDWELL ST, STAUNTON, IL, 62088",400 N CALDWELL ST,STAUNTON,IL,62088,,,
150011,40.564083666861,-85.66544706718,https://geocoding.geo.census.gov/,"441 N WABASH AVE, MARION, IN, 46952",441 N WABASH AVE,MARION,IN,46952,,,
140217,42.035519473503,-88.328422852956,https://geocoding.geo.census.gov/,"77 N AIRLITE ST, ELGIN, IL, 60123",77 N AIRLITE STREET,ELGIN,IL,60123,,,
141305,40.408988101609,-91.111396324544,https://geocoding.geo.census.gov/,"1454 N CO RD 2050, CARTHAGE, IL, 62321",1454 N COUNTY ROAD 2050 E,CARTHAGE,IL,62321,,,
141308,38.339112827481,-89.390109933232,https://geocoding.geo.census.gov/,"705 S GRAND ST, NASHVILLE, IL, 62263",705 S GRAND AVE,NASHVILLE,IL,62263,,,
150010,40.487163211244,-86.155548172965,https://geocoding.geo.census.gov/,"1907 W SYCAMORE ST, KOKOMO, IN, 46901",1907 W SYCAMORE ST,KOKOMO,IN,46904,,,
141309,40.721354126592,-89.271589825366,https://geocoding.geo.census.gov/,"101 S MAJOR ST, EUREKA, IL, 61530",101 S MAJOR ST,EUREKA,IL,61530,,,
184007,38.235994637183,-85.62972441635,https://geocoding.geo.census.gov/,"1405 BROWNS LN, LOUISVILLE, KY, 40207",1405 BROWNS LANE,LOUISVILLE,KY,40207,,,
184008,38.265769834565,-85.593664756424,https://geocoding.geo.census.gov/,"8521 LAGRANGE RD, LOUISVILLE, KY, 40242",8521 LAGRANGE ROAD,LOUISVILLE,KY,40242,,,
184006,39.037667658991,-84.596231952661,https://geocoding.geo.census.gov/,"820 DOLWICK DR, ERLANGER, KY, 41018",820 DOLWICK DRIVE,ERLANGER,KY,41018,,,
160058,41.659475816624,-91.54984478654,https://geocoding.geo.census.gov/,"200 HAWKINS DR, IOWA CITY, IA, 52242",200 HAWKINS DRIVE,IOWA CITY,IA,52242,,,
184009,38.005199830775,-84.441674630522,https://geocoding.geo.census.gov/,"3050 RIO DOSA DR, LEXINGTON, KY, 40509",3050 RIO DOSA DRIVE,LEXINGTON,KY,40509,,,
160057,40.810361436052,-91.170290520894,https://geocoding.geo.census.gov/,"1221 S GEAR AVE, WEST BURLINGTON, IA, 52655",1221 SOUTH GEAR AVENUE,WEST BURLINGTON,IA,52655,,,
161382,42.057022269118,-94.86791084634,https://geocoding.geo.census.gov/,"311 S CLARK ST, CARROLL, IA, 51401",311 SOUTH CLARK STREET,CARROLL,IA,51401,,,
161381,43.186313922768,-95.847150798477,https://geocoding.geo.census.gov/,"118 N 7TH AVE, SHELDON, IA, 51201","118 NORTH SEVENTH AVENUE, PO BOX 250",SHELDON,IA,51201,,,
184004,38.084616657004,-84.497823482467,https://geocoding.geo.census.gov/,"1350 BULL LEA RD, LEXINGTON, KY, 40511",1350 BULL LEA ROAD,LEXINGTON,KY,40511,,,
184002,36.862871099446,-87.450154535605,https://geocoding.geo.census.gov/,"2400 RUSSELLVILLE RD, HOPKINSVILLE, KY, 42240",2400 RUSSELLVILLE ROAD,HOPKINSVILLE,KY,42240,,,
141311,38.381031813641,-88.374510714793,https://geocoding.geo.census.gov/,"303 NW 11TH ST, FAIRFIELD, IL, 62837",303 N W 11TH STREET,FAIRFIELD,IL,62837,,,
141313,40.305774849552,-90.056031561416,https://geocoding.geo.census.gov/,"615 N PROMENADE ST, HAVANA, IL, 62644","615 NORTH PROMENADE STREET,P O BOX 530",HAVANA,IL,62644,,,
150026,41.564284131725,-85.82983344166,https://geocoding.geo.census.gov/,"200 HIGH PARK AVE, GOSHEN, IN, 46526",200 HIGH PARK AVE,GOSHEN,IN,46526,,,
140224,41.935259859732,-87.63285213635,https://geocoding.geo.census.gov/,"2900 N LAKE SHORE DR, CHICAGO, IL, 60657",2900 NORTH LAKE SHORE DRIVE,CHICAGO,IL,60657,,,
141312,41.928258462913,-89.062885298704,https://geocoding.geo.census.gov/,"900 N 2ND ST, ROCHELLE, IL, 61068",900 N 2ND ST,ROCHELLE,IL,61068,,,
141315,39.606847288523,-90.815214275495,https://geocoding.geo.census.gov/,"640 W WASHINGTON ST, PITTSFIELD, IL, 62363",640 W WASHINGTON,PITTSFIELD,IL,62363,,,
150024,39.778116300882,-86.182951536337,https://geocoding.geo.census.gov/,"720 ESKENAZI AVE, INDIANAPOLIS, IN, 46202",720 ESKENAZI AVENUE,INDIANAPOLIS,IN,46202,,,
141317,40.477964967757,-88.370609871178,https://geocoding.geo.census.gov/,"1120 N MELVIN ST, GIBSON CITY, IL, 60936",1120 N MELVIN STREET,GIBSON CITY,IL,60936,,,
150022,40.065688531993,-86.908054911489,https://geocoding.geo.census.gov/,"1710 LAFAYETTE AVE, CRAWFORDSVILLE, IN, 47933",1710 LAFAYETTE RD,CRAWFORDSVILLE,IN,47933,,,
140228,42.266879266506,-89.073634835715,https://geocoding.geo.census.gov/,"1401 E STATE ST, ROCKFORD, IL, 61104",1401 EAST STATE STREET,ROCKFORD,IL,61104,,,
141316,40.459143922465,-87.65913313719,https://geocoding.geo.census.gov/,"701 E ORANGE ST, HOOPESTON, IL, 60942",701 EAST ORANGE STREET,HOOPESTON,IL,60942,,,
150023,39.483956275188,-87.390650532152,https://geocoding.geo.census.gov/,"1606 7TH AVE, TERRE HAUTE, IN, 47807",1606 N SEVENTH ST,TERRE HAUTE,IN,47804,,,
141319,41.460775972643,-90.158326118438,https://geocoding.geo.census.gov/,"600 N COLLEGE AVE, GENESEO, IL, 61254",600 N COLLEGE AVENUE,GENESEO,IL,61254,,,
141318,40.921341266066,-90.658318136603,https://geocoding.geo.census.gov/,"1000 W HARLEM AVE, MONMOUTH, IL, 61462",1000 W HARLEM AVENUE,MONMOUTH,IL,61462,,,
150021,41.18630676906,-85.099238829997,https://geocoding.geo.census.gov/,"11109 PARKVIEW PLAZA DR, FORT WAYNE, IN, 46845",11109 PARKVIEW PLAZA DRIVE,FORT WAYNE,IN,46845,,,
154005,40.459376231579,-86.892561789461,https://geocoding.geo.census.gov/,"2900 N RIVER RD, WEST LAFAYETTE, IN, 47906",2900 N RIVER RD,WEST LAFAYETTE,IN,47906,,,
154008,39.78884838144,-86.07611242234,https://geocoding.geo.census.gov/,"5435 E 16TH ST, INDIANAPOLIS, IN, 46218",5435 E 16TH ST,INDIANAPOLIS,IN,46218,,,
154009,39.484831304809,-87.410314681687,https://geocoding.geo.census.gov/,"620 8TH AVE, TERRE HAUTE, IN, 47804",620 8TH AVE,TERRE HAUTE,IN,47804,,,
140080,42.023267232498,-87.68499712386,https://geocoding.geo.census.gov/,"355 RIDGE AVE, EVANSTON, IL, 60202",355 RIDGE AVE,EVANSTON,IL,60202,,,
140082,41.96646948505,-87.648947529508,https://geocoding.geo.census.gov/,"4646 N MARINE DR, CHICAGO, IL, 60640",4646 N MARINE DRIVE,CHICAGO,IL,60640,,,
140083,41.872688809729,-87.764503883099,https://geocoding.geo.census.gov/,"645 S CENTRAL AVE, CHICAGO, IL, 60644",645 SOUTH CENTRAL AVE,CHICAGO,IL,60644,,,
140084,42.378453131363,-87.831076900512,https://geocoding.geo.census.gov/,"1324 N SHERIDAN RD, WAUKEGAN, IL, 60085",1324 NORTH SHERIDAN ROAD,WAUKEGAN,IL,60085,,,
140077,38.571365588826,-90.107846275516,https://geocoding.geo.census.gov/,"5900 BOND AVE, CENTREVILLE, IL, 62207",5900 BOND AVENUE,CENTREVILLE,IL,62207,,,
13003F,43.619441776231,-116.194854741647,https://geocoding.geo.census.gov/,"500 W FORT ST, BOISE, ID, 83702",500 W. FORT STREET,BOISE,ID,83702,,,
180779,37.329448620266,-88.090704736954,https://geocoding.geo.census.gov/,"520 W GUM ST, MARION, KY, 42064",520 WEST GUM STREET,MARION,KY,42064,,,
14008F,37.730079338766,-88.954029733389,https://geocoding.geo.census.gov/,"2401 W MAIN ST, MARION, IL, 62959",2401 WEST MAIN,MARION,IL,62959,,,
140091,40.117328006818,-88.214640798806,https://geocoding.geo.census.gov/,"611 W PARK ST, URBANA, IL, 61801",611 WEST PARK STREET,URBANA,IL,61801,,,
140093,40.135252802608,-87.644970123982,https://geocoding.geo.census.gov/,"812 N LOGAN AVE, DANVILLE, IL, 61832",812 N LOGAN AVE,DANVILLE,IL,61832,,,
140095,41.855464966442,-87.698092459868,https://geocoding.geo.census.gov/,"2875 W 19TH ST, CHICAGO, IL, 60623",2875 WEST 19TH STREET,CHICAGO,IL,60623,,,
121302,20.230767181276,-155.798550694408,https://geocoding.geo.census.gov/,"54-383 HOSPITAL RD, KAPAAU, HI, 96755",54-383 HOSPITAL ROAD,KAPAAU,HI,96755,,,
121301,19.202418927959,-155.476783576671,https://geocoding.geo.census.gov/,"1 KAMANI ST, PAHALA, HI, 96777",1 KAMANI STREET,PAHALA,HI,96777,,,
121304,21.676647732733,-157.952341118816,https://geocoding.geo.census.gov/,"56-117 PUALALEA ST, KAHUKU, HI, 96731",56-117 PUALALEA STREET,KAHUKU,HI,96731,,,
140088,41.788774900742,-87.60485817736,https://geocoding.geo.census.gov/,"5841 S MARYLAND AVE, CHICAGO, IL, 60637",5841 SOUTH MARYLAND,CHICAGO,IL,60637,,,
140089,40.447869679614,-90.663843219154,https://geocoding.geo.census.gov/,"525 E GRANT ST, MACOMB, IL, 61455",525 EAST GRANT STREET,MACOMB,IL,61455,,,
121300,21.960416025243,-159.669691879286,https://geocoding.geo.census.gov/,"4643 WAIMEA CANYON DR, WAIMEA, HI, 96796",4643 WAIMEA CANYON DRIVE,WAIMEA,HI,96796,,,
121306,22.087628037034,-159.314089580938,https://geocoding.geo.census.gov/,"4800 KAWAIHAU RD, KAPAA, HI, 96746",4800 KAWAIHAU ROAD,KAPAA,HI,96746,,,
121305,20.826767046026,-156.91770131857,https://geocoding.geo.census.gov/,"628 7TH ST, LANAI CITY, HI, 96763",628 7TH STREET,LANAI CITY,HI,96763,,,
121308,20.701197222236,-156.358110971173,https://geocoding.geo.census.gov/,"100 KEOKEA PL, KULA, HI, 96790",100 KEOKEA PLACE,KULA,HI,96790,,,
121307,20.076224084173,-155.470547643557,https://geocoding.geo.census.gov/,"45-547 PLUMERIA ST, HONOKAA, HI, 96727",45-547 PLUMERIA STREET,HONOKAA,HI,96727,,,
154024,39.614278926988,-86.086339303312,https://geocoding.geo.census.gov/,"898 E MAIN ST, GREENWOOD, IN, 46143",898 E MAIN ST,GREENWOOD,IN,46143,,,
130063,43.61131631949,-116.291456248671,https://geocoding.geo.census.gov/,"8800 EMERALD ST, BOISE, ID, 83704",8800 WEST EMERALD STREET,BOISE,ID,83704,,,
154031,41.603435815599,-85.835394657511,https://geocoding.geo.census.gov/,"330 LAKEVIEW DR, GOSHEN, IN, 46528",330 LAKEVIEW DR,GOSHEN,IN,46527,,,
130066,47.714424521055,-116.923729258188,https://geocoding.geo.census.gov/,"1593 E POLSTON AVE, POST FALLS, ID, 83854",1593 EAST POLSTON AVENUE,POST FALLS,ID,83854,,,
154011,39.110494528491,-84.881289134494,https://geocoding.geo.census.gov/,"285 BIELBY RD, LAWRENCEBURG, IN, 47025",285 BIELBY RD,LAWRENCEBURG,IN,47025,,,
130065,43.472587171993,-111.987747828241,https://geocoding.geo.census.gov/,"2325 CORONADO ST, IDAHO FALLS, ID, 83404",2325 CORONADO STREET,IDAHO FALLS,ID,83404,,,
154014,41.205885460132,-85.704631236108,https://geocoding.geo.census.gov/,"9 PEQUIGNOT DR, PIERCETON, IN, 46562",9 PEQUIGNOT DR,PIERCETON,IN,46562,,,
154018,39.83443516269,-84.926939819168,https://geocoding.geo.census.gov/,"498 NW 18TH ST, RICHMOND, IN, 47374",498 NW 18TH ST,RICHMOND,IN,47374,,,
154019,38.76158399225,-85.401668299379,https://geocoding.geo.census.gov/,"711 GREEN RD, MADISON, IN, 47250",711 GREEN RD,MADISON,IN,47250,,,
130073,43.196484659875,-112.356014789586,https://geocoding.geo.census.gov/,"350 N MERIDIAN ST, BLACKFOOT, ID, 83221",350 NORTH MERIDIAN STREET,BLACKFOOT,ID,83221,,,
130074,43.472587222422,-111.987732865772,https://geocoding.geo.census.gov/,"2327 CORONADO ST, IDAHO FALLS, ID, 83404",2327 CORONADO ST,IDAHO FALLS,ID,83404,,,
130071,43.616657295568,-116.589750342513,https://geocoding.geo.census.gov/,"9850 W ST LUKES DR, NAMPA, ID, 83687",9850 WEST ST LUKES DRIVE,NAMPA,ID,83687,,,
154020,41.462886529556,-87.364890503333,https://geocoding.geo.census.gov/,"8555 TAFT ST, MERRILLVILLE, IN, 46410",8555 TAFT ST,MERRILLVILLE,IN,46410,,,
154021,40.564784017344,-85.666020568702,https://geocoding.geo.census.gov/,"505 N WABASH AVE, MARION, IN, 46952",505 WABASH AVE,MARION,IN,46952,,,
110226,33.707707298021,-84.146917982459,https://geocoding.geo.census.gov/,"2801 DEKALB MEDICAL PKWY, LITHONIA, GA, 30058",2801 DEKALB MEDICAL PARKWAY,LITHONIA,GA,30058,,,
131321,46.050484556107,-116.351703220829,https://geocoding.geo.census.gov/,"701 LEWISTON ST, COTTONWOOD, ID, 83522",701 LEWISTON ST,COTTONWOOD,ID,83522,,,
150082,37.969632527198,-87.505616796693,https://geocoding.geo.census.gov/,"600 ST MARYS DR, EVANSVILLE, IN, 47714",600 MARY ST,EVANSVILLE,IN,47747,,,
131320,46.485332948761,-116.259449729189,https://geocoding.geo.census.gov/,"301 CEDAR ST, OROFINO, ID, 83544",301 CEDAR STREET,OROFINO,ID,83544,,,
111314,31.374467260516,-84.945778903234,https://geocoding.geo.census.gov/,"11740 COLUMBIA RD, BLAKELY, GA, 39823",11740 COLUMBIA STREET,BLAKELY,GA,39823,,,
110225,34.448051754797,-84.44732586003,https://geocoding.geo.census.gov/,"1266 HWY 515 S, JASPER, GA, 30143",1266 HIGHWAY 515 SOUTH,JASPER,GA,30143,,,
111312,32.750040914183,-81.645899094805,https://geocoding.geo.census.gov/,"215 MIMS RD, SYLVANIA, GA, 30467",215 MIMS ROAD,SYLVANIA,GA,30467,,,
131325,43.193350729505,-112.347383706238,https://geocoding.geo.census.gov/,"98 POPLAR ST, BLACKFOOT, ID, 83221",98 POPLAR STREET,BLACKFOOT,ID,83221,,,
111311,32.803742005078,-81.935583131954,https://geocoding.geo.census.gov/,"931 E WINTHROPE AVE, MILLEN, GA, 30442",931 EAST WINTHROPE AVENUE,MILLEN,GA,30442,,,
131324,43.640478978084,-113.296619497982,https://geocoding.geo.census.gov/,"551 HIGHLAND DR, ARCO, ID, 83213",551 HIGHLAND DRIVE,ARCO,ID,83213,,,
131323,43.650465681483,-114.348882523396,https://geocoding.geo.census.gov/,"100 HOSPITAL DR, KETCHUM, ID, 83340",100 HOSPITAL DRIVE,KETCHUM,ID,83340,,,
14003F,41.871191351939,-87.676451946646,https://geocoding.geo.census.gov/,"820 S DAMEN AVE, CHICAGO, IL, 60612",820 S DAMEN STREET,CHICAGO,IL,60612,,,
164007,41.603742864246,-93.772435535907,https://geocoding.geo.census.gov/,"1450 NW 114TH ST, CLIVE, IA, 50325",1450 NW 114TH STREET,CLIVE,IA,50325,,,
131322,42.097207703589,-111.873938354452,https://geocoding.geo.census.gov/,"44 N 1ST E, PRESTON, ID, 83263",44 NORTH FIRST EAST,PRESTON,ID,83263,,,
131328,48.277393406498,-116.550227089709,https://geocoding.geo.census.gov/,"520 N 3RD AVE, SANDPOINT, ID, 83864",520 NORTH THIRD AVENUE,SANDPOINT,ID,83864,,,
164006,41.560390288087,-90.520638222792,https://geocoding.geo.census.gov/,"770 TANGLEFOOT LN, BETTENDORF, IA, 52722",770 TANGLEFOOT LANE,BETTENDORF,IA,52722,,,
131327,46.729065916861,-117.001302096513,https://geocoding.geo.census.gov/,"700 S MAIN ST, MOSCOW, ID, 83843",700 SOUTH MAIN STREET,MOSCOW,ID,83843,,,
164003,42.453333216761,-91.919642188959,https://geocoding.geo.census.gov/,"2277 IOWA AVE, INDEPENDENCE, IA, 50644",2277 IOWA AVENUE,INDEPENDENCE,IA,50644,,,
131326,42.53542855335,-113.783303491186,https://geocoding.geo.census.gov/,"1501 HILAND AVE, BURLEY, ID, 83318",1501 HILAND AVENUE,BURLEY,ID,83318,,,
111319,33.303532951698,-83.978432756024,https://geocoding.geo.census.gov/,"1050 MCDONOUGH RD, JACKSON, GA, 30233",1050 MCDONOUGH ROAD,JACKSON,GA,30233,,,
140280,41.483403713211,-90.572714738382,https://geocoding.geo.census.gov/,"2701 17TH ST, ROCK ISLAND, IL, 61201",2701 17TH ST,ROCK ISLAND,IL,61201,,,
164002,42.753655918153,-95.567684393078,https://geocoding.geo.census.gov/,"1251 W CEDAR LOOP, CHEROKEE, IA, 51012",1251 NORTH CEDAR LOOP,CHEROKEE,IA,51012,,,
10065F,26.78433724032,-80.107411982434,https://geocoding.geo.census.gov/,"7305 N MILITARY TRL, WEST PALM BEACH, FL, 33410",7305 N. MILITARY TRAIL,WEST PALM BEACH,FL,33410,,,
111318,33.032021629098,-83.946426388186,https://geocoding.geo.census.gov/,"88 MARTIN LUTHER KING JR DR, FORSYTH, GA, 31029",88 MARTIN LUTHER KING JR DRIVE,FORSYTH,GA,31029,,,
140281,41.894945009436,-87.621515828156,https://geocoding.geo.census.gov/,"251 E HURON ST, CHICAGO, IL, 60611",251 E HURON ST,CHICAGO,IL,60611,,,
110229,33.359276018403,-84.753858956344,https://geocoding.geo.census.gov/,"745 POPLAR RD, NEWNAN, GA, 30265",745 POPLAR ROAD,NEWNAN,GA,30265,,,
140030,42.055039873174,-88.338675268034,https://geocoding.geo.census.gov/,"1425 N RANDALL RD, ELGIN, IL, 60123",1425 NORTH RANDALL ROAD,ELGIN,IL,60123,,,
120026,21.383995419447,-157.937772428068,https://geocoding.geo.census.gov/,"98-1079 MOANALUA RD, AIEA, HI, 96701",98-1079 MOANALUA ROAD,AIEA,HI,96701,,,
143300,41.896695893083,-87.622925348644,https://geocoding.geo.census.gov/,"225 E CHICAGO AVE, CHICAGO, IL, 60611","225 E CHICAGO AVE, BOX 140",CHICAGO,IL,60611,,,
140032,39.125805344895,-88.549314969255,https://geocoding.geo.census.gov/,"503 N MAPLE ST, EFFINGHAM, IL, 62401",503 N MAPLE STREET,EFFINGHAM,IL,62401,,,
140034,38.529004085571,-89.11609372537,https://geocoding.geo.census.gov/,"400 N PLEASANT AVE, CENTRALIA, IL, 62801",400 NORTH PLEASANT AVENUE,CENTRALIA,IL,62801,,,
140276,41.865167609512,-87.833457710592,https://geocoding.geo.census.gov/,"2160 S 1ST AVE, MAYWOOD, IL, 60153",2160 S 1ST AVENUE,MAYWOOD,IL,60153,,,
120022,21.302534007765,-157.851511066485,https://geocoding.geo.census.gov/,"888 S KING ST, HONOLULU, HI, 96813",888 S KING STREET,HONOLULU,HI,96813,,,
143302,41.916947665224,-87.79495798395,https://geocoding.geo.census.gov/,"2211 N OAK PARK AVE, CHICAGO, IL, 60707",2211 NORTH OAK PARK AVE,CHICAGO,IL,60707,,,
110230,34.067962746041,-84.175561543287,https://geocoding.geo.census.gov/,"6325 HOSPITAL PKWY, JOHNS CREEK, GA, 30097",6325 HOSPITAL PARKWAY,JOHNS CREEK,GA,30097,,,
150075,40.737181986793,-85.171418708332,https://geocoding.geo.census.gov/,"303 S MAIN ST, BLUFFTON, IN, 46714",303 S MAIN ST,BLUFFTON,IN,46714,,,
150076,41.333928096699,-86.333374260376,https://geocoding.geo.census.gov/,"1915 LAKE AVE, PLYMOUTH, IN, 46563",1915 LAKE AVE,PLYMOUTH,IN,46563,,,
150074,39.787677288511,-86.073872770924,https://geocoding.geo.census.gov/,"1500 N RITTER AVE, INDIANAPOLIS, IN, 46219",1500 N RITTER AVE,INDIANAPOLIS,IN,46219,,,
110215,33.450933855808,-84.507832660308,https://geocoding.geo.census.gov/,"1255 STATE RTE 54, FAYETTEVILLE, GA, 30214",1255 HIGHWAY 54 WEST,FAYETTEVILLE,GA,30214,,,
111305,31.174899308883,-84.734624718665,https://geocoding.geo.census.gov/,"209 N CUTHBERT ST, COLQUITT, GA, 39837",209 N CUTHBERT STREET,COLQUITT,GA,39837,,,
111303,33.313836409971,-83.686776192871,https://geocoding.geo.census.gov/,"898 COLLEGE ST, MONTICELLO, GA, 31064",898 COLLEGE STREET,MONTICELLO,GA,31064,,,
12001F,21.356013546365,-157.893893970134,https://geocoding.geo.census.gov/,"1 JARRETT WHITE RD, TRIPLER ARMY MEDICAL CENTER, HI, 96859",1 Jarrett White Rd,Honolulu,HI,96859,,,
150091,40.905552104991,-85.490525279778,https://geocoding.geo.census.gov/,"2001 STULTS RD, HUNTINGTON, IN, 46750",2001 STULTS RD,HUNTINGTON,IN,46750,,,
111302,32.383828034762,-83.346842732976,https://geocoding.geo.census.gov/,"145 PEACOCK ST, COCHRAN, GA, 31014",145 PEACOCK STREET,COCHRAN,GA,31014,,,
14004F,40.131729958642,-87.593130024884,https://geocoding.geo.census.gov/,"1900 E MAIN ST, DANVILLE, IL, 61832",1900 E. MAIN,DANVILLE,IL,61832,,,
150090,41.494179628693,-87.523495641954,https://geocoding.geo.census.gov/,"24 JOLIET ST, DYER, IN, 46311",24 JOLIET ST,DYER,IN,46311,,,
130002,42.592103396249,-114.462801686881,https://geocoding.geo.census.gov/,"801 POLELINE RD, TWIN FALLS, ID, 83301",801 POLE LINE ROAD WEST,TWIN FALLS,ID,83301,,,
130003,46.416463302121,-117.024913083917,https://geocoding.geo.census.gov/,"415 6TH ST, LEWISTON, ID, 83501",415 SIXTH STREET,LEWISTON,ID,83501,,,
130006,43.612499245715,-116.192700157285,https://geocoding.geo.census.gov/,"190 E BANNOCK ST, BOISE, ID, 83712",190 EAST BANNOCK STREET,BOISE,ID,83712,,,
130007,43.613802454608,-116.253708594217,https://geocoding.geo.census.gov/,"1055 N CURTIS RD, BOISE, ID, 83706",1055 NORTH CURTIS ROAD,BOISE,ID,83706,,,
140290,42.05203522008,-88.14436172949,https://geocoding.geo.census.gov/,"1555 BARRINGTON RD, HOFFMAN ESTATES, IL, 60169",1555 N BARRINGTON RD,HOFFMAN ESTATES,IL,60169,,,
140291,42.190580744517,-88.12416572833,https://geocoding.geo.census.gov/,"450 E STATE RTE 22, BARRINGTON, IL, 60010",450 WEST HIGHWAY 22,BARRINGTON,IL,60010,,,
140292,41.914866161778,-88.060286394285,https://geocoding.geo.census.gov/,"701 WINTHROP AVE, GLENDALE HEIGHTS, IL, 60139",701 WINTHROP AVENUE,GLENDALE HEIGHTS,IL,60139,,,
111306,32.363479820249,-81.324670424184,https://geocoding.geo.census.gov/,"459 STATE RTE 119, SPRINGFIELD, GA, 31329",459 GA HIGHWAY 119 SOUTH,SPRINGFIELD,GA,31329,,,
140043,41.801619277466,-89.697052104899,https://geocoding.geo.census.gov/,"100 E LE FEVRE RD, STERLING, IL, 61081",100 EAST LEFEVRE ROAD,STERLING,IL,61081,,,
120011,21.362341662526,-157.901015990302,https://geocoding.geo.census.gov/,"3288 MOANALUA RD, HONOLULU, HI, 96819",3288 MOANALUA RD,HONOLULU,HI,96819,,,
140046,38.297502027953,-88.937138841281,https://geocoding.geo.census.gov/,"1 GOOD SAMARITAN WAY, MOUNT VERNON, IL, 62864",1 GOOD SAMARITAN WAY,MOUNT VERNON,IL,62864,,,
140288,41.818625853869,-88.010154671335,https://geocoding.geo.census.gov/,"3815 HIGHLAND AVE, DOWNERS GROVE, IL, 60515",3815 HIGHLAND AVENUE,DOWNERS GROVE,IL,60515,,,
140289,38.738094804491,-89.947058046523,https://geocoding.geo.census.gov/,"6800 STATE RTE 162, MARYVILLE, IL, 62062",6800 STATE ROUTE 162,MARYVILLE,IL,62062,,,
140048,41.726270195365,-87.567849188633,https://geocoding.geo.census.gov/,"2320 E 93RD ST, CHICAGO, IL, 60617",2320 E 93RD ST,CHICAGO,IL,60617,,,
140049,41.891781658892,-87.775837790101,https://geocoding.geo.census.gov/,"3 ERIE CT, OAK PARK, IL, 60302",3 ERIE COURT,OAK PARK,IL,60302,,,
150088,40.096196105134,-85.680536162994,https://geocoding.geo.census.gov/,"2015 JACKSON ST, ANDERSON, IN, 46016",2015 JACKSON ST,ANDERSON,IN,46016,,,
150089,40.197545570198,-85.414093068007,https://geocoding.geo.census.gov/,"2401 W UNIVERSITY AVE, MUNCIE, IN, 47303",2401 UNIVERSITY AVE,MUNCIE,IN,47303,,,
150086,39.110611950789,-84.884644589899,https://geocoding.geo.census.gov/,"600 WILSON CREEK RD, LAWRENCEBURG, IN, 47025",600 WILSON CREEK RD,LAWRENCEBURG,IN,47025,,,
120019,19.520221819919,-155.920187725627,https://geocoding.geo.census.gov/,"79-1019 HAUKAPILA ST, KEALAKEKUA, HI, 96750",79-1019 HAUKAPILA STREET,KEALAKEKUA,HI,96750,,,
150084,39.911975714705,-86.196444343294,https://geocoding.geo.census.gov/,"2001 W 86TH ST, INDIANAPOLIS, IN, 46260",2001 W 86TH ST,INDIANAPOLIS,IN,46260,,,
10063F,28.064686419425,-82.426153983896,https://geocoding.geo.census.gov/,"13000 BRUCE B DOWNS BLVD, TAMPA, FL, 33612",13000 BRUCE B DOWNS BLVD.,TAMPA,FL,33612,,,
110200,32.536046520685,-84.95471379016,https://geocoding.geo.census.gov/,"100 FRIST CT, COLUMBUS, GA, 31909",100 FRIST COURT,COLUMBUS,GA,31909,,,
110201,32.867578136062,-83.693308353945,https://geocoding.geo.census.gov/,"400 CHARTER BLVD, MACON, GA, 31210",400 CHARTER BOULEVARD,MACON,GA,31210,,,
130013,43.597568478499,-116.519488169018,https://geocoding.geo.census.gov/,"4300 E FLAMINGO AVE, NAMPA, ID, 83687",4300 E FLAMINGO AVE,NAMPA,ID,83687,,,
130014,43.653569665123,-116.695535516237,https://geocoding.geo.census.gov/,"1717 ARLINGTON AVE, CALDWELL, ID, 83605",1717 ARLINGTON STREET,CALDWELL,ID,83605,,,
130018,43.470191965639,-111.990318970625,https://geocoding.geo.census.gov/,"3100 CHANNING WAY, IDAHO FALLS, ID, 83404",3100 CHANNING WAY,IDAHO FALLS,ID,83404,,,
110209,31.131409919139,-83.771082544683,https://geocoding.geo.census.gov/,"3015 VETERANS PKWY, MOULTRIE, GA, 31788",3015 VETERANS PARKWAY,MOULTRIE,GA,31788,,,
140294,38.311932361157,-88.9362707549,https://geocoding.geo.census.gov/,"8 DOCTORS PARK RD, MOUNT VERNON, IL, 62864",8 DOCTORS PARK RD,MOUNT VERNON,IL,62864,,,
140053,39.807215414261,-89.644793123317,https://geocoding.geo.census.gov/,"800 E CARPENTER ST, SPRINGFIELD, IL, 62769",800 E CARPENTER ST,SPRINGFIELD,IL,62769,,,
120005,19.717513263863,-155.113334326878,https://geocoding.geo.census.gov/,"1190 WAIANUENUE AVE, HILO, HI, 96720",1190 WAIANUENUE AVENUE,HILO,HI,96720,,,
140054,41.832682017225,-87.792735358866,https://geocoding.geo.census.gov/,"3249 OAK PARK AVE, BERWYN, IL, 60402",3249 SOUTH OAK PARK AVENUE,BERWYN,IL,60402,,,
120006,21.381068054788,-157.758336165977,https://geocoding.geo.census.gov/,"640 ULUKAHIKI ST, KAILUA, HI, 96734",640 ULUKAHIKI ST,KAILUA,HI,96734,,,
120001,21.307650024289,-157.85511102825,https://geocoding.geo.census.gov/,"1301 PUNCHBOWL ST, HONOLULU, HI, 96813",1301 PUNCHBOWL ST,HONOLULU,HI,96813,,,
120002,20.884252135325,-156.488492618896,https://geocoding.geo.census.gov/,"221 MAHALANI ST, WAILUKU, HI, 96793",221 MAHALANI STREET,WAILUKU,HI,96793,,,
140059,39.113048397605,-90.341679763071,https://geocoding.geo.census.gov/,"400 MAPLE SUMMIT RD, JERSEYVILLE, IL, 62052",400 MAPLE SUMMIT ROAD,JERSEYVILLE,IL,62052,,,
120007,21.322126746133,-157.856210941562,https://geocoding.geo.census.gov/,"347 N KUAKINI ST, HONOLULU, HI, 96817",347 NORTH KUAKINI STREET,HONOLULU,HI,96817,,,
150097,39.559443524449,-85.78404753101,https://geocoding.geo.census.gov/,"2451 INTELLIPLEX DR, SHELBYVILLE, IN, 46176",2451 INTELLIPLEX DR,SHELBYVILLE,IN,46176,,,
130025,43.826107277899,-111.795582610738,https://geocoding.geo.census.gov/,"450 W MAIN ST, REXBURG, ID, 83440",450 EAST MAIN STREET,REXBURG,ID,83440,,,
130028,42.871324355335,-112.418020590182,https://geocoding.geo.census.gov/,"777 HOSPITAL WAY, POCATELLO, ID, 83201",777 HOSPITAL WAY,POCATELLO,ID,83201,,,
10064F,25.790513765324,-80.215139278792,https://geocoding.geo.census.gov/,"1201 NW 16TH ST, MIAMI, FL, 33125",1201 N W 16TH STREET,MIAMI,FL,33125,,,
140063,41.878917537828,-87.803760418272,https://geocoding.geo.census.gov/,"520 S MAPLE AVE, OAK PARK, IL, 60304",520 S MAPLE AVE,OAK PARK,IL,60304,,,
140064,40.988806361422,-90.363681840621,https://geocoding.geo.census.gov/,"3333 N SEMINARY ST, GALESBURG, IL, 61401",3333 NORTH SEMINARY,GALESBURG,IL,61401,,,
140067,40.70211753357,-89.591163760414,https://geocoding.geo.census.gov/,"530 NE GLEN OAK AVE, PEORIA, IL, 61603",530 NE GLEN OAK AVE,PEORIA,IL,61637,,,
140068,41.692512304811,-87.624336263145,https://geocoding.geo.census.gov/,"45 W 111TH ST, CHICAGO, IL, 60628",45 W 111TH STREET,CHICAGO,IL,60628,,,
261340,40.326654413234,-94.874078158436,https://geocoding.geo.census.gov/,"2016 S MAIN ST, MARYVILLE, MO, 64468",2016 SOUTH MAIN ST,MARYVILLE,MO,64468,,,
270057,45.669436333129,-111.017500180245,https://geocoding.geo.census.gov/,"915 HIGHLAND BLVD, BOZEMAN, MT, 59715",915 HIGHLAND BLVD,BOZEMAN,MT,59715,,,
260017,37.951480689142,-91.786211153106,https://geocoding.geo.census.gov/,"1000 W 10TH ST, ROLLA, MO, 65401",1000 W 10TH ST,ROLLA,MO,65401,,,
270051,48.215516768703,-114.324779145908,https://geocoding.geo.census.gov/,"310 SUNNYVIEW LN, KALISPELL, MT, 59901",310 SUNNYVIEW LANE,KALISPELL,MT,59901,,,
190054,29.988599849567,-91.784657329645,https://geocoding.geo.census.gov/,"2315 E MAIN ST, NEW IBERIA, LA, 70560",2315 E MAIN STREET,NEW IBERIA,LA,70560,,,
190053,30.24006198836,-92.663399251243,https://geocoding.geo.census.gov/,"1634 ELTON RD, JENNINGS, LA, 70546",1634 ELTON ROAD,JENNINGS,LA,70546,,,
190050,30.841880722309,-93.289011251154,https://geocoding.geo.census.gov/,"600 S PINE ST, DERIDDER, LA, 70634",600 S PINE STREET,DERIDDER,LA,70634,,,
190298,31.305694712945,-92.455433022689,https://geocoding.geo.census.gov/,"651 BOLTON AVE, ALEXANDRIA, LA, 71301",651 NORTH BOLTON AVE,ALEXANDRIA,LA,71301,,,
261333,39.440525080933,-91.063672460435,https://geocoding.geo.census.gov/,"2305 GEORGIA ST, LOUISIANA, MO, 63353",2305 WEST GEORGIA STREET,LOUISIANA,MO,63353,,,
270049,45.792950796113,-108.519921295544,https://geocoding.geo.census.gov/,"1233 N 30TH ST, BILLINGS, MT, 59101",1233 N 30TH ST,BILLINGS,MT,59107,,,
261331,36.867541700406,-94.368826999136,https://geocoding.geo.census.gov/,"113 W HICKORY ST, NEOSHO, MO, 64850",113 WEST HICKORY STREET,NEOSHO,MO,64850,,,
261332,39.375043059985,-93.494121226542,https://geocoding.geo.census.gov/,"1502 N JEFFERSON ST, CARROLLTON, MO, 64633",1502 NORTH JEFFERSON,CARROLLTON,MO,64633,,,
260005,38.780410969672,-90.484423941388,https://geocoding.geo.census.gov/,"300 FIRST CAPITOL DR, SAINT CHARLES, MO, 63301",300 1ST CAPITOL DR,SAINT CHARLES,MO,63301,,,
261337,38.195606806582,-91.169349500894,https://geocoding.geo.census.gov/,"751 SAPPINGTON BRIDGE RD, SULLIVAN, MO, 63080",751 SAPPINGTON BRIDGE RD,SULLIVAN,MO,63080,,,
261335,37.001533262298,-91.702449519038,https://geocoding.geo.census.gov/,"100 W US HWY 60, MOUNTAIN VIEW, MO, 65548","100 WEST HIGHWAY 60, PO BOX 82",MOUNTAIN VIEW,MO,65548,,,
260006,39.770188743903,-94.771772666569,https://geocoding.geo.census.gov/,"5325 FARAON ST, SAINT JOSEPH, MO, 64506",5325 FARAON STREET,SAINT JOSEPH,MO,64506,,,
260009,38.699116250379,-93.222661880547,https://geocoding.geo.census.gov/,"601 E 14TH ST, SEDALIA, MO, 65301",601 E 14TH ST,SEDALIA,MO,65301,,,
190065,30.395726858475,-91.102995802356,https://geocoding.geo.census.gov/,"8585 PICARDY AVE, BATON ROUGE, LA, 70809",8585 PICARDY AVE,BATON ROUGE,LA,70809,,,
190064,30.403030784204,-91.108145889614,https://geocoding.geo.census.gov/,"5000 HENNESSY BLVD, BATON ROUGE, LA, 70808",5000 HENNESSY BLVD,BATON ROUGE,LA,70808,,,
251300,32.365777295284,-89.470892420063,https://geocoding.geo.census.gov/,"330 N BROAD ST, FOREST, MS, 39074",330 N BROAD STREET,FOREST,MS,39074,,,
251302,33.821231998295,-88.540554883749,https://geocoding.geo.census.gov/,"400 S CHESTNUT ST, ABERDEEN, MS, 39730",400 SOUTH CHESTNUT STREET,ABERDEEN,MS,39730,,,
190060,30.203433882777,-93.197289401868,https://geocoding.geo.census.gov/,"1701 OAK PARK BLVD, LAKE CHARLES, LA, 70601",1701 OAK PARK BLVD,LAKE CHARLES,LA,70601,,,
251307,33.122294232823,-88.559192131569,https://geocoding.geo.census.gov/,"78 HOSPITAL DR, MACON, MS, 39341",78 HOSPITAL ROAD,MACON,MS,39341,,,
251308,34.24271530334,-88.996720853545,https://geocoding.geo.census.gov/,"176 S MAIN ST, PONTOTOC, MS, 38863",176 SOUTH MAIN STREET,PONTOTOC,MS,38863,,,
251304,34.004387409281,-90.058736123759,https://geocoding.geo.census.gov/,"141 DR T T LEWIS CIR, CHARLESTON, MS, 38921",141 DR. T.T. LEWIS CIRCLE / PO BOX 230,CHARLESTON,MS,38921,,,
251305,31.553457981477,-90.099566816424,https://geocoding.geo.census.gov/,"1065 E BROAD ST, MONTICELLO, MS, 39654",1065 EAST BROAD ST,MONTICELLO,MS,39654,,,
261322,39.361757629003,-94.236833602064,https://geocoding.geo.census.gov/,"1700 RAINBOW BLVD, EXCELSIOR SPRINGS, MO, 64024",1700 RAINBOW BOULEVARD,EXCELSIOR SPRINGS,MO,64024,,,
261323,37.860391954138,-94.018444675792,https://geocoding.geo.census.gov/,"1401 S PARK ST, EL DORADO SPRINGS, MO, 64744",1401 SOUTH PARK STREET,EL DORADO SPRINGS,MO,64744,,,
261321,39.818739297637,-93.552192070475,https://geocoding.geo.census.gov/,"2799 N WASHINGTON ST, CHILLICOTHE, MO, 64601",2799 NORTH WASHINGTON STREET,CHILLICOTHE,MO,64601,,,
25042F,30.412897609411,-88.946029705891,https://geocoding.geo.census.gov/,"400 VETERANS AVE, BILOXI, MS, 39531",400 VETERANS AVENUE,BILOXI,MS,39531,,,
261327,39.265249677904,-93.956794879438,https://geocoding.geo.census.gov/,"904 WOLLARD BLVD, RICHMOND, MO, 64085",904 WOLLARD BOULEVARD,RICHMOND,MO,64085,,,
261324,38.663390458183,-94.375119526171,https://geocoding.geo.census.gov/,"2800 E ROCK HAVEN RD, HARRISONVILLE, MO, 64701",2800 E ROCK HAVEN ROAD,HARRISONVILLE,MO,64701,,,
261325,37.504610880724,-94.299692477533,https://geocoding.geo.census.gov/,"29 NW 1ST LN, LAMAR, MO, 64759",29 NW 1ST LANE,LAMAR,MO,64759,,,
261328,40.252181103405,-94.325396947036,https://geocoding.geo.census.gov/,"705 COLLEGE ST, ALBANY, MO, 64402",705 N COLLEGE STREET,ALBANY,MO,64402,,,
261329,36.915848668927,-93.949422150234,https://geocoding.geo.census.gov/,"1000 US HWY 60, MONETT, MO, 65708",1000 E US HIGHWAY 60,MONETT,MO,65708,,,
190274,30.0236263163,-90.278139425186,https://geocoding.geo.census.gov/,"180 W ESPLANADE AVE, KENNER, LA, 70065",180 WEST ESPLANADE AVENUE,KENNER,LA,70065,,,
193300,29.917695384767,-90.127030368986,https://geocoding.geo.census.gov/,"200 HENRY CLAY AVE, NEW ORLEANS, LA, 70118",200 HENRY CLAY AVE,NEW ORLEANS,LA,70118,,,
190270,30.274025238401,-89.754570274793,https://geocoding.geo.census.gov/,"1700 LINDBERG DR, SLIDELL, LA, 70458",1700 W LINDBERG DRIVE,SLIDELL,LA,70458,,,
26023F,38.937540298422,-92.328529579632,https://geocoding.geo.census.gov/,"800 HOSPITAL DR, COLUMBIA, MO, 65201",800 HOSPITAL DR,COLUMBIA,MO,65201,,,
280077,41.451504885822,-96.492319775509,https://geocoding.geo.census.gov/,"450 E 23RD ST, FREMONT, NE, 68025",450 EAST 23RD ST,FREMONT,NE,68025,,,
190036,29.962586258252,-90.144514284623,https://geocoding.geo.census.gov/,"1516 JEFFERSON HWY, NEW ORLEANS, LA, 70121",1516 JEFFERSON HWY,NEW ORLEANS,LA,70121,,,
190278,32.498092201017,-93.746115079216,https://geocoding.geo.census.gov/,"1500 LINE AVE, SHREVEPORT, LA, 71101",1500 LINE AVENUE,SHREVEPORT,LA,71101,,,
190034,29.972129910834,-92.106920374266,https://geocoding.geo.census.gov/,"118 N HOSPITAL DR, ABBEVILLE, LA, 70510",118 N HOSPITAL DR,ABBEVILLE,LA,70510,,,
261311,37.731838954373,-89.864876813883,https://geocoding.geo.census.gov/,"434 N WEST ST, PERRYVILLE, MO, 63775",434 NORTH WEST STREET,PERRYVILLE,MO,63775,,,
261312,40.265216735775,-94.026143561555,https://geocoding.geo.census.gov/,"2600 MILLER ST, BETHANY, MO, 64424",2600 MILLER STREET,BETHANY,MO,64424,,,
261310,40.465831201395,-92.166489108192,https://geocoding.geo.census.gov/,"450 E SIGLER AVE, MEMPHIS, MO, 63555",450 E SIGLER AVENUE,MEMPHIS,MO,63555,,,
28006F,41.245087645409,-95.97477973974,https://geocoding.geo.census.gov/,"4101 WOOLWORTH AVE, OMAHA, NE, 68105",4101 WOOLWORTH AVENUE,OMAHA,NE,68105,,,
261316,36.970440053077,-93.710902452582,https://geocoding.geo.census.gov/,"500 S PORTER AVE, AURORA, MO, 65605",500 PORTER AVENUE,AURORA,MO,65605,,,
270023,46.842223392581,-114.056037466111,https://geocoding.geo.census.gov/,"2827 FORT MISSOULA RD, MISSOULA, MT, 59804",2827 FORT MISSOULA RD,MISSOULA,MT,59804,,,
261313,39.747952628923,-92.468099532722,https://geocoding.geo.census.gov/,"1205 N MISSOURI ST, MACON, MO, 63552",1205 NORTH MISSOURI ST,MACON,MO,63552,,,
261314,38.692341376696,-91.448673802894,https://geocoding.geo.census.gov/,"509 18TH ST, HERMANN, MO, 65041",509 W 18TH ST,HERMANN,MO,65041,,,
261319,38.977285814574,-90.988174965121,https://geocoding.geo.census.gov/,"1000 W CHERRY ST, TROY, MO, 63379",1000 EAST CHERRY STREET,TROY,MO,63379,,,
261317,36.674025131523,-93.872200961019,https://geocoding.geo.census.gov/,"94 MAIN ST, CASSVILLE, MO, 65625",94 MAIN STREET,CASSVILLE,MO,65625,,,
190041,32.426305896382,-93.718532893703,https://geocoding.geo.census.gov/,"1453 E BERT KOUNS INDUSTRIAL LOOP, SHREVEPORT, LA, 71105",1453 E BERT KOUNS INDUSTRIAL DRIVE,SHREVEPORT,LA,71105,,,
190040,30.284681719062,-89.770989620628,https://geocoding.geo.census.gov/,"1001 GAUSE BLVD, SLIDELL, LA, 70458",1001 GAUSE BLVD,SLIDELL,LA,70458,,,
280065,41.120807929623,-100.767877240471,https://geocoding.geo.census.gov/,"601 W LEOTA ST, NORTH PLATTE, NE, 69101",601 WEST LEOTA ST,NORTH PLATTE,NE,69101,,,
190046,29.924925390796,-90.092609005794,https://geocoding.geo.census.gov/,"1401 FOUCHER ST, NEW ORLEANS, LA, 70115",1401 FOUCHER STREET,NEW ORLEANS,LA,70115,,,
190045,30.468029674393,-90.11454861719,https://geocoding.geo.census.gov/,"1202 S TYLER ST, COVINGTON, LA, 70433",1202 S TYLER STREET,COVINGTON,LA,70433,,,
280060,41.237962264328,-96.028792235764,https://geocoding.geo.census.gov/,"7500 MERCY RD, OMAHA, NE, 68124",7500 MERCY RD,OMAHA,NE,68124,,,
190044,30.227681828259,-92.362529557993,https://geocoding.geo.census.gov/,"1305 CROWLEY RAYNE HWY, CROWLEY, LA, 70526",1305 CROWLEY RAYNE HIGHWAY,CROWLEY,LA,70526,,,
280061,41.885184168775,-103.66570415415,https://geocoding.geo.census.gov/,"4021 AVE B, SCOTTSBLUFF, NE, 69361",4021 AVE B,SCOTTSBLUFF,NE,69361,,,
260052,38.552176246274,-91.001949002399,https://geocoding.geo.census.gov/,"901 E 5TH ST, WASHINGTON, MO, 63090",901 EAST 5TH STREET,WASHINGTON,MO,63090,,,
190019,31.282061259163,-92.461214256944,https://geocoding.geo.census.gov/,"3330 MASONIC DR, ALEXANDRIA, LA, 71301",3330 MASONIC DRIVE,ALEXANDRIA,LA,71301,,,
260059,37.681506536786,-92.635769241241,https://geocoding.geo.census.gov/,"100 HOSPITAL DR, LEBANON, MO, 65536",100 HOSPITAL DRIVE,LEBANON,MO,65536,,,
240207,44.749953264993,-93.274780299793,https://geocoding.geo.census.gov/,"201 E NICOLLET BLVD, BURNSVILLE, MN, 55337",201 EAST NICOLLET BOULEVARD,BURNSVILLE,MN,55337,,,
190251,30.377084039504,-91.099226737795,https://geocoding.geo.census.gov/,"8080 BLUEBONNET BLVD, BATON ROUGE, LA, 70810",8080 BLUEBONNET BLVD,BATON ROUGE,LA,70810,,,
251333,30.857049485192,-89.540663709194,https://geocoding.geo.census.gov/,"305 W MOODY ST, POPLARVILLE, MS, 39470",305 WEST MOODY STREET,POPLARVILLE,MS,39470,,,
251334,33.318652035259,-89.182078304334,https://geocoding.geo.census.gov/,"8613 STATE HWY 12, ACKERMAN, MS, 39735",8613 MS HWY 12,ACKERMAN,MS,39735,,,
250004,34.244285021112,-88.717361719159,https://geocoding.geo.census.gov/,"830 S GLOSTER ST, TUPELO, MS, 38801",830 S GLOSTER STREET,TUPELO,MS,38801,,,
250002,34.803736320999,-88.207592310174,https://geocoding.geo.census.gov/,"1777 CURTIS DR, IUKA, MS, 38852",1777 CURTIS DRIVE,IUKA,MS,38852,,,
250001,32.328772258516,-90.175557979124,https://geocoding.geo.census.gov/,"2500 N STATE ST, JACKSON, MS, 39216",2500 N STATE ST,JACKSON,MS,39216,,,
251331,33.869435774619,-89.31669009999,https://geocoding.geo.census.gov/,"140 BURKE CALHOUN CITY RD, CALHOUN CITY, MS, 38916",140 BURKE-CALHOUN CITY ROAD,CALHOUN CITY,MS,38916,,,
190017,30.543502867592,-92.075531916633,https://geocoding.geo.census.gov/,"539 E PRUDHOMME LN, OPELOUSAS, LA, 70570",539 EAST PRUDHOMME STREET,OPELOUSAS,LA,70570,,,
190259,30.175788809053,-92.027937262918,https://geocoding.geo.census.gov/,"1101 KALISTE SALOOM RD, LAFAYETTE, LA, 70508",1101 KALISTE SALOOM RD,LAFAYETTE,LA,70508,,,
250007,30.395385528381,-88.890347023683,https://geocoding.geo.census.gov/,"150 REYNOIR ST, BILOXI, MS, 39530",150 REYNOIR STREET,BILOXI,MS,39530,,,
190015,30.465889798236,-90.460843299114,https://geocoding.geo.census.gov/,"15790 PAUL VEGA MD DR, HAMMOND, LA, 70403",15790 PAUL VEGA MD DRIVE,HAMMOND,LA,70403,,,
190014,29.706565915314,-91.201409122902,https://geocoding.geo.census.gov/,"1125 MARGUERITE ST, MORGAN CITY, LA, 70380",1125 MARGUERITE STREET,MORGAN CITY,LA,70380,,,
190256,30.290910683758,-89.769272323063,https://geocoding.geo.census.gov/,"989 ROBERT BLVD, SLIDELL, LA, 70458",989 ROBERT BLVD,SLIDELL,LA,70458,,,
251336,33.066011080142,-89.584911416789,https://geocoding.geo.census.gov/,"220 STATE HWY 12 W, KOSCIUSKO, MS, 39090",220 HWY 12 WEST,KOSCIUSKO,MS,39090,,,
190013,30.231062345519,-93.368667193636,https://geocoding.geo.census.gov/,"701 CYPRESS ST, SULPHUR, LA, 70663",701 EAST CYPRESS STREET,SULPHUR,LA,70663,,,
190255,30.148544997652,-92.037710186561,https://geocoding.geo.census.gov/,"4811 AMBASSADOR CAFFERY PKWY, LAFAYETTE, LA, 70508",4811 AMBASSADOR CAFFERY PARKWAY,LAFAYETTE,LA,70508,,,
251337,34.739257982602,-88.949577870126,https://geocoding.geo.census.gov/,"1005 CITY AVE N, RIPLEY, MS, 38663",1005 CITY AVE NORTH,RIPLEY,MS,38663,,,
260061,37.830377451699,-94.359793307491,https://geocoding.geo.census.gov/,"800 S ASH ST, NEVADA, MO, 64772",800 S ASH ST,NEVADA,MO,64772,,,
190011,32.451883828093,-92.105728359841,https://geocoding.geo.census.gov/,"4864 JACKSON ST, MONROE, LA, 71202",4864 JACKSON STREET,MONROE,LA,71202,,,
251339,34.247394093636,-90.278098737718,https://geocoding.geo.census.gov/,"340 GETWELL DR, MARKS, MS, 38646",340 GETWELL DRIVE,MARKS,MS,38646,,,
241302,44.045206859613,-95.438925691696,https://geocoding.geo.census.gov/,"920 BELL AVE, WESTBROOK, MN, 56183",920 BELL AVENUE,WESTBROOK,MN,56183,920 BELL AVENUE,2026-09-28,
241303,44.232270974608,-95.606793039207,https://geocoding.geo.census.gov/,"251 FIFTH ST E, TRACY, MN, 56175",251 FIFTH STREET EAST,TRACY,MN,56175,,,
260040,37.143744945858,-93.278035586531,https://geocoding.geo.census.gov/,"3801 S NATIONAL AVE, SPRINGFIELD, MO, 65804",3801 SOUTH NATIONAL AVENUE,SPRINGFIELD,MO,65807,,,
240214,45.134088736768,-93.479713637069,https://geocoding.geo.census.gov/,"9875 HOSPITAL DR, MAPLE GROVE, MN, 55369",9875 HOSPITAL DRIVE,MAPLE GROVE,MN,55369,,,
240213,44.919143145368,-92.979722004056,https://geocoding.geo.census.gov/,"1925 WOODWINDS DR, WOODBURY, MN, 55125",1925 WOODWINDS DRIVE,WOODBURY,MN,55125,,,
240210,45.028111156545,-93.034725503264,https://geocoding.geo.census.gov/,"1575 BEAM AVE, MAPLEWOOD, MN, 55109",1575 BEAM AVENUE,MAPLEWOOD,MN,55109,,,
260048,39.085126897314,-94.575708607316,https://geocoding.geo.census.gov/,"2301 HOLMES ST, KANSAS CITY, MO, 64108",2301 HOLMES STREET,KANSAS CITY,MO,64108,,,
241308,47.029800247269,-91.666520545054,https://geocoding.geo.census.gov/,"325 11TH AVE, TWO HARBORS, MN, 55616",325 ELEVENTH AVE,TWO HARBORS,MN,55616,,,
241309,46.121322942555,-92.882945839971,https://geocoding.geo.census.gov/,"705 LUNDORFF DR, SANDSTONE, MN, 55072",705 LUNDORFF DRIVE SOUTH,SANDSTONE,MN,55072,,,
270086,47.489599047738,-111.256918696317,https://geocoding.geo.census.gov/,"3010 15TH AVE S, GREAT FALLS, MT, 59405",3010 15TH AVENUE SOUTH,GREAT FALLS,MT,59405,,,
241304,45.808597284943,-96.500582188816,https://geocoding.geo.census.gov/,"401 12TH ST N, WHEATON, MN, 56296",401 12TH STREET NORTH,WHEATON,MN,56296,,,
241305,46.527044242377,-93.696814808208,https://geocoding.geo.census.gov/,"200 BUNKER HILL DR, AITKIN, MN, 56431",200 BUNKER HILL DRIVE,AITKIN,MN,56431,,,
26004F,39.067204374738,-94.527764351298,https://geocoding.geo.census.gov/,"4801 E LINWOOD BLVD, KANSAS CITY, MO, 64128",4801 LINWOOD BLVD.,KANSAS CITY,MO,64128,,,
250019,30.366969992419,-89.114746804871,https://geocoding.geo.census.gov/,"4500 13TH ST, GULFPORT, MS, 39501",4500 13TH STREET,GULFPORT,MS,39502,,,
250018,31.977432396804,-89.29060758266,https://geocoding.geo.census.gov/,"15 6TH ST, BAY SPRINGS, MS, 39422",15 SOUTH 6TH STREET,BAY SPRINGS,MS,39422,,,
190027,30.215634232053,-93.227484354346,https://geocoding.geo.census.gov/,"524 DR MICHAEL DEBAKEY DR, LAKE CHARLES, LA, 70601",524 DR MICHAEL DEBAKEY DRIVE,LAKE CHARLES,LA,70601,,,
250017,33.894968650746,-88.985633314116,https://geocoding.geo.census.gov/,"1002 E MADISON ST, HOUSTON, MS, 38851",1002 EAST MADISON STREET,HOUSTON,MS,38851,,,
190026,31.31486301245,-92.450149644536,https://geocoding.geo.census.gov/,"211 4TH ST, ALEXANDRIA, LA, 71301",211 4TH STREET,ALEXANDRIA,LA,71301,,,
190025,30.641120218781,-92.418360156184,https://geocoding.geo.census.gov/,"801 POINCIANA ST, MAMOU, LA, 70554",801 POINCIANA AVENUE,MAMOU,LA,70554,,,
190267,30.407064538911,-90.083126823765,https://geocoding.geo.census.gov/,"67252 INDUSTRY LN, COVINGTON, LA, 70433",67252 INDUSTRY LANE,COVINGTON,LA,70433,,,
260034,38.249531096476,-94.342605002078,https://geocoding.geo.census.gov/,"615 W NURSERY ST, BUTLER, MO, 64730",615 W NURSERY ST,BUTLER,MO,64730,,,
263303,38.709260990346,-90.415350144457,https://geocoding.geo.census.gov/,"11365 DORSETT RD, MARYLAND HEIGHTS, MO, 63043",11365 DORSETT ROAD,MARYLAND HEIGHTS,MO,63043,,,
263302,39.081923058974,-94.578214956558,https://geocoding.geo.census.gov/,"2401 GILLHAM RD, KANSAS CITY, MO, 64108",2401 GILLHAM ROAD,KANSAS CITY,MO,64108,,,
263301,38.637310336266,-90.264803092973,https://geocoding.geo.census.gov/,"1 CHILDRENS PL, SAINT LOUIS, MO, 63110",ONE CHILDRENS PLACE,SAINT LOUIS,MO,63110,,,
263304,38.632890797704,-90.256912683476,https://geocoding.geo.census.gov/,"4400 CLAYTON AVE, SAINT LOUIS, MO, 63110",4400 CLAYTON AVE,SAINT LOUIS,MO,63110,,,
19047F,29.963226548616,-90.084144755355,https://geocoding.geo.census.gov/,"2400 CANAL ST, NEW ORLEANS, LA, 70119",2400 CANAL STREET,NEW ORLEANS,LA,70119,,,
251312,33.49052329665,-89.73785582924,https://geocoding.geo.census.gov/,"409 TYLER HOLMES DR, WINONA, MS, 38967",409 TYLER HOLMES DRIVE,WINONA,MS,38967,,,
251313,32.858227351691,-90.403693407697,https://geocoding.geo.census.gov/,"823 GRAND AVE, YAZOO CITY, MS, 39194",823 GRAND AVENUE,YAZOO CITY,MS,39194,,,
191327,32.868142350013,-91.383135663638,https://geocoding.geo.census.gov/,"706 ROSS ST, OAK GROVE, LA, 71263",706 ROSS STREET,OAK GROVE,LA,71263,,,
251318,33.733804976132,-90.54672769058,https://geocoding.geo.census.gov/,"840 N OAK AVE, RULEVILLE, MS, 38771",840 NORTH OAK AVENUE,RULEVILLE,MS,38771,,,
191326,32.82433782683,-92.657281043567,https://geocoding.geo.census.gov/,"409 1ST ST, BERNICE, LA, 71222",409 FIRST STREET,BERNICE,LA,71222,,,
251319,33.118071253807,-90.018385504505,https://geocoding.geo.census.gov/,"239 BOWLING GREEN RD, LEXINGTON, MS, 39095",239 BOWLING GREEN ROAD,LEXINGTON,MS,39095,,,
191325,29.456951735783,-90.310083081415,https://geocoding.geo.census.gov/,"200 W 134TH PL, CUT OFF, LA, 70345",200 WEST 134TH PLACE,CUT OFF,LA,70345,,,
191324,29.703227172414,-90.563948348324,https://geocoding.geo.census.gov/,"4608 STATE RTE 1, RACELAND, LA, 70394",4608 HIGHWAY 1,RACELAND,LA,70394,,,
191323,32.453188975592,-91.49399791167,https://geocoding.geo.census.gov/,"407 CINCINNATI ST, DELHI, LA, 71232",407 CINCINNATI STREET,DELHI,LA,71232,,,
191322,30.007426929776,-92.296546932593,https://geocoding.geo.census.gov/,"1310 W 7TH ST, KAPLAN, LA, 70548",1310 WEST SEVENTH STREET,KAPLAN,LA,70548,,,
191321,30.620961810336,-90.496701338917,https://geocoding.geo.census.gov/,"52579 HWY 51, INDEPENDENCE, LA, 70443",52579 HIGHWAY 51 SOUTH,INDEPENDENCE,LA,70443,,,
191320,32.554033082948,-92.914047761173,https://geocoding.geo.census.gov/,"1175 PINE ST, ARCADIA, LA, 71001",1175 PINE STREET,ARCADIA,LA,71001,,,
251317,31.968736938457,-89.888044134305,https://geocoding.geo.census.gov/,"1842 SIMPSON HWY 149, MENDENHALL, MS, 39114",1842 SIMPSON HIGHWAY 149,MENDENHALL,MS,39114,,,
260022,40.192451063681,-92.590789035089,https://geocoding.geo.census.gov/,"315 S OSTEOPATHY, KIRKSVILLE, MO, 63501",315 S OSTEOPATHY,KIRKSVILLE,MO,63501,,,
260024,37.317167656328,-91.959325395396,https://geocoding.geo.census.gov/,"1333 SAM HOUSTON BLVD, HOUSTON, MO, 65483",1333 SAM HOUSTON BOULEVARD,HOUSTON,MO,65483,,,
260027,39.007214923147,-94.558931325832,https://geocoding.geo.census.gov/,"2316 E MEYER BLVD, KANSAS CITY, MO, 64132",2316 E MEYER BLVD,KANSAS CITY,MO,64132,,,
19048F,32.500048444512,-93.721942465316,https://geocoding.geo.census.gov/,"510 E STONER AVE, SHREVEPORT, LA, 71101",510 EAST STONER AVENUE,SHREVEPORT,LA,71101,,,
190241,29.600178890281,-90.750386970323,https://geocoding.geo.census.gov/,"218 CORPORATE DR, HOUMA, LA, 70360",218 CORPORATE DRIVE,HOUMA,LA,70360,,,
251322,32.575031858363,-89.105091497442,https://geocoding.geo.census.gov/,"25117 STATE HWY 15, UNION, MS, 39365",25117 HIGHWAY 15,UNION,MS,39365,,,
251323,32.343281429506,-89.67138818139,https://geocoding.geo.census.gov/,"317 HWY 13 S, MORTON, MS, 39117",317 HIGHWAY 13 SOUTH,MORTON,MS,39117,,,
251324,31.120118756465,-90.156582299631,https://geocoding.geo.census.gov/,"100 HOSPITAL DR, TYLERTOWN, MS, 39667",100 HOSPITAL DRIVE,TYLERTOWN,MS,39667,,,
251320,31.946144686911,-90.985728739369,https://geocoding.geo.census.gov/,"123 MC COMB AVE, PORT GIBSON, MS, 39150",123 MCCOMB AVENUE,PORT GIBSON,MS,39150,,,
190007,31.753466420891,-93.079166067094,https://geocoding.geo.census.gov/,"501 KEYSER AVE, NATCHITOCHES, LA, 71457",501 KEYSER AVE,NATCHITOCHES,LA,71457,,,
190006,30.219048539851,-92.040963625591,https://geocoding.geo.census.gov/,"2390 W CONGRESS ST, LAFAYETTE, LA, 70506",2390 WEST CONGRESS,LAFAYETTE,LA,70506,,,
190005,29.960817574267,-90.08066111704,https://geocoding.geo.census.gov/,"2000 CANAL ST, NEW ORLEANS, LA, 70112",2000 CANAL STREET,NEW ORLEANS,LA,70112,,,
190004,29.78122208755,-90.807450096833,https://geocoding.geo.census.gov/,"602 N ACADIA RD, THIBODAUX, LA, 70301",602 N ACADIA ROAD,THIBODAUX,LA,70301,,,
190245,32.536736879919,-92.102253344131,https://geocoding.geo.census.gov/,"2408 BROADMOOR BLVD, MONROE, LA, 71201",2408 BROADMOOR BLVD,MONROE,LA,71201,,,
251325,31.638179528408,-89.554420914476,https://geocoding.geo.census.gov/,"701 S HOLLY AVE, COLLINS, MS, 39428",701 SOUTH HOLLY AVENUE,COLLINS,MS,39428,,,
190002,30.202678322955,-92.018430526643,https://geocoding.geo.census.gov/,"1214 COOLIDGE ST, LAFAYETTE, LA, 70503",1214 COOLIDGE AVENUE,LAFAYETTE,LA,70503,,,
251326,31.594606246511,-89.873223569396,https://geocoding.geo.census.gov/,"1102 ROSE ST, PRENTISS, MS, 39474",1102 ROSE STREET,PRENTISS,MS,39474,,,
241335,44.385739238053,-92.047519838086,https://geocoding.geo.census.gov/,"1200 GRANT BLVD W, WABASHA, MN, 55981",1200 GRANT BLVD W,WABASHA,MN,55981,,,
260096,39.150123442034,-94.55004461616,https://geocoding.geo.census.gov/,"2800 CLAY EDWARDS DR, NORTH KANSAS CITY, MO, 64116",2800 CLAY EDWARDS DRIVE,NORTH KANSAS CITY,MO,64116,,,
240002,46.792122692314,-92.095267753192,https://geocoding.geo.census.gov/,"402 E 2ND ST, DULUTH, MN, 55805",402 EAST SECOND STREET,DULUTH,MN,55805,,,
241336,48.766857484877,-96.940412422113,https://geocoding.geo.census.gov/,"1010 S BIRCH AVE, HALLOCK, MN, 56728",1010 SOUTH BIRCH AVENUE,HALLOCK,MN,56728,,,
260095,39.047723312993,-94.347954769285,https://geocoding.geo.census.gov/,"19600 E 39TH ST S, INDEPENDENCE, MO, 64057",19600 EAST 39TH STREET,INDEPENDENCE,MO,64057,,,
240004,44.972786343037,-93.262652557234,https://geocoding.geo.census.gov/,"701 PARK AVE N, MINNEAPOLIS, MN, 55415",701 PARK AVENUE,MINNEAPOLIS,MN,55415,,,
241334,44.349227760009,-93.970919474179,https://geocoding.geo.census.gov/,"1900 N SUNRISE DR, SAINT PETER, MN, 56082",1900 NORTH SUNRISE DRIVE,ST PETER,MN,56082,,,
260097,38.765515938588,-93.72367154376,https://geocoding.geo.census.gov/,"403 BURKARTH RD, WARRENSBURG, MO, 64093",403 BURKARTH ROAD,WARRENSBURG,MO,64093,,,
241330,45.674935143299,-94.822621941234,https://geocoding.geo.census.gov/,"525 W MAIN ST, MELROSE, MN, 56352",525 WEST MAIN STREET,MELROSE,MN,56352,,,
241339,44.506033051849,-96.419042000576,https://geocoding.geo.census.gov/,"503 E LINCOLN ST, HENDRICKS, MN, 56136",503 E LINCOLN STREET,HENDRICKS,MN,56136,,,
240006,44.020235937365,-92.441449230389,https://geocoding.geo.census.gov/,"1650 4TH ST SE, ROCHESTER, MN, 55904",1650 FOURTH STREET SOUTHEAST,ROCHESTER,MN,55904,,,
250050,33.475007795939,-88.820388654438,https://geocoding.geo.census.gov/,"400 HOSPITAL RD, STARKVILLE, MS, 39759",400 HOSPITAL ROAD,STARKVILLE,MS,39759,,,
241337,48.190364130321,-96.768896189348,https://geocoding.geo.census.gov/,"300 GOOD SAMARITAN DR, WARREN, MN, 56762",300 WEST GOOD SAMARITAN DRIVE,WARREN,MN,56762,,,
241338,44.458345842901,-92.286355964315,https://geocoding.geo.census.gov/,"500 W GRANT ST, LAKE CITY, MN, 55041",500 WEST GRANT STREET,LAKE CITY,MN,55041,,,
250044,34.656384477162,-88.565602073819,https://geocoding.geo.census.gov/,"100 HOSPITAL DR, BOONEVILLE, MS, 38829",100 HOSPITAL STREET,BOONEVILLE,MS,38829,,,
26009F,38.641421430338,-90.229929607926,https://geocoding.geo.census.gov/,"915 N GRAND BLVD, SAINT LOUIS, MO, 63106",915 NORTH GRAND,ST. LOUIS,MO,63106,,,
250042,34.197094102627,-90.551866320071,https://geocoding.geo.census.gov/,"1970 HOSPITAL DR, CLARKSDALE, MS, 38614",1970 HOSPITAL DRIVE,CLARKSDALE,MS,38614,,,
250049,31.146210544057,-90.459097657523,https://geocoding.geo.census.gov/,"205 N CHERRY ST, MAGNOLIA, MS, 39652",205 N CHERRY STREET / PO BOX 351,MAGNOLIA,MS,39652,,,
240014,44.471431095501,-93.187860184836,https://geocoding.geo.census.gov/,"2000 NORTH AVE, NORTHFIELD, MN, 55057",2000 NORTH AVENUE,NORTHFIELD,MN,55057,,,
241346,44.483083823002,-92.919682985631,https://geocoding.geo.census.gov/,"32021 COUNTY 24 BLVD, CANNON FALLS, MN, 55009",32021 COUNTY 24 BOULEVARD,CANNON FALLS,MN,55009,,,
260085,38.93502505357,-94.603905850549,https://geocoding.geo.census.gov/,"1000 CARONDELET DR W, KANSAS CITY, MO, 64114",1000 CARONDELET DR,KANSAS CITY,MO,64114,,,
241347,44.707865427899,-96.277804147282,https://geocoding.geo.census.gov/,"112 SAINT OLAF AVE S, CANBY, MN, 56220",112 ST OLAF AVENUE SOUTH,CANBY,MN,56220,,,
241344,48.839806904048,-95.759850743282,https://geocoding.geo.census.gov/,"715 DELMORE DR, ROSEAU, MN, 56751",715 DELMORE DRIVE,ROSEAU,MN,56751,,,
241345,44.075031668445,-93.507644216631,https://geocoding.geo.census.gov/,"501 S STATE ST, WASECA, MN, 56093",501 NORTH STATE STREET,WASECA,MN,56093,,,
240010,44.021572721117,-92.481674679431,https://geocoding.geo.census.gov/,"1216 2ND ST SW, ROCHESTER, MN, 55902",1216 SECOND STREET SOUTHWEST,ROCHESTER,MN,55902,,,
241343,44.808625192567,-95.542364895039,https://geocoding.geo.census.gov/,"345 10TH AVE, GRANITE FALLS, MN, 56241",345 TENTH AVENUE,GRANITE FALLS,MN,56241,,,
241340,47.517293631346,-92.228197143527,https://geocoding.geo.census.gov/,"5211 HWY 110, AURORA, MN, 55705",5211 HIGHWAY 110,AURORA,MN,55705,,,
241341,45.199665974971,-96.009152883199,https://geocoding.geo.census.gov/,"30 S BEHL ST, APPLETON, MN, 56208",30 S BEHL ST,APPLETON,MN,56208,,,
250061,34.130681641995,-89.641077470227,https://geocoding.geo.census.gov/,"630 S MAIN ST, WATER VALLEY, MS, 38965",630 SOUTH MAIN STREET,WATER VALLEY,MS,38965,,,
241348,44.272514151784,-96.130856450898,https://geocoding.geo.census.gov/,"240 WILLOW ST, TYLER, MN, 56178",240 WILLOW STREET,TYLER,MN,56178,,,
240019,46.79298917224,-92.094161578615,https://geocoding.geo.census.gov/,"502 E 2ND ST, DULUTH, MN, 55805",502 EAST SECOND STREET,DULUTH,MN,55805,,,
241349,45.374947297629,-94.715921544179,https://geocoding.geo.census.gov/,"200 1ST ST W, PAYNESVILLE, MN, 56362",200 1ST STREET WEST,PAYNESVILLE,MN,56362,,,
250058,31.685828683325,-89.140776601324,https://geocoding.geo.census.gov/,"1220 JEFFERSON ST, LAUREL, MS, 39440",1220 JEFFERSON ST BOX 607,LAUREL,MS,39440,,,
250057,31.575728586595,-90.456712792501,https://geocoding.geo.census.gov/,"427 US HWY 51, BROOKHAVEN, MS, 39601",P O BOX 948/427 HIGHWAY 51 NORTH,BROOKHAVEN,MS,39601,,,
194020,32.50260459806,-93.7390801116,https://geocoding.geo.census.gov/,"1006 HIGHLAND AVE, SHREVEPORT, LA, 71101",1006 HIGHLAND AVENUE,SHREVEPORT,LA,71106,,,
194022,31.291614218724,-92.503947440663,https://geocoding.geo.census.gov/,"44 VERSAILLES BLVD, ALEXANDRIA, LA, 71303",44 VERSAILLES BLVD,ALEXANDRIA,LA,71303,,,
260091,38.633865782604,-90.309768438708,https://geocoding.geo.census.gov/,"6420 CLAYTON RD, SAINT LOUIS, MO, 63117",6420 CLAYTON RD,SAINT LOUIS,MO,63117,,,
194025,31.321295378422,-92.432960807705,https://geocoding.geo.census.gov/,"242 E SHAMROCK ST, PINEVILLE, LA, 71360",242 W SHAMROCK STREET,PINEVILLE,LA,71360,,,
241313,47.298131725043,-96.530267477065,https://geocoding.geo.census.gov/,"201 9TH ST W, ADA, MN, 56510",201 9TH STREET WEST,ADA,MN,56510,,,
260074,39.423870229465,-92.412973921292,https://geocoding.geo.census.gov/,"1515 UNION AVE, MOBERLY, MO, 65270",1515 UNION AVE,MOBERLY,MO,65270,,,
241314,44.930922706746,-96.066943855904,https://geocoding.geo.census.gov/,"1282 WALNUT ST, DAWSON, MN, 56232",1282 WALNUT STREET,DAWSON,MN,56232,,,
241311,44.609816503982,-94.084701560085,https://geocoding.geo.census.gov/,"601 W CHANDLER ST, ARLINGTON, MN, 55307",601 WEST CHANDLER,ARLINGTON,MN,55307,,,
241312,47.853382855766,-92.679945122034,https://geocoding.geo.census.gov/,"10 5TH ST SE, COOK, MN, 55723",10 SE FIFTH ST,COOK,MN,55723,,,
260078,36.737132519189,-91.875546339811,https://geocoding.geo.census.gov/,"1100 N KENTUCKY AVE, WEST PLAINS, MO, 65775",1100 KENTUCKY AVE,WEST PLAINS,MO,65775,,,
260077,38.510504171658,-90.378624785633,https://geocoding.geo.census.gov/,"10010 KENNERLY RD, SAINT LOUIS, MO, 63128",10010 KENNERLY ROAD,SAINT LOUIS,MO,63128,,,
241319,43.992542689773,-95.759299669912,https://geocoding.geo.census.gov/,"2042 JUNIPER AVE, SLAYTON, MN, 56172",2042 JUNIPER AVENUE,SLAYTON,MN,56172,,,
241317,47.755994634153,-90.340233875884,https://geocoding.geo.census.gov/,"515 5TH AVE W, GRAND MARAIS, MN, 55604",515 5TH AVE WEST,GRAND MARAIS,MN,55604,,,
241318,47.900494796673,-91.872431102086,https://geocoding.geo.census.gov/,"328 W CONAN ST, ELY, MN, 55731",328 WEST CONAN STREET,ELY,MN,55731,,,
241315,43.623790954886,-95.004424584083,https://geocoding.geo.census.gov/,"1430 NORTH HWY, JACKSON, MN, 56143",1430 NORTH HIGHWAY,JACKSON,MN,56143,,,
241316,47.747282723289,-93.648278781746,https://geocoding.geo.census.gov/,"258 PINE TREE DR, BIGFORK, MN, 56628",258 PINE TREE DRIVE,BIGFORK,MN,56628,,,
231305,43.982748551338,-83.967250215682,https://geocoding.geo.census.gov/,"805 W CEDAR ST, STANDISH, MI, 48658",805 W CEDAR ST,STANDISH,MI,48658,,,
231306,45.891072107848,-84.727560709917,https://geocoding.geo.census.gov/,"1140 N STATE ST, SAINT IGNACE, MI, 49781",1140 N STATE STREET,SAINT IGNACE,MI,49781,,,
231307,46.73272870653,-88.427934116584,https://geocoding.geo.census.gov/,"18341 US HWY 41, LANSE, MI, 49946",18341 US HIGHWAY 41,L' ANSE,MI,49946,,,
250020,33.534714697852,-89.265962244125,https://geocoding.geo.census.gov/,"70 MEDICAL PLZ, EUPORA, MS, 39744",70 MEDICAL PLAZA,EUPORA,MS,39744,,,
26007F,36.771509748156,-90.417944387679,https://geocoding.geo.census.gov/,"1500 N WESTWOOD BLVD, POPLAR BLUFF, MO, 63901",1500 N. WESTWOOD BLVD.,POPLAR BLUFF,MO,63901,,,
231308,46.42444436846,-86.624171781289,https://geocoding.geo.census.gov/,"1500 SAND POINT RD, MUNISING, MI, 49862",1500 SAND POINT RD,MUNISING,MI,49862,,,
250025,33.974930854696,-88.477482013099,https://geocoding.geo.census.gov/,"1105 EARL FRYE BLVD, AMORY, MS, 38821",1105 EARL FRYE BLVD,AMORY,MS,38821,,,
231300,44.637288963361,-86.244399700226,https://geocoding.geo.census.gov/,"224 PARK AVE, FRANKFORT, MI, 49635",224 PARK AVENUE,FRANKFORT,MI,49635,,,
250027,33.124522981379,-89.037010258483,https://geocoding.geo.census.gov/,"17550 E MAIN ST, LOUISVILLE, MS, 39339",17550 EAST MAIN STREET,LOUISVILLE,MS,39339,,,
231301,44.737870783368,-85.179902874539,https://geocoding.geo.census.gov/,"419 N CORAL ST, KALKASKA, MI, 49646",419 S CORAL,KALKASKA,MI,49646,,,
260081,38.525694033291,-90.473506371676,https://geocoding.geo.census.gov/,"1015 BOWLES AVE, FENTON, MO, 63026",1015 BOWLES,FENTON,MO,63026,,,
230217,42.273080936754,-84.957689437887,https://geocoding.geo.census.gov/,"200 N MADISON ST, MARSHALL, MI, 49068",200 N MADISON,MARSHALL,MI,49068,,,
231303,45.941218481748,-86.281364235093,https://geocoding.geo.census.gov/,"7870W US HWY 2, MANISTIQUE, MI, 49854",7870W US HIGHWAY 2,MANISTIQUE,MI,49854,,,
230216,42.986741517762,-82.427949260459,https://geocoding.geo.census.gov/,"1221 PINE GROVE AVE, PORT HURON, MI, 48060",1221 PINE GROVE AVE,PORT HURON,MI,48061,,,
231304,46.352808669755,-85.515742512093,https://geocoding.geo.census.gov/,"502 W HARRIE ST, NEWBERRY, MI, 49868",502 W HARRIE ST,NEWBERRY,MI,49868,,,
241325,44.953124085339,-95.7135084428,https://geocoding.geo.census.gov/,"824 N 11TH ST, MONTEVIDEO, MN, 56265",824 NORTH 11TH STREET,MONTEVIDEO,MN,56265,,,
260062,39.246945342493,-94.647319663926,https://geocoding.geo.census.gov/,"5830 NW BARRY RD, KANSAS CITY, MO, 64154",5830 N W BARRY ROAD,KANSAS CITY,MO,64154,,,
260065,37.176141958779,-93.271647203627,https://geocoding.geo.census.gov/,"2115 S FREMONT AVE, SPRINGFIELD, MO, 65804",2115 S. Fremont Ave,SPRINGFIELD,MO,65804,,,
241323,44.049568991276,-94.40941261271,https://geocoding.geo.census.gov/,"121 DREW AVE SE, MADELIA, MN, 56062",121 DREW AVENUE SOUTHEAST,MADELIA,MN,56062,,,
241320,47.773848106286,-96.618035753192,https://geocoding.geo.census.gov/,"323 S MINNESOTA ST, CROOKSTON, MN, 56716",323 SOUTH MINNESOTA,CROOKSTON,MN,56716,,,
241321,45.562502354691,-96.433494713224,https://geocoding.geo.census.gov/,"115 W SECOND ST, GRACEVILLE, MN, 56240","115  SECOND STREET WEST, BOX 157",GRACEVILLE,MN,56240,,,
260068,38.950587926492,-92.316962428119,https://geocoding.geo.census.gov/,"1600 E BROADWAY, COLUMBIA, MO, 65201",1600 E BROADWAY,COLUMBIA,MO,65201,,,
241328,47.525837291037,-95.401875895752,https://geocoding.geo.census.gov/,"203 4TH ST NW, BAGLEY, MN, 56621",203 4TH STREET NORTHWEST,BAGLEY,MN,56621,,,
250040,30.374948547106,-88.532113253024,https://geocoding.geo.census.gov/,"2809 DENNY AVE, PASCAGOULA, MS, 39581",2809 DENNY AV,PASCAGOULA,MS,39581,,,
241329,46.351512985276,-94.74854726845,https://geocoding.geo.census.gov/,"49725 COUNTY 83, STAPLES, MN, 56479",49725 COUNTY ROAD 83,STAPLES,MN,56479,,,
241326,45.969908450805,-94.844432829188,https://geocoding.geo.census.gov/,"50 CENTRACARE DR, LONG PRAIRIE, MN, 56347",50 CENTRACARE DRIVE,LONG PRAIRIE,MN,56347,,,
241327,44.299421283363,-94.727400038739,https://geocoding.geo.census.gov/,"400 4TH AVE NW, SLEEPY EYE, MN, 56085",400 FOURTH AVENUE NORTHWEST,SLEEPY EYE,MN,56085,,,
194007,30.346977550686,-90.02637493708,https://geocoding.geo.census.gov/,"23515 US HWY 190, MANDEVILLE, LA, 70470",23515 HIGHWAY 190,MANDEVILLE,LA,70470,,,
250031,32.374827276317,-90.827402165707,https://geocoding.geo.census.gov/,"2100 US HWY 61, VICKSBURG, MS, 39183",2100 HWY 61 N,VICKSBURG,MS,39183,,,
250036,30.921866287573,-88.59286777696,https://geocoding.geo.census.gov/,"859 WINTER ST, LUCEDALE, MS, 39452",859 WINTER STREET,LUCEDALE,MS,39452,,,
250034,34.350286074414,-89.530842838908,https://geocoding.geo.census.gov/,"1100 BELK DR, OXFORD, MS, 38655",1100 BELK BLVD,OXFORD,MS,38655,,,
250038,32.582335636682,-90.082007763515,https://geocoding.geo.census.gov/,"161 RIVER OAKS DR, CANTON, MS, 39046",161 RIVER OAKS DRIVE,CANTON,MS,39046,,,
230208,43.175930065432,-84.842622882469,https://geocoding.geo.census.gov/,"406 E ELM ST, CARSON CITY, MI, 48811",406 EAST ELM ST,CARSON CITY,MI,48811,,,
260070,36.236874856512,-89.740797587761,https://geocoding.geo.census.gov/,"946 E REED ST, HAYTI, MO, 63851",946 EAST REED,HAYTI,MO,63851,,,
230207,42.638506893543,-83.29104722268,https://geocoding.geo.census.gov/,"50 N PERRY ST, PONTIAC, MI, 48342",50 N PERRY ST,PONTIAC,MI,48342,,,
240047,46.796389301068,-92.087930630835,https://geocoding.geo.census.gov/,"915 E 1ST ST, DULUTH, MN, 55805",915 EAST 1ST STREET,DULUTH,MN,55805,,,
264012,38.716377225894,-90.671943094856,https://geocoding.geo.census.gov/,"4801 WELDON SPRING PKWY, SAINT CHARLES, MO, 63304",4801 WELDON SPRING PARKWAY,SAINT CHARLES,MO,63304,,,
241378,44.312698965296,-94.474826760448,https://geocoding.geo.census.gov/,"1324 5TH NORTH ST, NEW ULM, MN, 56073",1324 FIFTH NORTH STREET,NEW ULM,MN,56073,,,
240043,43.651592601255,-93.37248768339,https://geocoding.geo.census.gov/,"404 W FOUNTAIN ST, ALBERT LEA, MN, 56007",404 WEST FOUNTAIN STREET,ALBERT LEA,MN,56007,,,
241375,44.454122547912,-93.916217110338,https://geocoding.geo.census.gov/,"621 S 4TH ST, LE SUEUR, MN, 56058",621 SOUTH FOURTH STREET,LE SUEUR,MN,56058,,,
241376,45.646643518464,-95.389819095632,https://geocoding.geo.census.gov/,"10 4TH AVE SE, GLENWOOD, MN, 56334",10 4TH AVENUE SOUTHEAST,GLENWOOD,MN,56334,,,
241373,46.590986401107,-95.59300647704,https://geocoding.geo.census.gov/,"1000 CONEY ST, PERHAM, MN, 56573",1000 CONEY STREET WEST,PERHAM,MN,56573,,,
240044,44.031908055762,-91.622450166449,https://geocoding.geo.census.gov/,"855 MANKATO AVE, WINONA, MN, 55987",855 MANKATO AVENUE,WINONA,MN,55987,,,
241374,43.991260860126,-96.32218395173,https://geocoding.geo.census.gov/,"916 4TH AVE SW, PIPESTONE, MN, 56164",916 4TH AVENUE SOUTHWEST,PIPESTONE,MN,56164,,,
250095,33.457286943268,-90.650116436612,https://geocoding.geo.census.gov/,"121 E BAKER ST, INDIANOLA, MS, 38751",121 EAST BAKER STREET,INDIANOLA,MS,38751,,,
250094,31.323516414937,-89.363838739269,https://geocoding.geo.census.gov/,"5001 HARDY ST, HATTIESBURG, MS, 39402",5001 W HARDY ST,HATTIESBURG,MS,39402,,,
250093,33.747544594884,-90.709251671214,https://geocoding.geo.census.gov/,"901 E SUNFLOWER RD, CLEVELAND, MS, 38732",901 E SUNFLOWER RD,CLEVELAND,MS,38732,,,
190098,32.481669920185,-93.7616471554,https://geocoding.geo.census.gov/,"1541 KINGS HWY, SHREVEPORT, LA, 71103",1541 KINGS HIGHWAY,SHREVEPORT,LA,71130,,,
231327,42.565025280607,-84.832882142178,https://geocoding.geo.census.gov/,"321 E HARRIS ST, CHARLOTTE, MI, 48813",321 E HARRIS STREET,CHARLOTTE,MI,48813,,,
230236,42.857260626636,-85.722942946079,https://geocoding.geo.census.gov/,"5900 BYRON CENTER AVE SW, WYOMING, MI, 49519","5900 BYRON CENTER AVENUE, SW",WYOMING,MI,49519,,,
231328,42.518378615489,-85.85773480617,https://geocoding.geo.census.gov/,"555 LINN ST, ALLEGAN, MI, 49010",555 LINN STREET,ALLEGAN,MI,49010,,,
231329,43.493203623204,-83.407189193128,https://geocoding.geo.census.gov/,"401 N HOOPER ST, CARO, MI, 48723",401 N HOOPER ST,CARO,MI,48723,,,
250085,31.256329256967,-89.806223613474,https://geocoding.geo.census.gov/,"1560 SUMRALL RD, COLUMBIA, MS, 39429",1560 SUMRALL RD,COLUMBIA,MS,39429,,,
230230,42.73364975358,-84.53543904946,https://geocoding.geo.census.gov/,"1215 E MICHIGAN AVE, LANSING, MI, 48912",1215 E MICHIGAN AVENUE,LANSING,MI,48912,,,
240050,45.321523221295,-92.999948111882,https://geocoding.geo.census.gov/,"5200 FAIRVIEW BLVD, WYOMING, MN, 55092",5200 FAIRVIEW BOULEVARD,WYOMING,MN,55092,,,
231320,43.607820499792,-86.364601043845,https://geocoding.geo.census.gov/,"72 S STATE ST, SHELBY, MI, 49455",72 SOUTH STATE STREET,SHELBY,MI,49455,,,
231321,46.502152336426,-87.682872958038,https://geocoding.geo.census.gov/,"901 N LAKESHORE, ISHPEMING, MI, 49849",901 LAKESHORE DRIVE,ISHPEMING,MI,49849,,,
240052,46.27772190814,-96.072501636026,https://geocoding.geo.census.gov/,"712 S CASCADE ST, FERGUS FALLS, MN, 56537",712 SOUTH CASCADE STREET,FERGUS FALLS,MN,56537,,,
241380,46.916822326905,-95.061396675716,https://geocoding.geo.census.gov/,"600 PLEASANT AVE, PARK RAPIDS, MN, 56470",600 PLEASANT AVENUE,PARK RAPIDS,MN,56470,,,
231323,43.878542029177,-85.522866090941,https://geocoding.geo.census.gov/,"300 PATTERSON RD, REED CITY, MI, 49677","300 N PATTERSON, PO BOX 75",REED CITY,MI,49677,,,
231324,42.496419700261,-84.657457296886,https://geocoding.geo.census.gov/,"1500 S MAIN ST, EATON RAPIDS, MI, 48827",1500 S MAIN STREET,EATON RAPIDS,MI,48827,,,
264020,38.533906774247,-93.519497077669,https://geocoding.geo.census.gov/,"307 N MAIN ST, WINDSOR, MO, 65360",307 N MAIN,WINDSOR,MO,65360,,,
230239,46.498272070398,-84.349450552545,https://geocoding.geo.census.gov/,"500 OSBORN BLVD, SAULT SAINTE MARIE, MI, 49783",500 OSBORN BLVD,SAULT STE MARIE,MI,49783,,,
231325,43.976590990646,-84.495331593451,https://geocoding.geo.census.gov/,"515 QUARTER ST, GLADWIN, MI, 48624",515 QUARTER STREET,GLADWIN,MI,48624,,,
190099,31.143018312594,-92.064352653406,https://geocoding.geo.census.gov/,"4231 HWY 1192, MARKSVILLE, LA, 71351",4231 HIGHWAY 1192,MARKSVILLE,LA,71351,,,
231326,42.993092714726,-84.555744747306,https://geocoding.geo.census.gov/,"805 S OAKLAND ST, SAINT JOHNS, MI, 48879",805 S OAKLAND,SAINT JOHNS,MI,48879,,,
240057,44.952000302844,-93.262530128955,https://geocoding.geo.census.gov/,"800 E 28TH ST, MINNEAPOLIS, MN, 55407",800 EAST 28TH STREET,MINNEAPOLIS,MN,55407,,,
264007,39.776980207449,-94.808606461568,https://geocoding.geo.census.gov/,"3505 FREDERICK AVE, SAINT JOSEPH, MO, 64506",3505 FREDERICK AVENUE,SAINT JOSEPH,MO,64502,,,
240053,44.927101582349,-93.361394375518,https://geocoding.geo.census.gov/,"6500 EXCELSIOR BLVD, SAINT LOUIS PARK, MN, 55426",6500 EXCELSIOR BLVD,SAINT LOUIS PARK,MN,55426,,,
240056,44.843291735102,-93.7908712192,https://geocoding.geo.census.gov/,"500 S MAPLE ST, WACONIA, MN, 55387",500 SOUTH MAPLE STREET,WACONIA,MN,55387,,,
264005,37.774864129591,-90.436484543019,https://geocoding.geo.census.gov/,"1010 W COLUMBIA ST, FARMINGTON, MO, 63640",1010 WEST COLUMBIA STREET,FARMINGTON,MO,63640,,,
264004,38.847051297583,-91.939910670185,https://geocoding.geo.census.gov/,"600 E 5TH ST, FULTON, MO, 65251",600 EAST 5TH STREET,FULTON,MO,65251,,,
264008,39.083808003978,-94.572612158361,https://geocoding.geo.census.gov/,"1000 E 24TH ST, KANSAS CITY, MO, 64108",1000 E 24TH STREET,KANSAS CITY,MO,64108,,,
231316,43.604449216844,-83.181306129923,https://geocoding.geo.census.gov/,"4675 HILL ST, CASS CITY, MI, 48726",4675 HILL STREET,CASS CITY,MI,48726,,,
250099,33.518212165359,-90.198399092343,https://geocoding.geo.census.gov/,"1401 RIVER RD, GREENWOOD, MS, 38930",1401 RIVER RD,GREENWOOD,MS,38930,,,
231318,46.10431686633,-88.618313546675,https://geocoding.geo.census.gov/,"1400 W ICE LAKE RD, IRON RIVER, MI, 49935",1400 W ICE LAKE ROAD,IRON RIVER,MI,49935,,,
250097,31.252208489414,-90.472445447874,https://geocoding.geo.census.gov/,"215 MARION AVE, MCCOMB, MS, 39648",215 MARION AV BOX 1307,MCCOMB,MS,39649,,,
231319,47.239053011865,-88.442989745758,https://geocoding.geo.census.gov/,"205 OSCEOLA ST, LAURIUM, MI, 49913",205 OSCEOLA,LAURIUM,MI,49913,,,
250096,32.286274443992,-90.035893985184,https://geocoding.geo.census.gov/,"350 CROSSGATES BLVD, BRANDON, MS, 39042",350 CROSSGATES BLVD,BRANDON,MS,39042,,,
231310,43.834111601306,-83.279433595533,https://geocoding.geo.census.gov/,"170 N CASEVILLE RD, PIGEON, MI, 48755",170 N CASEVILLE RD,PIGEON,MI,48755,,,
231311,43.527858203989,-82.733863492086,https://geocoding.geo.census.gov/,"3559 PINE ST, DECKERVILLE, MI, 48427",3559 PINE ST,DECKERVILLE,MI,48427,,,
231312,43.215500012757,-85.073603961436,https://geocoding.geo.census.gov/,"301 N MAIN ST, SHERIDAN, MI, 48884",301 N MAIN ST,SHERIDAN,MI,48884,,,
264010,38.606014359915,-90.279962936821,https://geocoding.geo.census.gov/,"5400 ARSENAL ST, SAINT LOUIS, MO, 63139",5400 ARSENAL ST,SAINT LOUIS,MO,63139,,,
231313,43.842654402725,-82.652500812126,https://geocoding.geo.census.gov/,"210 S 1ST ST, HARBOR BEACH, MI, 48441",210 S FIRST ST,HARBOR BEACH,MI,48441,,,
231314,43.4234199754,-82.832855171717,https://geocoding.geo.census.gov/,"120 DELAWARE ST, SANDUSKY, MI, 48471",120 N DELAWARE STREET,SANDUSKY,MI,48471,,,
231315,41.982306731874,-86.114700342345,https://geocoding.geo.census.gov/,"420 W HIGH ST, DOWAGIAC, MI, 49047",420 W HIGH ST,DOWAGIAC,MI,49047,,,
241357,47.571992903027,-95.739443706395,https://geocoding.geo.census.gov/,"900 HILLIGOSS BLVD SE, FOSSTON, MN, 56542",900 HILLIGOSS BOULEVARD SE,FOSSTON,MN,56542,,,
241358,47.384116175855,-94.607932127312,https://geocoding.geo.census.gov/,"425 7TH ST NW, CASS LAKE, MN, 56633",425 7TH STREET NW,CASS LAKE,MN,56633,,,
241355,44.777559895128,-94.151784764007,https://geocoding.geo.census.gov/,"1805 HENNEPIN AVE N, GLENCOE, MN, 55336",1805 HENNEPIN AVENUE NORTH,GLENCOE,MN,55336,,,
241356,46.072892133176,-93.66185517282,https://geocoding.geo.census.gov/,"200 ELM ST, ONAMIA, MN, 56359",200 NORTH ELM STREET,ONAMIA,MN,56359,,,
241353,46.482344591156,-93.946313774327,https://geocoding.geo.census.gov/,"320 E MAIN ST, CROSBY, MN, 56441",320 EAST MAIN STREET,CROSBY,MN,56441,,,
240020,45.566517472665,-93.229403976926,https://geocoding.geo.census.gov/,"701 DELLWOOD ST S, CAMBRIDGE, MN, 55008",701 SOUTH DELLWOOD AVENUE,CAMBRIDGE,MN,55008,,,
241354,46.451238445494,-95.155489692948,https://geocoding.geo.census.gov/,"421 11TH ST NW, WADENA, MN, 56482",421 11TH STREET NW,WADENA,MN,56482,,,
241351,44.536968791714,-95.107819803635,https://geocoding.geo.census.gov/,"100 FALLWOOD RD, REDWOOD FALLS, MN, 56283",100 FALLWOOD ROAD,REDWOOD FALLS,MN,56283,,,
240022,43.621988909596,-95.598875785662,https://geocoding.geo.census.gov/,"1018 6TH AVE, WORTHINGTON, MN, 56187",1018 SIXTH AVENUE PO BOX 997,WORTHINGTON,MN,56187,,,
230020,42.29190501826,-83.212054654569,https://geocoding.geo.census.gov/,"18101 OAKWOOD BLVD, DEARBORN, MI, 48124",18101 OAKWOOD BLVD,DEARBORN,MI,48124,,,
221300,41.460380821013,-70.58084650586,https://geocoding.geo.census.gov/,"1 HOSPITAL RD, OAK BLUFFS, MA, 02557","ONE HOSPITAL ROAD, FIRST FL, WING 5,  PO BOX 1477",OAK BLUFFS,MA,02557,,,
221303,42.586347583603,-72.209133407594,https://geocoding.geo.census.gov/,"2033 MAIN ST, ATHOL, MA, 01331",2033 MAIN STREET,ATHOL,MA,01331,,,
221302,42.191906350426,-73.372355670017,https://geocoding.geo.census.gov/,"29 LEWIS AVE, GREAT BARRINGTON, MA, 01230",29 LEWIS AVENUE,GREAT BARRINGTON,MA,01230,,,
250072,32.286811963017,-90.255188568342,https://geocoding.geo.census.gov/,"1850 CHADWICK DR, JACKSON, MS, 39204",1850 CHADWICK DR,JACKSON,MS,39204,,,
241359,44.448072702068,-95.776240299464,https://geocoding.geo.census.gov/,"300 S BRUCE ST, MARSHALL, MN, 56258",300 SOUTH BRUCE STREET,MARSHALL,MN,56258,,,
221304,42.70583615789,-73.109468835469,https://geocoding.geo.census.gov/,"71 HOSPITAL AVE, NORTH ADAMS, MA, 01247",71 HOSPITAL AVENUE,NORTH ADAMS,MA,01247,,,
230017,42.286152443631,-85.581267205065,https://geocoding.geo.census.gov/,"601 JOHN ST, KALAMAZOO, MI, 49007",601 JOHN STREET,KALAMAZOO,MI,49007,,,
230259,42.31006554306,-84.020882441849,https://geocoding.geo.census.gov/,"775 S MAIN ST, CHELSEA, MI, 48118",775 S MAIN ST,CHELSEA,MI,48118,,,
230015,41.935134365309,-85.64738633881,https://geocoding.geo.census.gov/,"701 S HEALTH PKWY, THREE RIVERS, MI, 49093",701 S HEALTH PARKWAY,THREE RIVERS,MI,49093,,,
230254,42.681718280869,-83.148366968035,https://geocoding.geo.census.gov/,"1101 W UNIVERSITY DR, ROCHESTER, MI, 48307",1101 W UNIVERSITY DRIVE,ROCHESTER,MI,48307,,,
250069,32.370040833123,-88.697750919582,https://geocoding.geo.census.gov/,"1314 19TH AVE, MERIDIAN, MS, 39301",1314 19TH AVE,MERIDIAN,MS,39301,,,
241360,47.343564637556,-93.792211722076,https://geocoding.geo.census.gov/,"115 10TH AVE NE, DEER RIVER, MN, 56636",115 10TH AVENUE NORTHEAST,DEER RIVER,MN,56636,,,
241361,44.546051197763,-93.573479033082,https://geocoding.geo.census.gov/,"301 2ND ST NE, NEW PRAGUE, MN, 56071",301 2ND STREET NORTHEAST,NEW PRAGUE,MN,56071,,,
240030,45.872696527161,-95.376326256294,https://geocoding.geo.census.gov/,"111 17TH AVE E, ALEXANDRIA, MN, 56308",111 17TH AVENUE EAST,ALEXANDRIA,MN,56308,,,
190079,29.924285556498,-90.371814414494,https://geocoding.geo.census.gov/,"1057 PAUL MAILLARD RD, LULING, LA, 70070",1057 PAUL MAILLARD ROAD,LULING,LA,70070,,,
192010,32.493534665877,-93.744565875026,https://geocoding.geo.census.gov/,"1800 IRVING PL, SHREVEPORT, LA, 71101",1800 IRVING PLACE,SHREVEPORT,LA,71101,,,
230019,42.459158536814,-83.20498625066,https://geocoding.geo.census.gov/,"16001 W 9 MILE RD, SOUTHFIELD, MI, 48075",16001 W NINE MILE RD,SOUTHFIELD,MI,48075,,,
240036,45.575202883628,-94.170271628599,https://geocoding.geo.census.gov/,"1406 6TH AVE N, SAINT CLOUD, MN, 56303",1406 6TH AVE NORTH,SAINT CLOUD,MN,56303,,,
241368,45.74549271229,-94.954662116869,https://geocoding.geo.census.gov/,"425 ELM ST N, SAUK CENTRE, MN, 56378",425 NORTH ELM STREET,SAUK CENTRE,MN,56378,,,
241369,43.634259898677,-94.100836728109,https://geocoding.geo.census.gov/,"515 S MOORE ST, BLUE EARTH, MN, 56013",515 SOUTH MOORE STREET,BLUE EARTH,MN,56013,,,
240038,44.94231022901,-93.107844489948,https://geocoding.geo.census.gov/,"333 N SMITH AVE, SAINT PAUL, MN, 55102",333 NORTH SMITH AVENUE,SAINT PAUL,MN,55102,,,
241366,45.119960680199,-94.528122135373,https://geocoding.geo.census.gov/,"612 S SIBLEY AVE, LITCHFIELD, MN, 55355",612 SOUTH SIBLEY AVENUE,LITCHFIELD,MN,55355,,,
241367,45.872332017672,-93.290362830202,https://geocoding.geo.census.gov/,"301 STATE HWY 65, MORA, MN, 55051",301 SOUTH HIGHWAY 65,MORA,MN,55051,,,
243302,44.956848706597,-93.262473290542,https://geocoding.geo.census.gov/,"2525 CHICAGO AVE S, MINNEAPOLIS, MN, 55404",2525 CHICAGO AVENUE SOUTH,MINNEAPOLIS,MN,55404,,,
241364,46.731897440201,-92.461064987658,https://geocoding.geo.census.gov/,"512 SKYLINE BLVD, CLOQUET, MN, 55720",512 SKYLINE BOULEVARD,CLOQUET,MN,55720,,,
241365,45.314600643908,-95.608372947662,https://geocoding.geo.census.gov/,"1815 WISCONSIN AVE, BENSON, MN, 56215",1815 WISCONSIN AVENUE,BENSON,MN,56215,,,
243300,44.956426989236,-93.095823015872,https://geocoding.geo.census.gov/,"200 UNIVERSITY AVE E, SAINT PAUL, MN, 55101",200 UNIVERSITY AVENUE EAST,SAINT PAUL,MN,55106,,,
241362,45.299969849291,-93.779369988812,https://geocoding.geo.census.gov/,"1013 HART BLVD, MONTICELLO, MN, 55362",1013 HART BOULEVARD,MONTICELLO,MN,55362,,,
231340,43.802439999731,-83.032818616674,https://geocoding.geo.census.gov/,"1100 S VAN DYKE RD, BAD AXE, MI, 48413",1100 S VAN DYKE RD,BAD AXE,MI,48413,,,
241363,45.585159945091,-95.905494539752,https://geocoding.geo.census.gov/,"400 E 1ST ST, MORRIS, MN, 56267",400 EAST FIRST STREET,MORRIS,MN,56267,,,
190090,31.924909935384,-92.645013941127,https://geocoding.geo.census.gov/,"301 W BOUNDARY AVE, WINNFIELD, LA, 71483",301 W BOUNDARY AVE,WINNFIELD,LA,71483,,,
250084,31.529685892944,-91.38774317578,https://geocoding.geo.census.gov/,"52 SGT PRENTISS DR, NATCHEZ, MS, 39120",52 SERGEANT PRENTISS DRIVE,NATCHEZ,MS,39120,,,
250082,33.40997653809,-91.035287639837,https://geocoding.geo.census.gov/,"1400 E UNION ST, GREENVILLE, MS, 38703",1400 E UNION ST,GREENVILLE,MS,38701,,,
250081,32.367845427393,-88.699305180398,https://geocoding.geo.census.gov/,"1102 CONSTITUTION AVE, MERIDIAN, MS, 39301",1102 CONSTITUTION AVENUE,MERIDIAN,MS,39301,,,
231338,43.465157040489,-85.950652882435,https://geocoding.geo.census.gov/,"212 S SULLIVAN AVE, FREMONT, MI, 49412",212 S SULLIVAN ST,FREMONT,MI,49412,,,
24003F,44.901951033563,-93.203969985519,https://geocoding.geo.census.gov/,"1 VETERANS DR, MINNEAPOLIS, MN, 55417",ONE VETERANS DRIVE,MINNEAPOLIS,MN,55417,,,
250077,31.675145914574,-88.635770883056,https://geocoding.geo.census.gov/,"950 MATTHEW DR, WAYNESBORO, MS, 39367",950 MATTHEW DR,WAYNESBORO,MS,39367,,,
190086,32.515564834656,-92.633144032446,https://geocoding.geo.census.gov/,"401 E VAUGHN AVE, RUSTON, LA, 71270",401 EAST VAUGHN AVENUE,RUSTON,LA,71270,,,
230005,41.965152427241,-84.004517719222,https://geocoding.geo.census.gov/,"5640 N ADRIAN HWY, ADRIAN, MI, 49221",5640 N ADRIAN HIGHWAY,ADRIAN,MI,49221,,,
231339,42.644323904872,-85.301973516831,https://geocoding.geo.census.gov/,"1009 W GREEN ST, HASTINGS, MI, 49058",1009 W GREEN ST,HASTINGS,MI,49058,,,
230003,42.819560892066,-85.988122760693,https://geocoding.geo.census.gov/,"8333 FELCH ST, ZEELAND, MI, 49464",8333 FELCH ST,ZEELAND,MI,49464,,,
230241,42.785753950374,-82.47807294092,https://geocoding.geo.census.gov/,"4100 RIVER RD, EAST CHINA, MI, 48054",4100 RIVER RD,EAST CHINA,MI,48054,,,
250078,31.352737719263,-89.342052777687,https://geocoding.geo.census.gov/,"6051 US HWY 49, HATTIESBURG, MS, 39401",6051 US HIGHWAY 49,HATTIESBURG,MS,39401,,,
252013,33.404695979182,-91.051496819745,https://geocoding.geo.census.gov/,"300 S WASHINGTON AVE, GREENVILLE, MS, 38701","300 SOUTH WASHINGTON AVE, 3RD FLOOR",GREENVILLE,MS,38701,,,
231330,43.332860936266,-83.080348585699,https://geocoding.geo.census.gov/,"2770 MAIN ST, MARLETTE, MI, 48453",2770 MAIN STREET,MARLETTE,MI,48453,,,
231331,42.935898633808,-85.07469316321,https://geocoding.geo.census.gov/,"3565 S STATE RD, IONIA, MI, 48846",3565 S STATE ROAD,IONIA,MI,48846,,,
241372,45.016706136721,-96.18880494163,https://geocoding.geo.census.gov/,"820 3RD AVE, MADISON, MN, 56256",820 THIRD AVENUE,MADISON,MN,56256,,,
231332,42.220968326701,-85.897933465251,https://geocoding.geo.census.gov/,"408 HAZEN ST, PAW PAW, MI, 49079",408 HAZEN STREET,PAW PAW,MI,49079,,,
231333,46.481898245777,-90.105662060687,https://geocoding.geo.census.gov/,"N10561 GRANDVIEW LN, IRONWOOD, MI, 49938",N10561 GRAND VIEW LANE,IRONWOOD,MI,49938,,,
240040,47.411131706017,-92.931853754648,https://geocoding.geo.census.gov/,"750 E 34TH ST, HIBBING, MN, 55746",750 EAST 34TH ST,HIBBING,MN,55746,,,
241370,45.968045986389,-94.362599498209,https://geocoding.geo.census.gov/,"815 2ND ST SE, LITTLE FALLS, MN, 56345",815 SOUTHEAST SECOND STREET,LITTLE FALLS,MN,56345,,,
190088,33.010513005522,-93.442752677414,https://geocoding.geo.census.gov/,"2001 DOCTORS DR, SPRINGHILL, LA, 71075",2001 DOCTORS DRIVE,SPRINGHILL,LA,71075,,,
231337,45.745692069469,-87.10089761243,https://geocoding.geo.census.gov/,"3401 LUDINGTON ST, ESCANABA, MI, 49829",3401 LUDINGTON ST,ESCANABA,MI,49829,,,
240088,45.12054576752,-95.045619209803,https://geocoding.geo.census.gov/,"301 BECKER AVE SW, WILLMAR, MN, 56201",301 BECKER AVE SW,WILLMAR,MN,56201,,,
230041,43.589369561064,-83.870393497572,https://geocoding.geo.census.gov/,"1900 COLUMBUS AVE, BAY CITY, MI, 48708",1900 COLUMBUS AVE,BAY CITY,MI,48708,,,
254011,30.445800193553,-89.0986386524,https://geocoding.geo.census.gov/,"11150 US HWY 49, GULFPORT, MS, 39503",11150 US HIGHWAY 49 NORTH,GPT,MS,39503,,,
254010,32.237766507343,-90.074409578637,https://geocoding.geo.census.gov/,"3550 STATE HWY 468, WHITFIELD, MS, 39193",3550 HIGHWAY 468 WEST,WHITFIELD,MS,39193,,,
230038,42.970451644753,-85.666461474301,https://geocoding.geo.census.gov/,"100 MICHIGAN ST NE, GRAND RAPIDS, MI, 49503",100 MICHIGAN ST NE,GRAND RAPIDS,MI,49503,,,
254005,34.962430007363,-89.844975380399,https://geocoding.geo.census.gov/,"8135 GOODMAN RD, OLIVE BRANCH, MS, 38654",8135 GOODMAN ROAD,OLIVE BRANCH,MS,38654,,,
280779,40.653637216666,-97.282435342953,https://geocoding.geo.census.gov/,"905 2ND ST, FRIEND, NE, 68359",905 SECOND STREET,FRIEND,NE,68359,,,
230037,41.912033064427,-84.631773686643,https://geocoding.geo.census.gov/,"168 S HOWELL ST, HILLSDALE, MI, 49242",168 S HOWELL STREET,HILLSDALE,MI,49242,,,
230279,42.517635276105,-83.696127964126,https://geocoding.geo.census.gov/,"12851 GRAND RIVER RD, BRIGHTON, MI, 48116",12851 GRAND RIVER RD,BRIGHTON,MI,48116,,,
254008,31.167980111303,-89.4248387704,https://geocoding.geo.census.gov/,"823 STATE HWY 589, PURVIS, MS, 39475",823 HIGHWAY 589,PURVIS,MS,39475,,,
230036,45.075619497257,-83.449214870967,https://geocoding.geo.census.gov/,"1501 W CHISHOLM ST, ALPENA, MI, 49707",1501 W CHISHOLM ST,ALPENA,MI,49707,,,
230035,43.175117947646,-85.268801687742,https://geocoding.geo.census.gov/,"615 S BOWER ST, GREENVILLE, MI, 48838",615 S BOWER STREET,GREENVILLE,MI,48838,,,
230277,42.590774998345,-83.497276033625,https://geocoding.geo.census.gov/,"1 WILLIAM CARLS DR, COMMERCE TOWNSHIP, MI, 48382",ONE WILLIAM CARLS DRIVE,COMMERCE TOWNSHIP,MI,48382,,,
230275,43.456746510281,-84.051993324784,https://geocoding.geo.census.gov/,"3340 HOSPITAL RD, SAGINAW, MI, 48603",3340 HOSPITAL ROAD,SAGINAW,MI,48603,,,
233300,42.351814991696,-83.053842991911,https://geocoding.geo.census.gov/,"3901 BEAUBIEN ST, DETROIT, MI, 48201",3901 BEAUBIEN STREET,DETROIT,MI,48201,,,
240093,44.164548992326,-93.986396071183,https://geocoding.geo.census.gov/,"1025 MARSH ST, MANKATO, MN, 56001",1025 MARSH STREET,MANKATO,MN,56002,,,
254009,34.236962793441,-88.67291712173,https://geocoding.geo.census.gov/,"1937 BRIAR RIDGE RD, TUPELO, MS, 38804",1937 BRIAR RIDGE RD,TUPELO,MS,38804,,,
230273,42.353966605812,-83.053516454253,https://geocoding.geo.census.gov/,"4201 SAINT ANTOINE ST, DETROIT, MI, 48201",4201 ST ANTOINE ST,DETROIT,MI,48201,,,
230030,43.391508157242,-84.664219553282,https://geocoding.geo.census.gov/,"300 E WARWICK DR, ALMA, MI, 48801",300 E WARWICK DR,ALMA,MI,48801,,,
230270,42.233277041031,-83.269733083065,https://geocoding.geo.census.gov/,"10000 TELEGRAPH RD, TAYLOR, MI, 48180",10000 TELEGRAPH ROAD,TAYLOR,MI,48180,,,
230269,42.621034168227,-83.091391161121,https://geocoding.geo.census.gov/,"44201 DEQUINDRE RD, TROY, MI, 48085",44201 DEQUINDRE ROAD,TROY,MI,48085,,,
230024,42.420012738864,-83.181970403684,https://geocoding.geo.census.gov/,"6071 W OUTER DR, DETROIT, MI, 48235",6071 W OUTER DRIVE,DETROIT,MI,48235,,,
254012,30.391276168723,-89.001204103844,https://geocoding.geo.census.gov/,"180 DEBUYS RD, BILOXI, MS, 39531","180 DEBUYS ROAD, BUILDING C",BILOXI,MS,39531,,,
230022,41.938912880382,-84.990566983669,https://geocoding.geo.census.gov/,"274 E CHICAGO ST, COLDWATER, MI, 49036",274 E CHICAGO ST,COLDWATER,MI,49036,,,
230264,42.450754122236,-83.083475145398,https://geocoding.geo.census.gov/,"21230 DEQUINDRE RD, WARREN, MI, 48091",21230 DEQUINDRE ROAD,WARREN,MI,48091,,,
230021,42.090415145982,-86.478469003947,https://geocoding.geo.census.gov/,"1234 NAPIER AVE, SAINT JOSEPH, MI, 49085",1234 NAPIER AVENUE,ST JOSEPH,MI,49085,,,
230029,42.614177902981,-83.274489270264,https://geocoding.geo.census.gov/,"44405 WOODWARD AVE, PONTIAC, MI, 48341",44405 WOODWARD AVE,PONTIAC,MI,48341,,,
220019,42.07712891313,-72.042866402776,https://geocoding.geo.census.gov/,"100 SOUTH ST, SOUTHBRIDGE, MA, 01550",100 SOUTH STREET,SOUTHBRIDGE,MA,01550,,,
264034,37.287969315827,-89.565543729185,https://geocoding.geo.census.gov/,"639 S SILVER SPRINGS RD, CAPE GIRARDEAU, MO, 63703",639 SOUTH SILVER SPRINGS ROAD,CAPE GIRARDEAU,MO,63703,,,
264033,37.248027460862,-93.274394465953,https://geocoding.geo.census.gov/,"2828 N NATIONAL AVE, SPRINGFIELD, MO, 65803",2828 N NATIONAL,SPRINGFIELD,MO,65803,,,
23005F,45.811493627827,-88.063435818612,https://geocoding.geo.census.gov/,"325 E H ST, IRON MOUNTAIN, MI, 49801",325 EAST H STREET,IRON MOUNTAIN,MI,49801,,,
240064,47.221015831325,-93.556976497799,https://geocoding.geo.census.gov/,"1601 GOLF COURSE RD, GRAND RAPIDS, MN, 55744",1601 GOLF COURSE ROAD,GRAND RAPIDS,MN,55744,,,
240066,45.048098513987,-92.818550176777,https://geocoding.geo.census.gov/,"927 CHURCHILL ST W, STILLWATER, MN, 55082",927 WEST CHURCHILL STREET,STILLWATER,MN,55082,,,
220012,41.654621855611,-70.273549227747,https://geocoding.geo.census.gov/,"27 PARK ST, HYANNIS, MA, 02601",27 PARK STREET,HYANNIS,MA,02601,,,
220011,42.374132616139,-71.103486492492,https://geocoding.geo.census.gov/,"1493 CAMBRIDGE ST, CAMBRIDGE, MA, 02139",1493 CAMBRIDGE STREET,CAMBRIDGE,MA,02139,,,
21020F,39.2893214973,-76.623776529435,https://geocoding.geo.census.gov/,"10 N GREENE ST, BALTIMORE, MD, 21201",10 NORTH GREENE STREET,BALTIMORE,MD,21201,,,
220016,42.596200509507,-72.590706627444,https://geocoding.geo.census.gov/,"164 HIGH ST, GREENFIELD, MA, 01301",164 HIGH STREET,GREENFIELD,MA,01301,,,
220015,42.332970088752,-72.657998435231,https://geocoding.geo.census.gov/,"30 LOCUST ST, NORTHAMPTON, MA, 01060",30 LOCUST STREET,NORTHAMPTON,MA,01061,,,
220017,42.278716771074,-71.066184669009,https://geocoding.geo.census.gov/,"2100 DORCHESTER AVE, BOSTON, MA, 02124",2100 DORCHESTER AVENUE,BOSTON,MA,02124,,,
230059,42.959441573476,-85.664036525627,https://geocoding.geo.census.gov/,"200 JEFFERSON AVE SE, GRAND RAPIDS, MI, 49503",200 JEFFERSON AVENUE SE,GRAND RAPIDS,MI,49503,,,
230058,44.668837480408,-84.707811268914,https://geocoding.geo.census.gov/,"1100 E MICHIGAN AVE, GRAYLING, MI, 49738",1100 E MICHIGAN AVE,GRAYLING,MI,49738,,,
230055,45.808376766897,-88.046092726051,https://geocoding.geo.census.gov/,"1721 S STEPHENSON AVE, IRON MOUNTAIN, MI, 49801",1721 S STEPHENSON AVE,IRON MOUNTAIN,MI,49801,,,
230297,42.351518298755,-83.05795521117,https://geocoding.geo.census.gov/,"4100 JOHN R ST, DETROIT, MI, 48201",4100 JOHN R,DETROIT,MI,48201,,,
220020,41.693132363219,-71.16299335778,https://geocoding.geo.census.gov/,"795 MIDDLE ST, FALL RIVER, MA, 02721",795 MIDDLE STREET,FALL RIVER,MA,02721,,,
230054,46.543050238793,-87.410522480609,https://geocoding.geo.census.gov/,"850 W BARAGA AVE, MARQUETTE, MI, 49855",850 W BARAGA AVE,MARQUETTE,MI,49855,,,
240071,44.286891342844,-93.257012447751,https://geocoding.geo.census.gov/,"200 STATE AVE, FARIBAULT, MN, 55021",200 STATE AVENUE,FARIBAULT,MN,55021,,,
220008,41.942667602734,-71.275525782995,https://geocoding.geo.census.gov/,"211 PARK ST, ATTLEBORO, MA, 02703",211 PARK STREET,ATTLEBORO,MA,02703,,,
264024,37.205976777278,-93.295488894037,https://geocoding.geo.census.gov/,"440 S MARKET AVE, SPRINGFIELD, MO, 65806",440 S MARKET,SPRINGFIELD,MO,65806,,,
240076,45.193267626236,-93.871167699366,https://geocoding.geo.census.gov/,"303 CATLIN ST, BUFFALO, MN, 55313",303 CATLIN STREET,BUFFALO,MN,55313,,,
240075,46.36150504362,-94.205243061869,https://geocoding.geo.census.gov/,"523 N 3RD ST, BRAINERD, MN, 56401",523 NORTH 3RD STREET,BRAINERD,MN,56401,,,
240078,44.886301378464,-93.328780155677,https://geocoding.geo.census.gov/,"6401 FRANCE AVE S, EDINA, MN, 55435",6401 FRANCE AVENUE SOUTH,EDINA,MN,55435,,,
220001,42.541518896373,-71.762912292914,https://geocoding.geo.census.gov/,"60 HOSPITAL RD, LEOMINSTER, MA, 01453",60 HOSPITAL ROAD,LEOMINSTER,MA,01453,,,
230053,42.366927855349,-83.082687385709,https://geocoding.geo.census.gov/,"2799 W GRAND BLVD, DETROIT, MI, 48202",2799 W GRAND BLVD,DETROIT,MI,48202,,,
220002,42.374803457052,-71.133140462612,https://geocoding.geo.census.gov/,"330 MOUNT AUBURN ST, CAMBRIDGE, MA, 02138",330 MOUNT AUBURN STREET,CAMBRIDGE,MA,02138,,,
230046,42.281398951705,-83.726782034467,https://geocoding.geo.census.gov/,"1500 E MEDICAL CENTER DR, ANN ARBOR, MI, 48109","1500 E MEDICAL CENTER DRIVE, SPC 5474",ANN ARBOR,MI,48109,,,
220010,42.709074425161,-71.147971846583,https://geocoding.geo.census.gov/,"1 GENERAL ST, LAWRENCE, MA, 01841",ONE GENERAL STREET,LAWRENCE,MA,01841,,,
240084,47.530749141414,-92.54762591926,https://geocoding.geo.census.gov/,"901 9TH ST N, VIRGINIA, MN, 55792",901 9TH STREET NORTH,VIRGINIA,MN,55792,,,
264032,39.006346259825,-92.323204950799,https://geocoding.geo.census.gov/,"1201 INTERNATIONAL DR, COLUMBIA, MO, 65202",1201 INTERNATIONAL DRIVE,COLUMBIA,MO,65202,,,
264031,38.134309891329,-92.63031311446,https://geocoding.geo.census.gov/,"840 PASSOVER RD, OSAGE BEACH, MO, 65065",840 PASSOVER ROAD,OSAGE BEACH,MO,65065,,,
240080,44.965878987449,-93.236886317496,https://geocoding.geo.census.gov/,"2450 RIVERSIDE AVE, MINNEAPOLIS, MN, 55454",2450 RIVERSIDE AVENUE,MINNEAPOLIS,MN,55454,,,
244005,45.145445109166,-95.005096356783,https://geocoding.geo.census.gov/,"2301 TRANSPORTATION RD, WILLMAR, MN, 56201",2301 TRANSPORTATION DRIVE NE,WILLMAR,MN,56201,,,
244002,45.214936442256,-93.377958147729,https://geocoding.geo.census.gov/,"3301 N 7TH AVE, ANOKA, MN, 55303",3301 7TH AVE NORTH,ANOKA,MN,55303,,,
223302,42.337945238478,-71.105702666936,https://geocoding.geo.census.gov/,"300 LONGWOOD AVE, BOSTON, MA, 02115",300 LONGWOOD AVENUE,BOSTON,MA,02115,,,
220033,42.565085961612,-70.877183023794,https://geocoding.geo.census.gov/,"85 HERRICK ST, BEVERLY, MA, 01915",85 HERRICK STREET,BEVERLY,MA,01915,,,
230085,42.390882602701,-86.263995039005,https://geocoding.geo.census.gov/,"955 BAILEY AVE, SOUTH HAVEN, MI, 49090",955 S BAILEY AVE,SOUTH HAVEN,MI,49090,,,
220036,42.349962297061,-71.147460845705,https://geocoding.geo.census.gov/,"736 CAMBRIDGE ST, BRIGHTON, MA, 02135","736 CAMBRIDGE STREET, NEVINS BUILDING",BRIGHTON,MA,02135,,,
223300,42.34973965366,-71.143960646242,https://geocoding.geo.census.gov/,"30 WARREN ST, BRIGHTON, MA, 02135",30 WARREN STREET,BRIGHTON,MA,02135,,,
220035,42.512388061456,-70.908119292405,https://geocoding.geo.census.gov/,"81 HIGHLAND AVE, SALEM, MA, 01970",81 HIGHLAND AVENUE,SALEM,MA,01970,,,
230081,44.246140121665,-85.390431694031,https://geocoding.geo.census.gov/,"400 HOBART ST, CADILLAC, MI, 49601",400 HOBART ST,CADILLAC,MI,49601,,,
223304,42.362782802731,-71.066861366078,https://geocoding.geo.census.gov/,"51 BLOSSOM ST, BOSTON, MA, 02114",51 BLOSSOM STREET,BOSTON,MA,02114,,,
230080,43.598620486688,-84.76059098337,https://geocoding.geo.census.gov/,"1221 SOUTH DR, MOUNT PLEASANT, MI, 48858",1221 SOUTH DRIVE,MOUNT PLEASANT,MI,48858,,,
230078,42.185981618276,-86.247615835981,https://geocoding.geo.census.gov/,"400 MEDICAL PARK DR, WATERVLIET, MI, 49098",400 MEDICAL PARK DR,WATERVLIET,MI,49098,,,
230077,43.426087426873,-83.941815394003,https://geocoding.geo.census.gov/,"800 S WASHINGTON AVE, SAGINAW, MI, 48601",800 S WASHINGTON AVENUE,SAGINAW,MI,48601,,,
244012,45.883187183332,-95.354274075113,https://geocoding.geo.census.gov/,"1610 8TH AVE E, ALEXANDRIA, MN, 56308",1610 8TH AVENUE EAST,ALEXANDRIA,MN,56308,,,
244011,45.254666732289,-94.100747086901,https://geocoding.geo.census.gov/,"400 ANNANDALE BLVD, ANNANDALE, MN, 55302",400 ANNANDALE BOULEVARD,ANNANDALE,MN,55302,,,
244018,48.116853222109,-96.179918326598,https://geocoding.geo.census.gov/,"120 LABREE AVE S, THIEF RIVER FALLS, MN, 56701",120 LABREE AVENUE SOUTH,THIEF RIVER FALLS,MN,56701,,,
244017,43.973296932911,-92.456693931003,https://geocoding.geo.census.gov/,"251 WOODLAKE DR SE, ROCHESTER, MN, 55904",251 WOOD LAKE DRIVE SOUTHEAST,ROCHESTER,MN,55904,,,
244015,46.359608081523,-94.256936473454,https://geocoding.geo.census.gov/,"14241 GRAND OAKS DR, BAXTER, MN, 56425",14241 GRAND OAKS DRIVE,BAXTER,MN,56425,,,
244014,47.475741504298,-94.879503490427,https://geocoding.geo.census.gov/,"800 BEMIDJI AVE N, BEMIDJI, MN, 56601",800 BEMIDJI AVENUE NORTH,BEMIDJI,MN,56601,,,
244013,46.275855166537,-96.105103203328,https://geocoding.geo.census.gov/,"1801 W ALCOTT AVE, FERGUS FALLS, MN, 56537",1801 WEST ALCOTT AVENUE,FERGUS FALLS,MN,56538,1801 WEST ALCOTT AVENUE,2026-09-28,
230075,42.330261294222,-85.180299513469,https://geocoding.geo.census.gov/,"300 NORTH AVE, BATTLE CREEK, MI, 49017",300 NORTH AVENUE,BATTLE CREEK,MI,49017,,,
220024,42.199381903366,-72.628559910602,https://geocoding.geo.census.gov/,"575 BEECH ST, HOLYOKE, MA, 01040",575 BEECH STREET,HOLYOKE,MA,01040,,,
230072,42.774047751628,-86.113252405723,https://geocoding.geo.census.gov/,"602 MICHIGAN AVE, HOLLAND, MI, 49423",602 MICHIGAN AVE,HOLLAND,MI,49423,,,
230071,42.464492955242,-83.260447681006,https://geocoding.geo.census.gov/,"23901 LAHSER RD, SOUTHFIELD, MI, 48033",23901 LAHSER,SOUTHFIELD,MI,48033,,,
230070,43.428102371027,-83.955624466582,https://geocoding.geo.census.gov/,"1447 N HARRISON ST, SAGINAW, MI, 48602",1447 N HARRISON,SAGINAW,MI,48602,,,
220029,42.814647871044,-70.89039295929,https://geocoding.geo.census.gov/,"25 HIGHLAND AVE, NEWBURYPORT, MA, 01950",25 HIGHLAND AVENUE,NEWBURYPORT,MA,01950,,,
230069,42.615028103588,-83.93931886517,https://geocoding.geo.census.gov/,"620 BYRON RD, HOWELL, MI, 48843",620 BYRON RD,HOWELL,MI,48843,,,
220030,42.16853098608,-72.341357729236,https://geocoding.geo.census.gov/,"40 WRIGHT ST, PALMER, MA, 01069",40 WRIGHT STREET,PALMER,MA,01069,,,
230066,43.205052584446,-86.208530991202,https://geocoding.geo.census.gov/,"1500 E SHERMAN BLVD, MUSKEGON, MI, 49444",1500 E SHERMAN BLVD,MUSKEGON,MI,49441,,,
220031,42.33469528367,-71.075400577107,https://geocoding.geo.census.gov/,"1 BOSTON MEDICAL CENTER PL, BOSTON, MA, 02118",1 BOSTON MEDICAL CENTER PLACE,BOSTON,MA,02118,,,
210011,39.271148488416,-76.67004090472,https://geocoding.geo.census.gov/,"900 S CATON AVE, BALTIMORE, MD, 21229",900 CATON AVENUE,BALTIMORE,MD,21229,,,
210009,39.296926898082,-76.590856511191,https://geocoding.geo.census.gov/,"600 N WOLFE ST, BALTIMORE, MD, 21205",600 NORTH  WOLFE STREET,BALTIMORE,MD,21287,,,
220060,41.944769018939,-70.645604341572,https://geocoding.geo.census.gov/,"275 SANDWICH ST, PLYMOUTH, MA, 02360",275 SANDWICH STREET,PLYMOUTH,MA,02360,,,
220063,42.64621286516,-71.342107580766,https://geocoding.geo.census.gov/,"295 VARNUM AVE, LOWELL, MA, 01854",295 VARNUM AVENUE,LOWELL,MA,01854,,,
220062,42.276891072937,-71.795012559695,https://geocoding.geo.census.gov/,"107 LINCOLN ST, WORCESTER, MA, 01605",107 LINCOLN STREET,WORCESTER,MA,01605,,,
220065,42.116656308961,-72.757996458916,https://geocoding.geo.census.gov/,"115 W SILVER ST, WESTFIELD, MA, 01085",115 WEST SILVER STREET,WESTFIELD,MA,01086,,,
230099,41.925211080367,-83.388947591479,https://geocoding.geo.census.gov/,"718 N MACOMB ST, MONROE, MI, 48162",718 N MACOMB ST,MONROE,MI,48162,,,
210004,39.015952661979,-77.03526026582,https://geocoding.geo.census.gov/,"1500 FOREST GLEN RD, SILVER SPRING, MD, 20910",1500 FOREST GLEN ROAD,SILVER SPRING,MD,20910,,,
210003,38.897248033083,-76.842109233942,https://geocoding.geo.census.gov/,"901 HARRY S TRUMAN DR N, UPPER MARLBORO, MD, 20774",901 NORTH HARRY S TRUMAN DRIVE,UPPER MARLBORO,MD,20774,,,
210002,39.288487855606,-76.623724909735,https://geocoding.geo.census.gov/,"22 S GREENE ST, BALTIMORE, MD, 21201",22 SOUTH  GREENE STREET,BALTIMORE,MD,21201,,,
210001,39.622181625921,-77.681654044242,https://geocoding.geo.census.gov/,"11116 MEDICAL CAMPUS RD, HAGERSTOWN, MD, 21742",11116 MEDICAL CAMPUS ROAD,HAGERSTOWN,MD,21742,,,
210008,39.292415090057,-76.61347077201,https://geocoding.geo.census.gov/,"301 ST PAUL PL, BALTIMORE, MD, 21202",301 SAINT PAUL PLACE,BALTIMORE,MD,21202,,,
210005,39.423633159222,-77.413937019705,https://geocoding.geo.census.gov/,"400 W 7TH ST, FREDERICK, MD, 21701",400 WEST SEVENTH ST,FREDERICK,MD,21701,,,
201309,45.186637290858,-69.2378673252,https://geocoding.geo.census.gov/,"897 W MAIN ST, DOVER FOXCROFT, ME, 04426",897 WEST MAIN STREET,DOVER FOXCROFT,ME,04426,,,
210022,38.996815724697,-77.109271358298,https://geocoding.geo.census.gov/,"8600 OLD GEORGETOWN RD, BETHESDA, MD, 20814",8600 OLD GEORGETOWN ROAD,BETHESDA,MD,20814,,,
201308,46.132322096092,-67.842938659066,https://geocoding.geo.census.gov/,"20 HARTFORD ST, HOULTON, ME, 04730",20 HARTFORD STREET,HOULTON,ME,04730,,,
201305,45.1779654011,-67.267036989981,https://geocoding.geo.census.gov/,"24 HOSPITAL LN, CALAIS, ME, 04619",24 HOSPITAL LANE,CALAIS,ME,04619,,,
230097,44.761580820778,-85.641458985152,https://geocoding.geo.census.gov/,"1105 6TH ST, TRAVERSE CITY, MI, 49684",1105 SIXTH STREET,TRAVERSE CITY,MI,49684,,,
201304,44.384469478809,-68.202366389357,https://geocoding.geo.census.gov/,"10 WAYMAN LN, BAR HARBOR, ME, 04609",10 WAYMAN LANE,BAR HARBOR,ME,04609,,,
201307,45.652687373281,-68.715129600989,https://geocoding.geo.census.gov/,"200 SOMERSET ST, MILLINOCKET, ME, 04462",200 SOMERSET STREET,MILLINOCKET,ME,04462,,,
201306,44.551523037264,-70.556818458691,https://geocoding.geo.census.gov/,"420 FRANKLIN ST, RUMFORD, ME, 04276",420 FRANKLIN STREET,RUMFORD,ME,04276,,,
220046,42.459210423219,-73.248546979036,https://geocoding.geo.census.gov/,"725 NORTH ST, PITTSFIELD, MA, 01201",725 NORTH STREET,PITTSFIELD,MA,01201,,,
201301,45.459977315975,-69.611652328117,https://geocoding.geo.census.gov/,"364 PRITHAM AVE, GREENVILLE, ME, 04441",364 PRITHAM AVE,GREENVILLE,ME,04441,,,
220049,42.354331059338,-71.553972993944,https://geocoding.geo.census.gov/,"157 UNION ST, MARLBOROUGH, MA, 01752",157 UNION STREET,MARLBOROUGH,MA,01752,,,
230093,43.693182360001,-85.475687022661,https://geocoding.geo.census.gov/,"605 OAK ST, BIG RAPIDS, MI, 49307",605 OAK STREET,BIG RAPIDS,MI,49307,,,
201300,44.411686629803,-68.586515451408,https://geocoding.geo.census.gov/,"57 WATER ST, BLUE HILL, ME, 04614",57 WATER STREET,BLUE HILL,ME,04614,,,
230092,42.250653421664,-84.393661671632,https://geocoding.geo.census.gov/,"205 N EAST AVE, JACKSON, MI, 49201",205 N EAST AVE,JACKSON,MI,49201,,,
201303,45.348170488909,-68.515833899279,https://geocoding.geo.census.gov/,"7 TRANSALPINE RD, LINCOLN, ME, 04457","7 TRANSALPINE ROAD, PO BOX 368",LINCOLN,ME,04457,,,
201302,44.026601661152,-69.530410025421,https://geocoding.geo.census.gov/,"35 MILES ST, DAMARISCOTTA, ME, 04543",35 MILES STREET,DAMARISCOTTA,ME,04543,,,
201310,44.046740138231,-70.713833825739,https://geocoding.geo.census.gov/,"10 HOSPITAL DR, BRIDGTON, ME, 04009",10 HOSPITAL DRIVE,BRIDGTON,ME,04009,,,
220052,42.086227520236,-70.991389528098,https://geocoding.geo.census.gov/,"680 CENTRE ST, BROCKTON, MA, 02302",680 CENTER STREET,BROCKTON,MA,02302,,,
230089,42.384263346911,-82.915346735498,https://geocoding.geo.census.gov/,"468 CADIEUX RD, GROSSE POINTE, MI, 48230",468 CADIEUX RD,GROSSE POINTE,MI,48230,,,
210015,39.350634636034,-76.481887403848,https://geocoding.geo.census.gov/,"9000 FRANKLIN SQUARE DR, ROSEDALE, MD, 21237",9000 FRANKLIN SQUARE DRIVE,ROSEDALE,MD,21237,,,
210012,39.354857778983,-76.662196519812,https://geocoding.geo.census.gov/,"2401 W BELVEDERE AVE, BALTIMORE, MD, 21215",2401 WEST BELVEDERE AVENUE,BALTIMORE,MD,21215,,,
210019,38.363194956057,-75.597823745513,https://geocoding.geo.census.gov/,"100 E CARROLL ST, SALISBURY, MD, 21801",100 EAST CARROLL AVENUE,SALISBURY,MD,21801,,,
210018,39.153585412462,-77.056671862066,https://geocoding.geo.census.gov/,"18101 PRINCE PHILIP DR, OLNEY, MD, 20832",18101 PRINCE PHILIP DRIVE,OLNEY,MD,20832,,,
210017,39.413744233408,-79.402284316705,https://geocoding.geo.census.gov/,"251 N 4TH ST, OAKLAND, MD, 21550",251 NORTH  FOURTH STREET,OAKLAND,MD,21550,,,
213300,39.362152575181,-76.653512358384,https://geocoding.geo.census.gov/,"1708 W ROGERS AVE, BALTIMORE, MD, 21209",1708 WEST ROGERS AVENUE,BALTIMORE,MD,21209,,,
191309,30.733471390793,-90.519982155027,https://geocoding.geo.census.gov/,"301 WALNUT ST, AMITE, LA, 70422",301 W WALNUT STREET,AMITE,LA,70422,,,
210033,39.557249967508,-76.989017133011,https://geocoding.geo.census.gov/,"200 MEMORIAL AVE, WESTMINSTER, MD, 21157",200 MEMORIAL AVENUE,WESTMINSTER,MD,21157,,,
191308,30.089401303737,-91.003437089609,https://geocoding.geo.census.gov/,"301 MEMORIAL DR, DONALDSONVILLE, LA, 70346",301 MEMORIAL DR,DONALDSONVILLE,LA,70346,,,
210032,39.608460146246,-75.831197606181,https://geocoding.geo.census.gov/,"106 BOW ST, ELKTON, MD, 21921",106 BOW STREET,ELKTON,MD,21921,,,
190218,31.560917928503,-93.471326449807,https://geocoding.geo.census.gov/,"240 HIGHLAND DR, MANY, LA, 71449",240 HIGHLAND DRIVE,MANY,LA,71449,,,
191307,30.451889360563,-93.43692777332,https://geocoding.geo.census.gov/,"110 W 4TH ST, DEQUINCY, LA, 70633",110 WEST 4TH STREET,DEQUINCY,LA,70633,,,
191306,30.783119390048,-91.365859874695,https://geocoding.geo.census.gov/,"5266 COMMERCE ST, SAINT FRANCISVILLE, LA, 70775","5266 COMMERCE STREET, BUILDING B",SAINT FRANCISVILLE,LA,70775,,,
210030,39.216929265464,-76.06502891805,https://geocoding.geo.census.gov/,"100 BROWN ST, CHESTERTOWN, MD, 21620",100 BROWN STREET,CHESTERTOWN,MD,21620,,,
201316,44.62629232933,-70.161669742369,https://geocoding.geo.census.gov/,"111 FRANKLIN HEALTH CMNS, FARMINGTON, ME, 04938",111 FRANKLIN HEALTH COMMONS,FARMINGTON,ME,04938,,,
201315,44.209567249995,-70.532878516942,https://geocoding.geo.census.gov/,"181 MAIN ST, NORWAY, ME, 04268",181 MAIN STREET,NORWAY,ME,04268,,,
220077,42.119020963245,-72.604093646013,https://geocoding.geo.census.gov/,"759 CHESTNUT ST, SPRINGFIELD, MA, 01107",759 CHESTNUT STREET,SPRINGFIELD,MA,01199,,,
201317,47.265148923668,-68.591225335846,https://geocoding.geo.census.gov/,"194 E MAIN ST, FORT KENT, ME, 04743",194 E MAIN STREET,FORT KENT,ME,04743,,,
201314,44.759927722155,-69.715130420603,https://geocoding.geo.census.gov/,"46 FAIRVIEW AVE, SKOWHEGAN, ME, 04976",46 FAIRVIEW AVE   PO BOX 468,SKOWHEGAN,ME,04976,,,
201313,44.790709856802,-69.371652230044,https://geocoding.geo.census.gov/,"447 N MAIN ST, PITTSFIELD, ME, 04967",447 NORTH MAIN STREET,PITTSFIELD,ME,04967,,,
220080,42.726115333005,-71.16405375448,https://geocoding.geo.census.gov/,"70 EAST ST, METHUEN, MA, 01844",70 EAST STREET,METHUEN,MA,01844,,,
220083,42.27750580087,-71.23730341243,https://geocoding.geo.census.gov/,"148 CHESTNUT ST, NEEDHAM, MA, 02492",148 CHESTNUT STREET,NEEDHAM,MA,02494,,,
280139,40.885433482966,-98.382194818987,https://geocoding.geo.census.gov/,"3533 PRAIRIEVIEW ST, GRAND ISLAND, NE, 68803",3533 PRAIRIEVIEW STREET,GRAND ISLAND,NE,68803,,,
220084,42.452547612269,-71.377201920743,https://geocoding.geo.census.gov/,"133 OLD RD TO 9 ACRE CORNER, CONCORD, MA, 01742",133 OLD ROAD TO 9 ACRE CORNER,W CONCORD,MA,01742,,,
280134,40.681413420308,-99.111373121976,https://geocoding.geo.census.gov/,"804 22ND AVE, KEARNEY, NE, 68845",804 22ND AVENUE,KEARNEY,NE,68845,,,
220086,42.339823034879,-71.106234940319,https://geocoding.geo.census.gov/,"330 BROOKLINE AVE, BOSTON, MA, 02215",330 BROOKLINE AVENUE,BOSTON,MA,02215,,,
191305,30.052373782348,-90.702521097793,https://geocoding.geo.census.gov/,"1645 LUTCHER AVE, LUTCHER, LA, 70071",1645 LUTCHER AVENUE,LUTCHER,LA,70071,,,
191304,32.863912955134,-93.987983248203,https://geocoding.geo.census.gov/,"815 S PINE ST, VIVIAN, LA, 71082",815 SOUTH PINE STREET,VIVIAN,LA,71082,,,
210024,39.330305496086,-76.614385939368,https://geocoding.geo.census.gov/,"201 E UNIVERSITY PKWY, BALTIMORE, MD, 21218",201 EAST UNIVERSITY PARKWAY,BALTIMORE,MD,21218,,,
280130,41.23747044622,-96.177507522119,https://geocoding.geo.census.gov/,"16901 LAKESIDE HILLS PLZ, OMAHA, NE, 68130",16901 LAKESIDE HILLS CT,OMAHA,NE,68130,,,
191302,30.282069218856,-91.890116682303,https://geocoding.geo.census.gov/,"210 CHAMPAGNE BLVD, BREAUX BRIDGE, LA, 70517",210 CHAMPAGNE BOULEVARD,BREAUX BRIDGE,LA,70517,,,
210023,38.990336019303,-76.534789183476,https://geocoding.geo.census.gov/,"2001 MEDICAL PKWY, ANNAPOLIS, MD, 21401",2001 MEDICAL PARKWAY,ANNAPOLIS,MD,21401,,,
280131,41.257848469722,-96.036014206819,https://geocoding.geo.census.gov/,"7915 FARNAM DR, OMAHA, NE, 68114",7915 FARNAM DRIVE,OMAHA,NE,68114,,,
191301,32.786455394436,-92.392043075406,https://geocoding.geo.census.gov/,"901 JAMES AVE, FARMERVILLE, LA, 71241",901 JAMES AVE,FARMERVILLE,LA,71241,,,
210029,39.287199902802,-76.554695929357,https://geocoding.geo.census.gov/,"4940 EASTERN AVE, BALTIMORE, MD, 21224",4940 EASTERN AVENUE,BALTIMORE,MD,21224,,,
210028,38.297562492241,-76.636313795076,https://geocoding.geo.census.gov/,"25500 POINT LOOKOUT RD, LEONARDTOWN, MD, 20650",25500 POINT LOOKOUT ROAD,LEONARDTOWN,MD,20650,,,
210027,39.649594245119,-78.732276618591,https://geocoding.geo.census.gov/,"12500 WILLOWBROOK RD, CUMBERLAND, MD, 21502",12500 WILLOWBROOK ROAD,CUMBERLAND,MD,21502,,,
210040,39.359679201945,-76.781725254114,https://geocoding.geo.census.gov/,"5401 OLD COURT RD, RANDALLSTOWN, MD, 21133",5401 OLD COURT ROAD,RANDALLSTOWN,MD,21133,,,
210044,39.38991821321,-76.627995976354,https://geocoding.geo.census.gov/,"6701 N CHARLES ST, BALTIMORE, MD, 21204",6701 NORTH  CHARLES STREET,BALTIMORE,MD,21204,,,
191319,30.394871577163,-92.211626860451,https://geocoding.geo.census.gov/,"810 S BROADWAY ST, CHURCH POINT, LA, 70525",810 SOUTH BROADWAY STREET,CHURCH POINT,LA,70525,,,
210043,39.138808710908,-76.622412385683,https://geocoding.geo.census.gov/,"301 HOSPITAL DR, GLEN BURNIE, MD, 21061",301 HOSPITAL DRIVE,GLEN BURNIE,MD,21061,,,
191317,32.252460967582,-92.718893991435,https://geocoding.geo.census.gov/,"165 BEECH SPRINGS RD, JONESBORO, LA, 71251",165 BEECH SPRINGS ROAD,JONESBORO,LA,71251,,,
220066,42.116657302558,-72.595141767541,https://geocoding.geo.census.gov/,"271 CAREW ST, SPRINGFIELD, MA, 01104",271 CAREW STREET,SPRINGFIELD,MA,01104,,,
220070,42.460255380505,-71.061897650328,https://geocoding.geo.census.gov/,"585 LEBANON ST, MELROSE, MA, 02176",585 LEBANON STREET,MELROSE,MA,02176,,,
280129,41.232106755916,-96.134770545865,https://geocoding.geo.census.gov/,"2808 S 143RD PLZ, OMAHA, NE, 68144",2808 SOUTH 143RD PLAZA,OMAHA,NE,68144,,,
200001,44.814649349413,-68.771409926738,https://geocoding.geo.census.gov/,"360 BROADWAY, BANGOR, ME, 04401",360 BROADWAY,BANGOR,ME,04401,,,
280127,40.794998151333,-96.624901347581,https://geocoding.geo.census.gov/,"1710 S 70TH ST, LINCOLN, NE, 68506",1710 SOUTH 70TH STREET,LINCOLN,NE,68506,,,
220071,42.362487398688,-71.069834500173,https://geocoding.geo.census.gov/,"55 FRUIT ST, BOSTON, MA, 02114",55 FRUIT STREET,BOSTON,MA,02114,,,
280128,40.736026663407,-96.594986148833,https://geocoding.geo.census.gov/,"7500 S 91ST ST, LINCOLN, NE, 68526",7500 SOUTH 91ST ST,LINCOLN,NE,68526,,,
220074,41.710498310379,-71.146279452039,https://geocoding.geo.census.gov/,"363 HIGHLAND AVE, FALL RIVER, MA, 02720",363 HIGHLAND AVENUE,FALL RIVER,MA,02720,,,
280125,42.03257516183,-97.451015060007,https://geocoding.geo.census.gov/,"2700 W NORFOLK AVE, NORFOLK, NE, 68701",2700 WEST NORFOLK AVE,NORFOLK,NE,68701,,,
220073,41.905822068202,-71.094166833917,https://geocoding.geo.census.gov/,"88 WASHINGTON ST, TAUNTON, MA, 02780",88 WASHINGTON STREET,TAUNTON,MA,02780,,,
220075,42.362571234279,-71.070581356781,https://geocoding.geo.census.gov/,"243 CHARLES ST, BOSTON, MA, 02114",243 CHARLES STREET,BOSTON,MA,02114,,,
191316,30.683336273774,-91.459979052395,https://geocoding.geo.census.gov/,"2202 FALSE RIVER DR, NEW ROADS, LA, 70760",2202 FALSE RIVER DRIVE,NEW ROADS,LA,70760,,,
210037,38.770073931367,-76.075922296711,https://geocoding.geo.census.gov/,"219 S WASHINGTON ST, EASTON, MD, 21601",219 SOUTH  WASHINGTON STREET,EASTON,MD,21601,,,
191315,31.85881674411,-92.275212025296,https://geocoding.geo.census.gov/,"1102 N PINE RD, OLLA, LA, 71465",1102 N PINE ROAD,OLLA,LA,71465,,,
191314,32.403678350593,-91.185393196875,https://geocoding.geo.census.gov/,"900 JOHNSON ST, TALLULAH, LA, 71282",900 JOHNSON STREET,TALLULAH,LA,71282,,,
210035,38.528598464904,-76.97036382715,https://geocoding.geo.census.gov/,"5 GARRETT AVE, LA PLATA, MD, 20646",5 GARRETT AVENUE,LA PLATA,MD,20646,,,
191313,30.835711198616,-90.152253888124,https://geocoding.geo.census.gov/,"1900 MAIN ST, FRANKLINTON, LA, 70438",1900 SOUTH MAIN ST,FRANKLINTON,LA,70438,,,
210034,39.251884551023,-76.615346793492,https://geocoding.geo.census.gov/,"3001 S HANOVER ST, BALTIMORE, MD, 21225",3001 SOUTH  HANOVER STREET,BALTIMORE,MD,21225,,,
191312,32.021922367166,-93.343497886355,https://geocoding.geo.census.gov/,"1635 MARVEL ST, COUSHATTA, LA, 71019",1635 MARVEL STREET,COUSHATTA,LA,71019,,,
213301,39.298492866791,-76.594341756486,https://geocoding.geo.census.gov/,"707 N BROADWAY, BALTIMORE, MD, 21205",707 NORTH  BROADWAY,BALTIMORE,MD,21205,,,
191311,30.953677460877,-92.178090277706,https://geocoding.geo.census.gov/,"427 EVERGREEN ST, BUNKIE, LA, 71322",427 EVERGREEN STREET,BUNKIE,LA,71322,,,
191310,29.80292823473,-91.523827696428,https://geocoding.geo.census.gov/,"1097 NORTHWEST BLVD, FRANKLIN, LA, 70538",1097 NORTHWEST BLVD,FRANKLIN,LA,70538,,,
210039,38.560092576595,-76.598189421169,https://geocoding.geo.census.gov/,"100 HOSPITAL RD, PRINCE FREDERICK, MD, 20678",100 HOSPITAL ROAD,PRINCE FREDERICK,MD,20678,,,
210038,39.300252524713,-76.620881460517,https://geocoding.geo.census.gov/,"827 LINDEN AVE, BALTIMORE, MD, 21201",827 LINDEN AVENUE,BALTIMORE,MD,21201,,,
210051,38.980482510989,-76.865594180752,https://geocoding.geo.census.gov/,"8118 GOOD LUCK RD, LANHAM, MD, 20706",8118 GOOD LUCK ROAD,LANHAM,MD,20706,,,
22009F,42.346066840147,-72.683841567985,https://geocoding.geo.census.gov/,"421 N MAIN ST, LEEDS, MA, 01053",421 N MAIN ST,LEEDS,MA,01053,,,
234021,42.676041583722,-82.756745567072,https://geocoding.geo.census.gov/,"35031 23 MILE RD, NEW BALTIMORE, MI, 48047",35031 23 MILE RD,NEW BALTIMORE,MI,48047,,,
234023,42.660557310435,-83.249580766237,https://geocoding.geo.census.gov/,"1525 UNIVERSITY DR, AUBURN HILLS, MI, 48326",1525 UNIVERSITY DRIVE,AUBURN HILLS,MI,48326,,,
19043F,31.354292382011,-92.434043175994,https://geocoding.geo.census.gov/,"2495 SHREVEPORT HWY, PINEVILLE, LA, 71360",2495 SHREVEPORT HIGHWAY 71 N,PINEVILLE,LA,71360,,,
200009,43.652660792751,-70.274635949306,https://geocoding.geo.census.gov/,"22 BRAMHALL ST, PORTLAND, ME, 04102",22 BRAMHALL ST,PORTLAND,ME,04102,,,
200008,43.651987905644,-70.26515326702,https://geocoding.geo.census.gov/,"144 STATE ST, PORTLAND, ME, 04101",144 STATE STREET,PORTLAND,ME,04101,,,
210048,39.214957977391,-76.887233766539,https://geocoding.geo.census.gov/,"5755 CEDAR LN, COLUMBIA, MD, 21044",5755 CEDAR LANE,COLUMBIA,MD,21044,,,
280111,41.453321310538,-97.384052245296,https://geocoding.geo.census.gov/,"4600 38TH ST, COLUMBUS, NE, 68601",4600 38TH ST,COLUMBUS,NE,68601,,,
210049,39.519520576914,-76.348326319477,https://geocoding.geo.census.gov/,"500 UPPER CHESAPEAKE DR, BEL AIR, MD, 21014",500 UPPER CHESAPEAKE DRIVE,BEL AIR,MD,21014,,,
210062,38.750645096132,-76.876068434161,https://geocoding.geo.census.gov/,"7503 SURRATTS RD, CLINTON, MD, 20735",7503 SURRATTS ROAD,CLINTON,MD,20735,,,
210061,38.3372781763,-75.210082673739,https://geocoding.geo.census.gov/,"9733 HEALTHWAY DR, BERLIN, MD, 21811",9733 HEALTHWAY DRIVE,BERLIN,MD,21811,,,
210060,38.729061834722,-76.9918338093,https://geocoding.geo.census.gov/,"11711 LIVINGSTON RD, FORT WASHINGTON, MD, 20744",11711 LIVINGSTON ROAD,FORT WASHINGTON,MD,20744,,,
234011,42.446004190376,-83.161319492426,https://geocoding.geo.census.gov/,"10300 W 8 MILE RD, FERNDALE, MI, 48220",10300 W EIGHT MILE ROAD,FERNDALE,MI,48220,,,
190208,32.811289262247,-91.17166553075,https://geocoding.geo.census.gov/,"336 N HOOD ST, LAKE PROVIDENCE, LA, 71254",336 NORTH HOOD STREET,LAKE PROVIDENCE,LA,71254,,,
210065,39.179185228504,-77.242487091609,https://geocoding.geo.census.gov/,"19801 OBSERVATION DR, GERMANTOWN, MD, 20876",19801 OBSERVATION DRIVE,GERMANTOWN,MD,20876,,,
210064,39.35417049407,-76.662943750409,https://geocoding.geo.census.gov/,"2434 W BELVEDERE AVE, BALTIMORE, MD, 21215",2434 WEST BELVEDERE AVENUE,BALTIMORE,MD,21209,,,
210063,39.387966504611,-76.613167849452,https://geocoding.geo.census.gov/,"7601 OSLER DR, TOWSON, MD, 21204",7601 OSLER DRIVE,TOWSON,MD,21204,,,
220088,42.330404233121,-71.108005738806,https://geocoding.geo.census.gov/,"125 PARKER HILL AVE, BOSTON, MA, 02120",125 PARKER HILL AVENUE,BOSTON,MA,02120,,,
200021,43.90633468993,-69.891472205641,https://geocoding.geo.census.gov/,"123 MEDICAL CENTER DR, BRUNSWICK, ME, 04011",123 MEDICAL CENTER DRIVE,BRUNSWICK,ME,04011,,,
200020,43.142422874634,-70.650946274178,https://geocoding.geo.census.gov/,"15 HOSPITAL DR, YORK, ME, 03909",15 HOSPITAL DRIVE,YORK,ME,03909,,,
280105,41.138393618027,-96.042854384205,https://geocoding.geo.census.gov/,"11111 S 84TH ST, PAPILLION, NE, 68046",11111 SOUTH 84TH ST,PAPILLION,NE,68046,,,
220095,42.586888677912,-71.986396919761,https://geocoding.geo.census.gov/,"242 GREEN ST, GARDNER, MA, 01440",242 GREEN STREET,GARDNER,MA,01440,,,
210058,39.31270083011,-76.712486030171,https://geocoding.geo.census.gov/,"2200 KERNAN DR, BALTIMORE, MD, 21207",2200 KERNAN DRIVE,BALTIMORE,MD,21207,,,
210057,39.096533803911,-77.198804554676,https://geocoding.geo.census.gov/,"9901 MEDICAL CENTER DR, ROCKVILLE, MD, 20850",9901 MEDICAL CENTER DRIVE,ROCKVILLE,MD,20850,,,
234006,42.840670942271,-85.656304564753,https://geocoding.geo.census.gov/,"300 68TH ST SE, GRAND RAPIDS, MI, 49548","300 - 68TH STREET, SE",GRAND RAPIDS,MI,49548,,,
190202,30.442748757136,-91.000839329348,https://geocoding.geo.census.gov/,"17000 MEDICAL CENTER DR, BATON ROUGE, LA, 70816",17000 MEDICAL CENTER DR,BATON ROUGE,LA,70816,,,
210056,39.35868715693,-76.588944134706,https://geocoding.geo.census.gov/,"5601 LOCH RAVEN BLVD, BALTIMORE, MD, 21239",5601 LOCH RAVEN BOULEVARD,BALTIMORE,MD,21239,,,
190201,30.18152437279,-93.249381155138,https://geocoding.geo.census.gov/,"4200 NELSON RD, LAKE CHARLES, LA, 70605",4200 NELSON ROAD,LAKE CHARLES,LA,70605,,,
234040,42.391256632324,-82.980563535628,https://geocoding.geo.census.gov/,"5555 CONNER ST, DETROIT, MI, 48213","5555 CONNER AVENUE, SUITE 3N",DETROIT,MI,48213,,,
234042,42.505639377491,-83.06706262647,https://geocoding.geo.census.gov/,"4050 12 MILE RD, WARREN, MI, 48092",4050 E 12 MILE ROAD,WARREN,MI,48092,,,
234041,42.170575723507,-83.697644003631,https://geocoding.geo.census.gov/,"8303 PLATT RD, SALINE, MI, 48176",8303 PLATT ROAD,SALINE,MI,48176,,,
234044,42.771305738878,-84.503014030139,https://geocoding.geo.census.gov/,"3512 COOLIDGE RD, EAST LANSING, MI, 48823",3512 COOLIDGE RD,EAST LANSING,MI,48823,,,
234043,42.986843197142,-84.559005008869,https://geocoding.geo.census.gov/,"101 W TOWNSEND RD, SAINT JOHNS, MI, 48879",101 WEST TOWNSEND ROAD,SAINT JOHNS,MI,48879,,,
234046,42.252937623684,-85.189640694598,https://geocoding.geo.census.gov/,"5550 GLENN CROSS RD, BATTLE CREEK, MI, 49015",5550 GLENN CROSS RD,BATTLE CREEK,MI,49015,,,
234045,42.296799309433,-83.210964057864,https://geocoding.geo.census.gov/,"18001 ROTUNDA DR, DEARBORN, MI, 48124",18001 ROTUNDA DRIVE,DEARBORN,MI,48124,,,
200024,44.102837332263,-70.212964912931,https://geocoding.geo.census.gov/,"300 MAIN ST, LEWISTON, ME, 04240",300 MAIN STREET,LEWISTON,ME,04240,,,
200031,46.871162269105,-67.999531048601,https://geocoding.geo.census.gov/,"163 VAN BUREN RD, CARIBOU, ME, 04736","163 VAN BUREN RD, SUITE 1",CARIBOU,ME,04736,,,
200034,44.102042393853,-70.199609444744,https://geocoding.geo.census.gov/,"93 CAMPUS AVE, LEWISTON, ME, 04240",93 CAMPUS AVENUE - PO BOX 291,LEWISTON,ME,04243,,,
200033,44.809980863383,-68.749452587598,https://geocoding.geo.census.gov/,"489 STATE ST, BANGOR, ME, 04401",489 STATE STREET,BANGOR,ME,04401,,,
224001,41.905308645018,-71.101266392692,https://geocoding.geo.census.gov/,"60 HODGES AVE, TAUNTON, MA, 02780","60 HODGES AVENUE, BOX 151",TAUNTON,MA,02780,,,
234038,42.443776708673,-82.971876218444,https://geocoding.geo.census.gov/,"15000 GRATIOT AVE, DETROIT, MI, 48205",15000 GRATIOT AVENUE,DETROIT,MI,48205,,,
234030,42.943172057678,-85.557522452937,https://geocoding.geo.census.gov/,"1055 MEDICAL PARK DR SE, GRAND RAPIDS, MI, 49546",1055 MEDICAL PARK SE,GRAND RAPIDS,MI,49546,,,
234035,42.296392179982,-83.346945392593,https://geocoding.geo.census.gov/,"30901 PALMER RD, WESTLAND, MI, 48186",30901 PALMER RD,WESTLAND,MI,48186,,,
234026,42.279162239789,-85.601595546458,https://geocoding.geo.census.gov/,"1312 OAKLAND DR, KALAMAZOO, MI, 49008",1312 OAKLAND DR,KALAMAZOO,MI,49008,,,
234025,43.452153438293,-83.441911422912,https://geocoding.geo.census.gov/,"2040 CHAMBERS RD, CARO, MI, 48723",2040 CHAMBERS RD,CARO,MI,48723,,,
20003F,44.273742160668,-69.70183050907,https://geocoding.geo.census.gov/,"1 VA CNTR, AUGUSTA, ME, 04330",1 VA CENTER,AUGUSTA,ME,04330,,,
224018,42.35053357716,-71.121422721696,https://geocoding.geo.census.gov/,"227 BABCOCK ST, BROOKLINE, MA, 02446",227 BABCOCK STREET,BROOKLINE,MA,02446,,,
224021,41.926354277021,-71.360958529606,https://geocoding.geo.census.gov/,"200 MAY ST, SOUTH ATTLEBORO, MA, 02703",200 MAY STREET,SOUTH ATTLEBORO,MA,02703,,,
200050,44.547149145356,-68.415358729117,https://geocoding.geo.census.gov/,"50 UNION ST, ELLSWORTH, ME, 04605",50 UNION STREET,ELLSWORTH,ME,04605,,,
224023,42.208623419815,-71.223150885299,https://geocoding.geo.census.gov/,"45 CLAPBOARDTREE ST, WESTWOOD, MA, 02090",45 CLAPBOARDTREE STREET,WESTWOOD,MA,02090,,,
224022,42.297693978515,-71.150899809146,https://geocoding.geo.census.gov/,"300 SOUTH ST, CHESTNUT HILL, MA, 02467",300 SOUTH STREET,BROOKLINE,MA,02467,,,
224007,42.394668343012,-71.195585908782,https://geocoding.geo.census.gov/,"115 MILL ST, BELMONT, MA, 02478",115 MILL STREET,BELMONT,MA,02478,,,
224013,42.316197353952,-71.111962664826,https://geocoding.geo.census.gov/,"49 ROBINWOOD AVE, BOSTON, MA, 02130",49 ROBINWOOD AVENUE,BOSTON,MA,02130,,,
200063,44.14456887273,-69.083537567748,https://geocoding.geo.census.gov/,"6 GLEN COVE DR, ROCKPORT, ME, 04856",6 GLEN COVE DRIVE,ROCKPORT,ME,04856,,,
234047,42.232920329023,-85.677326192582,https://geocoding.geo.census.gov/,"5802 S 9TH ST, KALAMAZOO, MI, 49009",5802 S 9TH ST,KALAMAZOO,MI,49009,,,
260137,37.055142394163,-94.524079858729,https://geocoding.geo.census.gov/,"1102 W 32ND ST, JOPLIN, MO, 64804",1102 WEST 32ND STREET,JOPLIN,MO,64804,,,
224039,42.777704685754,-71.07351437316,https://geocoding.geo.census.gov/,"76 SUMMER ST, HAVERHILL, MA, 01830",76 SUMMER STREET,HAVERHILL,MA,01830,,,
224038,42.225093752855,-71.170502379784,https://geocoding.geo.census.gov/,"10 CAREMATRIX DR, DEDHAM, MA, 02026",10 CAREMATRIX DR,DEDHAM,MA,02026,,,
260138,39.046469502574,-94.590065270876,https://geocoding.geo.census.gov/,"4401 WORNALL RD, KANSAS CITY, MO, 64111",4401 WORNALL ROAD,KANSAS CITY,MO,64111,,,
224043,42.529360357617,-71.616031768017,https://geocoding.geo.census.gov/,"85 PATTON RD, DEVENS, MA, 01434",85 PATTON ROAD,DEVENS,MA,01434,,,
224041,41.675254557812,-70.988120765225,https://geocoding.geo.census.gov/,"581 FAUNCE CORNER RD, DARTMOUTH, MA, 02747",581 FAUNCE CORNER ROAD,DARTMOUTH,MA,02747,,,
224040,42.336604704092,-71.071056861783,https://geocoding.geo.census.gov/,"85 E NEWTON ST, BOSTON, MA, 02118",85 EAST NEWTON STREET,BOSTON,MA,02118,,,
224047,42.195177264316,-72.632360073096,https://geocoding.geo.census.gov/,"45 WESTFIELD RD, HOLYOKE, MA, 01040",45 LOWER WESTFIELD ROAD,HOLYOKE,MA,01040,,,
224046,42.168051837243,-72.632667552389,https://geocoding.geo.census.gov/,"1233 MAIN ST, HOLYOKE, MA, 01040",1233 MAIN STREET,HOLYOKE,MA,01040,,,
190176,30.015728076585,-90.181844426695,https://geocoding.geo.census.gov/,"4200 HOUMA BLVD, METAIRIE, LA, 70006",4200 HOUMA BLVD,METAIRIE,LA,70006,,,
214002,38.54164388171,-76.063540348457,https://geocoding.geo.census.gov/,"5262 WOODS RD, CAMBRIDGE, MD, 21613",5262 WOODS ROAD,CAMBRIDGE,MD,21613,,,
214004,39.392053819205,-76.959973922342,https://geocoding.geo.census.gov/,"6655 SYKESVILLE RD, SYKESVILLE, MD, 21784",6655 SYKESVILLE ROAD,SYKESVILLE,MD,21784,,,
214003,39.677344184549,-77.61010654119,https://geocoding.geo.census.gov/,"13215 BROOKLANE DR, HAGERSTOWN, MD, 21742",13215  BROOK LANE DRIVE,HAGERSTOWN,MD,21742,,,
214000,39.388087488621,-76.624359631243,https://geocoding.geo.census.gov/,"6501 N CHARLES ST, BALTIMORE, MD, 21204",6501 NORTH  CHARLES STREET,BALTIMORE,MD,21204,,,
224028,41.707862258419,-71.145777678776,https://geocoding.geo.census.gov/,"49 HILLSIDE ST, FALL RIVER, MA, 02720",49 HILLSIDE STREET,FALL RIVER,MA,02720,,,
240779,47.311098549212,-95.964359299701,https://geocoding.geo.census.gov/,"414 E JEFFERSON AVE, MAHNOMEN, MN, 56557",414 W JEFFERSON PO BOX 396,MAHNOMEN,MN,56557,,,
224032,42.273933134832,-71.764019171533,https://geocoding.geo.census.gov/,"309 BELMONT ST, WORCESTER, MA, 01604",309 BELMONT STREET,WORCESTER,MA,01604,,,
224031,41.6895602006,-70.601249397492,https://geocoding.geo.census.gov/,"830 COUNTY RD, POCASSET, MA, 02559",830 COUNTY ROAD,POCASSET,MA,02559,,,
190184,32.079568958477,-92.094441413944,https://geocoding.geo.census.gov/,"7939 US HWY 165, COLUMBIA, LA, 71418",7939 U S HWY 165 SOUTH,COLUMBIA,LA,71418,,,
190183,29.572642666598,-90.698635810958,https://geocoding.geo.census.gov/,"1978 INDUSTRIAL BLVD, HOUMA, LA, 70363",1978 INDUSTRIAL BLVD,HOUMA,LA,70363,,,
214012,39.657341050041,-78.739005228715,https://geocoding.geo.census.gov/,"10102 COUNTRY CLUB RD, CUMBERLAND, MD, 21502","10102 COUNTRY CLUB ROAD,  POST OFFICE BOX 1722",CUMBERLAND,MD,21502,,,
260110,37.311700769564,-89.542851895932,https://geocoding.geo.census.gov/,"1701 LACEY ST, CAPE GIRARDEAU, MO, 63701",1701 LACEY ST,CAPE GIRARDEAU,MO,63701,,,
260113,36.889357282149,-89.58464176218,https://geocoding.geo.census.gov/,"1008 N MAIN ST, SIKESTON, MO, 63801",1008 NORTH MAIN ST,SIKESTON,MO,63801,,,
260119,36.78890473029,-90.442332625954,https://geocoding.geo.census.gov/,"3100 OAK GROVE RD, POPLAR BLUFF, MO, 63901",3100 OAK GROVE ROAD,POPLAR BLUFF,MO,63901,,,
250781,34.309125731464,-89.910301675927,https://geocoding.geo.census.gov/,"303 MEDICAL CENTER DR, BATESVILLE, MS, 38606",303 MEDICAL CENTER DRIVE,BATESVILLE,MS,38606,,,
190151,32.461991927858,-91.747910816106,https://geocoding.geo.census.gov/,"254 STATE RTE 3048, RAYVILLE, LA, 71269",254 HIGHWAY 3048,RAYVILLE,LA,71269,,,
250785,33.894968650746,-88.985633314116,https://geocoding.geo.census.gov/,"1002 E MADISON ST, HOUSTON, MS, 38851",1002 EAST MADISON STREET,HOUSTON,MS,38851,,,
250784,32.90510577215,-90.884922993028,https://geocoding.geo.census.gov/,"47 S 4TH ST, ROLLING FORK, MS, 39159",47 SOUTH FOURTH ST,ROLLING FORK,MS,39159,,,
250783,31.346972688943,-88.937191444704,https://geocoding.geo.census.gov/,"206 BAY AVE, RICHTON, MS, 39476",206 BAY ST,RICHTON,MS,39476,,,
250782,31.154711715652,-88.562310210056,https://geocoding.geo.census.gov/,"1017 JACKSON AVE, LEAKESVILLE, MS, 39451",1017 JACKSON STREET,LEAKESVILLE,MS,39451,,,
250786,32.00284881315,-89.520829376565,https://geocoding.geo.census.gov/,"347 MAGNOLIA DR, RALEIGH, MS, 39153",347 MAGNOLIA DRIVE,RALEIGH,MS,39153,,,
214020,38.97737204318,-76.55632741411,https://geocoding.geo.census.gov/,"175 HARRY S TRUMAN PKWY, ANNAPOLIS, MD, 21401",175 HARRY S TRUMAN PARKWAY,ANNAPOLIS,MD,21401,,,
260102,38.968656912796,-94.378812162374,https://geocoding.geo.census.gov/,"7900 OLD LEES SUMMIT RD, KANSAS CITY, MO, 64139",7900 LEE'S SUMMIT RD,KANSAS CITY,MO,64139,,,
260104,38.753203226739,-90.433326408926,https://geocoding.geo.census.gov/,"12303 DE PAUL LN, BRIDGETON, MO, 63044",12303 DEPAUL DRIVE,BRIDGETON,MO,63044,,,
260105,38.623287873617,-90.237763906051,https://geocoding.geo.census.gov/,"1201 S GRAND BLVD, SAINT LOUIS, MO, 63104",1201 S GRAND BLVD,SAINT LOUIS,MO,63104,,,
260108,38.634648618879,-90.443599779381,https://geocoding.geo.census.gov/,"3015 N BALLAS RD, SAINT LOUIS, MO, 63131",3015 N BALLAS RD,SAINT LOUIS,MO,63131,,,
190164,31.137413290261,-93.268883066242,https://geocoding.geo.census.gov/,"1020 FERTITTA BLVD, LEESVILLE, LA, 71446",1020 FERTITTA BLVD,LEESVILLE,LA,71446,,,
190160,32.513358368859,-92.15537240633,https://geocoding.geo.census.gov/,"503 MCMILLAN RD, WEST MONROE, LA, 71291",503 MCMILLAN ROAD,WEST MONROE,LA,71291,,,
190167,30.684875382701,-92.265963337772,https://geocoding.geo.census.gov/,"800 E MAIN ST, VILLE PLATTE, LA, 70586",800 E MAIN,VILLE PLATTE,LA,70586,,,
214018,39.268657832477,-76.723453805963,https://geocoding.geo.census.gov/,"55 WADE AVE, CATONSVILLE, MD, 21228",55 WADE AVENUE,CATONSVILLE,MD,21228,,,
260175,38.357151569906,-93.774521780976,https://geocoding.geo.census.gov/,"1600 S 2ND ST, CLINTON, MO, 64735",1600 N 2ND ST,CLINTON,MO,64735,,,
260177,39.275743521,-94.425930949547,https://geocoding.geo.census.gov/,"2525 GLENN HENDREN DR, LIBERTY, MO, 64068",2525 GLENN HENDREN DR,LIBERTY,MO,64068,,,
260176,38.581068419065,-90.450985469387,https://geocoding.geo.census.gov/,"2345 DOUGHERTY FERRY RD, SAINT LOUIS, MO, 63122",2345 DOUGHERTY FERRY ROAD,ST LOUIS,MO,63122,,,
260179,38.654345060535,-90.507557799673,https://geocoding.geo.census.gov/,"232 S WOODS MILL RD, CHESTERFIELD, MO, 63017",232 S WOODS MILL RD,CHESTERFIELD,MO,63017,,,
250124,31.871295234689,-89.728557348344,https://geocoding.geo.census.gov/,"300 3RD AVE SE, MAGEE, MS, 39111",300 3RD AVE SE,MAGEE,MS,39111,,,
250123,30.442076241332,-89.092550143861,https://geocoding.geo.census.gov/,"15200 COMMUNITY RD, GULFPORT, MS, 39503",15200 COMMUNITY ROAD,GULFPORT,MS,39503,,,
260180,38.774506811807,-90.23988124805,https://geocoding.geo.census.gov/,"11133 DUNN RD, SAINT LOUIS, MO, 63136",11133 DUNN ROAD,SAINT LOUIS,MO,63136,,,
190133,30.491577143745,-92.851717735755,https://geocoding.geo.census.gov/,"108 6TH AVE, KINDER, LA, 70648",108 6TH AVENUE,KINDER,LA,70648,,,
260162,38.677619812765,-90.467923192432,https://geocoding.geo.census.gov/,"12634 OLIVE BLVD, CREVE COEUR, MO, 63141",12634 OLIVE BOULEVARD,CREVE COEUR,MO,63141,,,
260163,37.7807262066,-90.437818860912,https://geocoding.geo.census.gov/,"1101 W LIBERTY ST, FARMINGTON, MO, 63640",1101 W LIBERTY,FARMINGTON,MO,63640,,,
204005,43.652747903846,-70.341817754499,https://geocoding.geo.census.gov/,"123 ANDOVER RD, WESTBROOK, ME, 04092",123 ANDOVER ROAD,WESTBROOK,ME,04092,,,
204004,44.812010159057,-68.742444728123,https://geocoding.geo.census.gov/,"656 STATE ST, BANGOR, ME, 04401",656 STATE STREET,BANGOR,ME,04401,,,
190140,32.159655553939,-91.705348060835,https://geocoding.geo.census.gov/,"2106 LOOP RD, WINNSBORO, LA, 71295",2106 LOOP ROAD,WINNSBORO,LA,71295,,,
250136,32.329373082795,-90.107038497606,https://geocoding.geo.census.gov/,"1026 RIVER OAKS DR, FLOWOOD, MS, 39232",1026 RIVER OAKS DRIVE,FLOWOOD,MS,39232,,,
250134,32.237766507343,-90.074409578637,https://geocoding.geo.census.gov/,"3550 STATE HWY 468, WHITFIELD, MS, 39193","3550 HWY 468 W, BLDG 60",WHITFIELD,MS,39193,,,
250138,32.329096663829,-90.106814257233,https://geocoding.geo.census.gov/,"1030 RIVER OAKS DR, FLOWOOD, MS, 39232",1030 RIVER OAKS DRIVE,FLOWOOD,MS,39232,,,
190145,31.694721272839,-92.158131215048,https://geocoding.geo.census.gov/,"187 NINTH ST, JENA, LA, 71342",187 NINTH ST/HWY 84 WEST,JENA,LA,71342,,,
190144,32.617260684389,-93.285602887938,https://geocoding.geo.census.gov/,"1 MEDICAL PLAZA PL, MINDEN, LA, 71055",NO 1 MEDICAL PLAZA,MINDEN,LA,71055,,,
190118,32.035486623537,-93.709026683781,https://geocoding.geo.census.gov/,"207 JEFFERSON ST, MANSFIELD, LA, 71052",207 JEFFERSON STREET,MANSFIELD,LA,71052,,,
204006,44.819432115582,-68.762808441962,https://geocoding.geo.census.gov/,"268 STILLWATER AVE, BANGOR, ME, 04401",268 STILLWATER AVE,BANGOR,ME,04401,,,
250102,32.314271909687,-90.178329951543,https://geocoding.geo.census.gov/,"1225 N STATE ST, JACKSON, MS, 39202",1225 N STATE ST,JACKSON,MS,39202,,,
250100,33.525639954567,-88.428986352171,https://geocoding.geo.census.gov/,"2520 5TH ST N, COLUMBUS, MS, 39705",2520 5TH STREET N,COLUMBUS,MS,39705,,,
190116,32.775228951607,-91.917090244182,https://geocoding.geo.census.gov/,"323 W WALNUT AVE, BASTROP, LA, 71220",323 W WALNUT,BASTROP,LA,71220,,,
190114,32.79507867879,-93.062402954888,https://geocoding.geo.census.gov/,"620 E COLLEGE, HOMER, LA, 71040",620 EAST COLLEGE STREET,HOMER,LA,71040,,,
250104,32.370851682389,-88.699083125539,https://geocoding.geo.census.gov/,"2124 14TH ST, MERIDIAN, MS, 39301",2124 14TH STREET,MERIDIAN,MS,39301,,,
230779,41.794271171439,-85.408573725928,https://geocoding.geo.census.gov/,"916 MYRTLE AVE, STURGIS, MI, 49091",916 MYRTLE AVE,STURGIS,MI,49091,,,
190111,32.484009397756,-93.778761234364,https://geocoding.geo.census.gov/,"2600 GREENWOOD RD, SHREVEPORT, LA, 71103",2600 GREENWOOD ROAD,SHREVEPORT,LA,71103,,,
260160,36.807546310731,-89.969861650867,https://geocoding.geo.census.gov/,"1200 N ONE MILE RD, DEXTER, MO, 63841",1200 N ONE MILE RD,DEXTER,MO,63841,,,
260142,39.09378715413,-93.212717859332,https://geocoding.geo.census.gov/,"2305 US HWY 65, MARSHALL, MO, 65340",2305 S 65 HIGHWAY,MARSHALL,MO,65340,,,
190128,30.383999945037,-91.036863677559,https://geocoding.geo.census.gov/,"100 WOMANS WAY, BATON ROUGE, LA, 70817",100 WOMAN'S WAY,BATON ROUGE,LA,70817,,,
250117,30.551364048984,-89.663682798312,https://geocoding.geo.census.gov/,"130 HIGHLAND PKWY, PICAYUNE, MS, 39466",130 HIGHLAND PKWY,PICAYUNE,MS,39466,,,
190125,32.499197844819,-92.114475220208,https://geocoding.geo.census.gov/,"309 JACKSON ST, MONROE, LA, 71201",309 JACKSON STREET,MONROE,LA,71201,,,
250172,34.625039133086,-89.955234871493,https://geocoding.geo.census.gov/,"401 GETWELL DR, SENATOBIA, MS, 38668",401 GETWELL DRIVE,SENATOBIA,MS,38668,,,
250162,30.317524051893,-89.355426292925,https://geocoding.geo.census.gov/,"149 DRINKWATER RD, BAY SAINT LOUIS, MS, 39520",149 DRINKWATER BLVD,BAY SAINT LOUIS,MS,39520,,,
230303,44.272206170658,-86.273909876886,https://geocoding.geo.census.gov/,"1465 E PARKDALE AVE, MANISTEE, MI, 49660",1465 E PARKDALE AVE,MANISTEE,MI,49660,,,
230302,42.541512223873,-83.408144664547,https://geocoding.geo.census.gov/,"6777 W MAPLE RD, W BLOOMFIELD, MI, 48322",6777 WEST MAPLE ROAD,W BLOOMFIELD,MI,48322,,,
230301,42.457439265879,-83.20274908664,https://geocoding.geo.census.gov/,"22401 FOSTER WINTER DR, SOUTHFIELD, MI, 48075",22401 FOSTER WINTER DRIVE,SOUTHFIELD,MI,48075,,,
250174,34.788170144205,-89.414732502246,https://geocoding.geo.census.gov/,"1430 HWY 4E, HOLLY SPRINGS, MS, 38635",1430 MS HIGHWAY 4 E,HOLLY SPRINGS,MS,38635,,,
260195,37.626572477302,-93.420873261388,https://geocoding.geo.census.gov/,"1500 N OAKLAND AVE, BOLIVAR, MO, 65613",1500 N OAKLAND,BOLIVAR,MO,65613,,,
240101,46.815249384611,-95.845353280011,https://geocoding.geo.census.gov/,"1027 WASHINGTON AVE, DETROIT LAKES, MN, 56501",1027 WASHINGTON AVE,DETROIT LAKES,MN,56501,,,
240104,44.770129060633,-93.504357029276,https://geocoding.geo.census.gov/,"1455 SAINT FRANCIS AVE, SHAKOPEE, MN, 55379",1455 ST FRANCIS AVENUE,SHAKOPEE,MN,55379,,,
240100,47.504969137617,-94.900032581965,https://geocoding.geo.census.gov/,"1300 ANNE ST NW, BEMIDJI, MN, 56601",1300 ANNE ST NW,BEMIDJI,MN,56601,,,
240106,44.954353419046,-93.095354388683,https://geocoding.geo.census.gov/,"640 JACKSON ST, SAINT PAUL, MN, 55101",640 JACKSON STREET,SAINT PAUL,MN,55101,,,
194115,30.444994721678,-91.097111263611,https://geocoding.geo.census.gov/,"8416 CUMBERLAND PL, BATON ROUGE, LA, 70806",8416 CUMBERLAND,BATON ROUGE,LA,70806,,,
194114,30.073150807642,-90.515860191884,https://geocoding.geo.census.gov/,"500 RUE DE SANTE, LA PLACE, LA, 70068",500 RUE DE SANTE,LAPLACE,LA,70068,,,
194117,30.496957225482,-90.460350827596,https://geocoding.geo.census.gov/,"800 S OAK ST, HAMMOND, LA, 70403",800 S OAK ST,HAMMOND,LA,70403,,,
250141,34.971774501573,-89.996580153243,https://geocoding.geo.census.gov/,"7601 SOUTHCREST PKWY, SOUTHAVEN, MS, 38671",7601 SOUTHCREST PARKWAY,SOUTHAVEN,MS,38671,,,
194116,32.403290256303,-93.763367822835,https://geocoding.geo.census.gov/,"9320 LINWOOD AVE, SHREVEPORT, LA, 71106",9320 LINWOOD AVENUE,SHREVEPORT,LA,71106,,,
194119,31.645862363181,-91.554327058066,https://geocoding.geo.census.gov/,"1700 EE WALLACE BLVD N, FERRIDAY, LA, 71334",1700 EE WALLACE BLVD. N,FERRIDAY,LA,71334,,,
194118,31.096841238085,-92.398789406585,https://geocoding.geo.census.gov/,"2810 US HWY 71, LECOMPTE, LA, 71346",2810 US HWY 71 S,LECOMPTE,LA,71346,,,
194113,30.028273081901,-90.269195540608,https://geocoding.geo.census.gov/,"3639 LOYOLA DR, KENNER, LA, 70065",3639 LOYOLA AVENUE,KENNER,LA,70065,,,
25039F,30.411765191277,-88.911997849595,https://geocoding.geo.census.gov/,"301 FISHER ST, BILOXI, MS, 39534",81 MDG 301 Fisher St Suite 109,Biloxi,MS,39534,,,
260183,37.30225928653,-89.571850594332,https://geocoding.geo.census.gov/,"211 ST FRANCIS DR, CAPE GIRARDEAU, MO, 63703",211 ST FRANCIS DR,CAPE GIRARDEAU,MO,63703,,,
240115,45.184954442742,-93.371327359338,https://geocoding.geo.census.gov/,"4050 COON RAPIDS BLVD NW, COON RAPIDS, MN, 55433",4050 COON RAPIDS BLVD,COON RAPIDS,MN,55433,,,
260186,38.119225014244,-92.683332194751,https://geocoding.geo.census.gov/,"54 HOSPITAL DR, OSAGE BEACH, MO, 65065",54 HOSPITAL DRIVE,OSAGE BEACH,MO,65065,,,
250152,32.326677874382,-90.167472323949,https://geocoding.geo.census.gov/,"1350 E WOODROW WILSON AVE, JACKSON, MS, 39216",1350 E WOODROW WILSON DR,JACKSON,MS,39216,,,
194120,30.203532695357,-93.223155708025,https://geocoding.geo.census.gov/,"2837 ERNEST ST, LAKE CHARLES, LA, 70601","2837 ERNEST STREET, SUITE A",LAKE CHARLES,LA,70601,,,
260191,38.793571263053,-90.577660970221,https://geocoding.geo.census.gov/,"10 HOSPITAL DR, SAINT PETERS, MO, 63376",10 HOSPITAL DR,SAINT PETERS,MO,63376,,,
194121,31.137483902657,-93.270394480963,https://geocoding.geo.census.gov/,"1103 PORT ARTHUR TER, LEESVILLE, LA, 71446",1103 PORT ARTHUR TERRACE,LEESVILLE,LA,71446,,,
260190,38.902513838291,-94.335599388013,https://geocoding.geo.census.gov/,"2100 SE BLUE PKWY, LEES SUMMIT, MO, 64063",2100 SE BLUE PARKWAY,LEES SUMMIT,MO,64063,,,
260193,39.023496728686,-94.263391087817,https://geocoding.geo.census.gov/,"201 NW R D MIZE RD, BLUE SPRINGS, MO, 64014",201 NW R D MIZE RD,BLUE SPRINGS,MO,64014,,,
23011F,42.287580632741,-83.714697941833,https://geocoding.geo.census.gov/,"2215 FULLER RD, ANN ARBOR, MI, 48105",2215 FULLER ROAD,ANN ARBOR,MI,48105,,,
230117,42.305607593414,-85.559800108809,https://geocoding.geo.census.gov/,"1521 GULL RD, KALAMAZOO, MI, 49048",1521 GULL ROAD,KALAMAZOO,MI,49048,,,
230105,45.373925067677,-84.969189542832,https://geocoding.geo.census.gov/,"416 CONNABLE AVE, PETOSKEY, MI, 49770",416 CONNABLE AVE,PETOSKEY,MI,49770,,,
194103,30.449461366346,-91.144842442148,https://geocoding.geo.census.gov/,"4363 CONVENTION ST, BATON ROUGE, LA, 70806",4363 CONVENTION STREET,BATON ROUGE,LA,70806,,,
230104,42.350798029619,-83.057486241677,https://geocoding.geo.census.gov/,"3990 JOHN R ST, DETROIT, MI, 48201",3990 JOHN R STREET,DETROIT,MI,48201,,,
194106,31.239859345551,-92.489626295506,https://geocoding.geo.census.gov/,"6410 MASONIC DR, ALEXANDRIA, LA, 71301",6410 MASONIC DRIVE,ALEXANDRIA,LA,71301,,,
194105,30.428357809515,-91.078504947843,https://geocoding.geo.census.gov/,"9938 AIRLINE HWY, BATON ROUGE, LA, 70816",9938 AIRLINE HWY,BATON ROUGE,LA,70809,,,
194107,30.448365743544,-91.147922376022,https://geocoding.geo.census.gov/,"4040 NORTH BLVD, BATON ROUGE, LA, 70806",4040 NORTH BLVD.,BATON ROUGE,LA,70806,,,
230100,44.275274150822,-83.511359709028,https://geocoding.geo.census.gov/,"200 HEMLOCK ST, TAWAS CITY, MI, 48763",200 HEMLOCK,TAWAS CITY,MI,48764,,,
194109,29.665742939271,-90.772207356358,https://geocoding.geo.census.gov/,"4701 W PARK AVE, HOUMA, LA, 70364",4701 WEST PARK AVENUE,HOUMA,LA,70364,,,
230108,47.141316384024,-88.585152633195,https://geocoding.geo.census.gov/,"500 CAMPUS DR, HANCOCK, MI, 49930",500 CAMPUS DRIVE,HANCOCK,MI,49930,,,
194102,30.046638264147,-90.699673024969,https://geocoding.geo.census.gov/,"2471 LOUISIANA AVE, LUTCHER, LA, 70071",2471 LOUISIANA AVE,LUTCHER,LA,70071,,,
23037F,42.355154241923,-83.06032939968,https://geocoding.geo.census.gov/,"4646 JOHN R ST, DETROIT, MI, 48201",4646 JOHN R.,DETROIT,MI,48201,,,
240141,45.557720099696,-93.583773587953,https://geocoding.geo.census.gov/,"911 NORTHLAND BLVD, PRINCETON, MN, 55371",911 NORTHLAND DRIVE,PRINCETON,MN,55371,,,
230141,43.014586522423,-83.733436289547,https://geocoding.geo.census.gov/,"401 S BALLENGER HWY, FLINT, MI, 48532",401 S BALLENGER HIGHWAY,FLINT,MI,48532,,,
230133,45.034966976374,-84.67397963853,https://geocoding.geo.census.gov/,"825 N CENTER AVE, GAYLORD, MI, 49735",825 N CENTER AVE,GAYLORD,MI,49735,,,
230132,43.021341168583,-83.704415094691,https://geocoding.geo.census.gov/,"1 HURLEY PLZ, FLINT, MI, 48503",ONE HURLEY PLAZA,FLINT,MI,48503,,,
190190,32.103826453967,-92.076378675646,https://geocoding.geo.census.gov/,"411 MAIN ST, COLUMBIA, LA, 71418",411 MAIN STREET,COLUMBIA,LA,71418,,,
23012F,42.342582862437,-85.29783826527,https://geocoding.geo.census.gov/,"5500 ARMSTRONG RD, BATTLE CREEK, MI, 49037",5500 ARMSTRONG RD.,BATTLE CREEK,MI,49037,,,
230130,42.517699955361,-83.191113756338,https://geocoding.geo.census.gov/,"3601 W 13 MILE RD, ROYAL OAK, MI, 48073",3601 W THIRTEEN MILE RD,ROYAL OAK,MI,48073,,,
230121,43.0050916735,-84.180346069553,https://geocoding.geo.census.gov/,"826 W KING ST, OWOSSO, MI, 48867",826 WEST KING STREET,OWOSSO,MI,48867,,,
220119,42.301478915439,-71.12667530195,https://geocoding.geo.census.gov/,"1153 CENTRE ST, JAMAICA PLAIN, MA, 02130",1153 CENTRE STREET,JAMAICA PLAIN,MA,02130,,,
220111,42.098473680716,-71.065954281037,https://geocoding.geo.census.gov/,"235 N PEARL ST, BROCKTON, MA, 02301",235 NORTH PEARL STREET,BROCKTON,MA,02301,,,
220110,42.335007029256,-71.106074767352,https://geocoding.geo.census.gov/,"75 FRANCIS ST, BOSTON, MA, 02115",75 FRANCIS STREET,BOSTON,MA,02115,,,
220116,42.35023901492,-71.063324842253,https://geocoding.geo.census.gov/,"800 WASHINGTON ST, BOSTON, MA, 02111",800 WASHINGTON STREET,BOSTON,MA,02111,,,
230156,42.259926987448,-83.654058165131,https://geocoding.geo.census.gov/,"5301 E HURON RIVER DR, ANN ARBOR, MI, 48105",5301 E HURON RIVER DR,ANN ARBOR,MI,48106,,,
194095,30.508598901836,-92.073119121603,https://geocoding.geo.census.gov/,"1310 HEATHER DR, OPELOUSAS, LA, 70570",1310 HEATHER DRIVE,OPELOUSAS,LA,70570,,,
194098,30.023467672253,-90.257934707484,https://geocoding.geo.census.gov/,"716 VILLAGE RD, KENNER, LA, 70065",716 VILLAGE ROAD,KENNER,LA,70065,,,
220108,42.252577489783,-71.075535844718,https://geocoding.geo.census.gov/,"199 REEDSDALE RD, MILTON, MA, 02186",199 REEDSDALE ROAD,MILTON,MA,02186,,,
220100,42.174795556375,-70.954560875051,https://geocoding.geo.census.gov/,"55 FOGG RD, SOUTH WEYMOUTH, MA, 02190",55 FOGG ROAD,SOUTH WEYMOUTH,MA,02190,,,
230151,42.44375391985,-83.324853180307,https://geocoding.geo.census.gov/,"28050 GRAND RIVER AVE, FARMINGTON HILLS, MI, 48336",28050 GRAND RIVER AVENUE,FARMINGTON HILLS,MI,48336,,,
220101,42.330666562631,-71.247920704038,https://geocoding.geo.census.gov/,"2014 WASHINGTON ST, NEWTON, MA, 02462",2014 WASHINGTON STREET,NEWTON,MA,02462,,,
220105,42.465472017071,-71.121512890379,https://geocoding.geo.census.gov/,"41 HIGHLAND AVE, WINCHESTER, MA, 01890",41 HIGHLAND AVENUE,WINCHESTER,MA,01890,,,
230146,42.210418785264,-83.148890769098,https://geocoding.geo.census.gov/,"2333 BIDDLE AVE, WYANDOTTE, MI, 48192",2333 BIDDLE AVE,WYANDOTTE,MI,48192,,,
230144,42.238333824169,-83.601844584409,https://geocoding.geo.census.gov/,"135 S PROSPECT ST, YPSILANTI, MI, 48198",135 S PROSPECT ST,YPSILANTI,MI,48198,,,
230142,42.274223135299,-83.36547061197,https://geocoding.geo.census.gov/,"33155 ANNAPOLIS ST, WAYNE, MI, 48184",33155 ANNAPOLIS AVE,WAYNE,MI,48184,,,
22010F,42.327440551062,-71.110902872489,https://geocoding.geo.census.gov/,"150 S HUNTINGTON AVE, JAMAICA PLAIN, MA, 02130",150 S. HUNTINGTON AVENUE,JAMAICA PLAIN,MA,02130,,,
194081,30.841882673546,-93.310473845673,https://geocoding.geo.census.gov/,"1420 BLANKENSHIP RD, DERIDDER, LA, 70634",1420 BLANKENSHIP DRIVE,DERIDDER,LA,70634,,,
194080,30.35719423462,-89.917169997208,https://geocoding.geo.census.gov/,"64026 STATE RTE 434, LACOMBE, LA, 70445","64026 HWY 434, SUITE 300 (3RD FLOOR)",LACOMBE,LA,70445,,,
194083,32.781119701262,-91.941654254974,https://geocoding.geo.census.gov/,"4673 EUGENE WARE BLVD, BASTROP, LA, 71220",4673 EUGENE WARE ROAD,BASTROP,LA,71220,,,
194082,30.24026962131,-92.661427037817,https://geocoding.geo.census.gov/,"1 HOSPITAL DR, JENNINGS, LA, 70546","1 HOSPITAL DRIVE, SUITE 201",JENNINGS,LA,70546,,,
220135,41.565635746705,-70.623035930167,https://geocoding.geo.census.gov/,"100 TER HEUN DR, FALMOUTH, MA, 02540",67 & 100 TER HEUN DRIVE,FALMOUTH,MA,02540,,,
230180,43.820634749376,-84.768452066837,https://geocoding.geo.census.gov/,"703 N MCEWAN ST, CLARE, MI, 48617",703 N MCEWAN ST,CLARE,MI,48617,,,
230176,42.116241554938,-83.211514074442,https://geocoding.geo.census.gov/,"5450 FORT ST, TRENTON, MI, 48183",5450 FORT STREET,TRENTON,MI,48183,,,
194074,32.576042235862,-92.60380053082,https://geocoding.geo.census.gov/,"1495 FRAZIER RD, RUSTON, LA, 71270",1495 FRAZIER ROAD,RUSTON,LA,71270,,,
194073,30.138459125875,-91.981448180024,https://geocoding.geo.census.gov/,"420 ALBERTSON PKWY, BROUSSARD, LA, 70518",420 ALBERTSONS PARKWAY,BROUSSARD,LA,70518,,,
194079,32.546869940951,-93.709041808864,https://geocoding.geo.census.gov/,"2800 MELROSE AVE, BOSSIER CITY, LA, 71111",2800 MELROSE AVENUE,BOSSIER CITY,LA,71111,,,
194090,30.176224124391,-93.222698838621,https://geocoding.geo.census.gov/,"302 W MCNEESE ST, LAKE CHARLES, LA, 70605",302 W MCNEESE ST,LAKE CHARLES,LA,70605,,,
194094,32.472705642071,-93.770757093539,https://geocoding.geo.census.gov/,"2025 DESOTO ST, SHREVEPORT, LA, 71103",2025 DESOTO ST,SHREVEPORT,LA,71103,,,
230174,43.05071694393,-86.227995811582,https://geocoding.geo.census.gov/,"1309 SHELDON RD, GRAND HAVEN, MI, 49417",1309 SHELDON RD,GRAND HAVEN,MI,49417,,,
220126,42.188987503025,-71.202638225975,https://geocoding.geo.census.gov/,"800 WASHINGTON ST, NORWOOD, MA, 02062",800 WASHINGTON STREET,NORWOOD,MA,02062,,,
230167,42.702025982429,-84.498884866762,https://geocoding.geo.census.gov/,"2900 COLLINS RD, LANSING, MI, 48910",2900 COLLINS ROAD,LANSING,MI,48910,,,
230165,42.419026797472,-82.914928580381,https://geocoding.geo.census.gov/,"22101 MOROSS RD, DETROIT, MI, 48236",22101 MOROSS RD,DETROIT,MI,48236,,,
194085,30.155233513621,-91.991101069821,https://geocoding.geo.census.gov/,"312 YOUNGSVILLE HWY, LAFAYETTE, LA, 70508",312 YOUNGSVILLE HIGHWAY,LAFAYETTE,LA,70508,,,
194084,30.072303592166,-89.947986484608,https://geocoding.geo.census.gov/,"14500 HAYNE BLVD, NEW ORLEANS, LA, 70128",14500 HAYNES BLVD,NEW ORLEANS,LA,70128,,,
194087,32.578343950267,-92.068607205364,https://geocoding.geo.census.gov/,"4402 OLD STERLINGTON RD, MONROE, LA, 71203",4402 STERLINGTON ROAD,MONROE,LA,71203,,,
194086,30.45872166871,-91.060676043246,https://geocoding.geo.census.gov/,"11135 FLORIDA BLVD, BATON ROUGE, LA, 70815",11135 FLORIDA BLVD,BATON ROUGE,LA,70815,,,
194089,30.294476688207,-91.906055602758,https://geocoding.geo.census.gov/,"606 LATIOLAIS ST, BREAUX BRIDGE, LA, 70517",606 LATIOLAIS ROAD,BREAUX BRIDGE,LA,70517,,,
184017,36.998830512603,-86.379541273534,https://geocoding.geo.census.gov/,"1035 PORTER PIKE, BOWLING GREEN, KY, 42103",1035 PORTER PIKE,BOWLING GREEN,KY,42103,,,
184015,38.270769791357,-85.55857333333,https://geocoding.geo.census.gov/,"10510 LA GRANGE RD, LOUISVILLE, KY, 40223",10510 LAGRANGE ROAD,LOUISVILLE,KY,40223,,,
281308,40.782857347694,-97.807618184953,https://geocoding.geo.census.gov/,"1621 FRONT ST, HENDERSON, NE, 68371",1621 FRONT STREET,HENDERSON,NE,68371,,,
281306,40.495698577362,-98.943341734201,https://geocoding.geo.census.gov/,"727 E 1ST ST, MINDEN, NE, 68959",727 EAST 1ST ST,MINDEN,NE,68959,,,
281304,40.160174683135,-97.594504705659,https://geocoding.geo.census.gov/,"120 PARK AVE, HEBRON, NE, 68370",120 PARK AVE,HEBRON,NE,68370,,,
281305,41.234362521161,-103.6654325204,https://geocoding.geo.census.gov/,"255 W 4TH ST, KIMBALL, NE, 69145",255 W 4TH ST,KIMBALL,NE,69145,,,
281302,40.108502478368,-96.150727378412,https://geocoding.geo.census.gov/,"600 I ST, PAWNEE CITY, NE, 68420",600 I STREET,PAWNEE CITY,NE,68420,,,
281300,40.105548800872,-99.364389047578,https://geocoding.geo.census.gov/,"717 BROWN ST, ALMA, NE, 68920",717 BROWN ST,ALMA,NE,68920,,,
220163,42.277715444685,-71.759326448173,https://geocoding.geo.census.gov/,"55 N LAKE AVE, WORCESTER, MA, 01655",55 LAKE AVENUE NORTH,WORCESTER,MA,01655,,,
281301,40.524373284343,-97.585358444028,https://geocoding.geo.census.gov/,"1900 F ST, GENEVA, NE, 68361","P O BOX 193, 1900 F STREET",GENEVA,NE,68361,,,
194056,29.925657818149,-90.096012578177,https://geocoding.geo.census.gov/,"1421 GENERAL TAYLOR ST, NEW ORLEANS, LA, 70115",1421 GENERAL TAYLOR,NEW ORLEANS,LA,70115,,,
230195,42.507118486468,-83.003419878341,https://geocoding.geo.census.gov/,"11800 E 12 MILE RD, WARREN, MI, 48093",11800 EAST TWELVE MILE ROAD,WARREN,MI,48093,,,
230193,43.062094375265,-83.319375100279,https://geocoding.geo.census.gov/,"1375 N MAIN ST, LAPEER, MI, 48446",1375 N MAIN ST,LAPEER,MI,48446,,,
194069,30.456662229714,-90.137564182759,https://geocoding.geo.census.gov/,"201 GREENBRIAR BLVD, COVINGTON, LA, 70433",201 GREENBRIAR BLVD,COVINGTON,LA,70433,,,
220177,41.278141065972,-70.103662112867,https://geocoding.geo.census.gov/,"57 PROSPECT ST, NANTUCKET, MA, 02554",57 PROSPECT STREET,NANTUCKET,MA,02554,,,
220176,42.265427802446,-71.795423776148,https://geocoding.geo.census.gov/,"123 SUMMER ST, WORCESTER, MA, 01608",123 SUMMER STREET,WORCESTER,MA,01608,,,
194031,29.962305523965,-90.203400987665,https://geocoding.geo.census.gov/,"1525 RIVER OAKS RD W, NEW ORLEANS, LA, 70123",1525 RIVER OAKS WEST,NEW ORLEANS,LA,70123,,,
220175,42.284536504699,-71.420122031253,https://geocoding.geo.census.gov/,"115 LINCOLN ST, FRAMINGHAM, MA, 01702",115 LINCOLN STREET,FRAMINGHAM,MA,01701,,,
194044,30.270722361758,-92.046606892167,https://geocoding.geo.census.gov/,"2520 N UNIVERSITY AVE, LAFAYETTE, LA, 70507",2520 N UNIVERSITY AVENUE,LAFAYETTE,LA,70507,,,
271309,46.791428631752,-105.315901282688,https://geocoding.geo.census.gov/,"312 ADAMS AVE, TERRY, MT, 59349",312 S ADAMS,TERRY,MT,59349,,,
281346,42.35812478056,-97.785185386828,https://geocoding.geo.census.gov/,"704 3RD ST, PLAINVIEW, NE, 68769","P O BOX 489, 704 NORTH THIRD ST",PLAINVIEW,NE,68769,,,
281344,42.878382196961,-100.53927835059,https://geocoding.geo.census.gov/,"510 N GREEN ST, VALENTINE, NE, 69201",510 NORTH GREEN ST,VALENTINE,NE,69201,,,
271300,48.114786924475,-105.194614489151,https://geocoding.geo.census.gov/,"211 H ST, POPLAR, MT, 59255",211 H ST E,POPLAR,MT,59255,,,
281345,42.240958876242,-97.008118573007,https://geocoding.geo.census.gov/,"1200 PROVIDENCE RD, WAYNE, NE, 68787",1200 PROVIDENCE RD,WAYNE,NE,68787,,,
271302,45.887778523131,-104.548433879229,https://geocoding.geo.census.gov/,"215 SANDY ST, EKALAKA, MT, 59324",215 SANDY ST,EKALAKA,MT,59324,,,
281343,42.528581459522,-98.98200147145,https://geocoding.geo.census.gov/,"406 W NEELY ST, ATKINSON, NE, 68713",406 W NEELY ST,ATKINSON,NE,68713,,,
281340,40.052406181972,-101.537038273479,https://geocoding.geo.census.gov/,"1313 CHEYENNE ST, BENKELMAN, NE, 69021","P O BOX 626, 1313 NORTH CHEYENNE ST",BENKELMAN,NE,69021,,,
271304,47.820257885323,-110.672902590019,https://geocoding.geo.census.gov/,"1501 SAINT CHARLES ST, FORT BENTON, MT, 59442",1501 ST CHARLES ST,FORT BENTON,MT,59442,,,
281341,42.82186924424,-103.012912613218,https://geocoding.geo.census.gov/,"825 CENTENNIAL DR, CHADRON, NE, 69337",825 CENTENNIAL DRIVE,CHADRON,NE,69337,,,
271305,47.418823990373,-105.581678168569,https://geocoding.geo.census.gov/,"605 SULLIVAN AVE, CIRCLE, MT, 59215",605 SULLIVAN AVE,CIRCLE,MT,59215,,,
271306,46.548111641831,-110.903468877992,https://geocoding.geo.census.gov/,"16 MAIN ST W, WHITE SULPHUR SPRINGS, MT, 59645",16 W MAIN ST,WHITE SULPHUR SPRING,MT,59645,,,
271307,47.813468308593,-112.192637669515,https://geocoding.geo.census.gov/,"915 4TH ST NW, CHOTEAU, MT, 59422",915 4TH ST NW,CHOTEAU,MT,59422,,,
271308,48.151022902821,-104.515291700368,https://geocoding.geo.census.gov/,"818 2ND AVE E, CULBERTSON, MT, 59218",818 2ND AVE E,CULBERTSON,MT,59218,,,
281339,40.910140306785,-97.091832145159,https://geocoding.geo.census.gov/,"300 N COLUMBIA AVE, SEWARD, NE, 68434",300 NORTH COLUMBIA AVE,SEWARD,NE,68434,,,
280009,40.706494601657,-99.081423190795,https://geocoding.geo.census.gov/,"10 E 31ST ST, KEARNEY, NE, 68847","P O BOX 1990, 10 EAST 31ST ST",KEARNEY,NE,68848,,,
281338,41.216424568224,-98.462626250086,https://geocoding.geo.census.gov/,"1113 SHERMAN ST, SAINT PAUL, NE, 68873","P O BOX 406, 1113 SHERMAN ST",ST PAUL,NE,68873,,,
280003,40.796578548089,-96.653610433767,https://geocoding.geo.census.gov/,"1600 S 48TH ST, LINCOLN, NE, 68506",1600 SOUTH 48TH ST,LINCOLN,NE,68506,,,
281335,41.29092552232,-99.926983888973,https://geocoding.geo.census.gov/,"211 W KIMBALL ST, CALLAWAY, NE, 68825","P O BOX 100, 211 E KIMBALL ST",CALLAWAY,NE,68825,"P O BOX 100, 211 E KIMBALL ST",2026-09-28,
281333,42.575763694565,-99.538295995436,https://geocoding.geo.census.gov/,"102 E SOUTH ST, BASSETT, NE, 68714",102 EAST SOUTH STREET,BASSETT,NE,68714,,,
281334,41.683464084717,-98.005421559042,https://geocoding.geo.census.gov/,"723 W FAIRVIEW ST, ALBION, NE, 68620","P O BOX 151, 723 WEST FAIRVIEW ST",ALBION,NE,68620,,,
190106,30.816803464642,-92.64451300573,https://geocoding.geo.census.gov/,"130 HOSPITAL DR, OAKDALE, LA, 71463",130 N HOSPITAL DR,OAKDALE,LA,71463,,,
281331,42.466463114488,-97.916215117999,https://geocoding.geo.census.gov/,"1503 MAIN ST, CREIGHTON, NE, 68729","P O BOX 186, 1503 MAIN ST",CREIGHTON,NE,68729,,,
281332,41.246812703664,-97.122947578781,https://geocoding.geo.census.gov/,"372 S 9TH ST, DAVID CITY, NE, 68632",372 SOUTH 9TH STREET,DAVID CITY,NE,68632,,,
190102,30.150129586529,-92.040498731819,https://geocoding.geo.census.gov/,"4801 AMBASSADOR CAFFERY PKWY, LAFAYETTE, LA, 70508",4801 AMBASSADOR CAFFERY PARKWAY,LAFAYETTE,LA,70508,,,
190318,30.49517739292,-92.385903189577,https://geocoding.geo.census.gov/,"3501 US HWY 190, EUNICE, LA, 70535",3501 HIGHWAY 190 EAST,EUNICE,LA,70535,,,
190317,32.493938038663,-93.751025771077,https://geocoding.geo.census.gov/,"1 ST MARY PL, SHREVEPORT, LA, 71101",1 ST MARY PLACE,SHREVEPORT,LA,71101,,,
190316,30.450333802059,-91.153186150064,https://geocoding.geo.census.gov/,"3600 FLORIDA BLVD, BATON ROUGE, LA, 70806","3600 FLORIDA BLVD, SUITE 2020",BATON ROUGE,LA,70806,,,
281328,41.106634763235,-98.003643526642,https://geocoding.geo.census.gov/,"1715 26TH ST, CENTRAL CITY, NE, 68826",1715  26TH ST,CENTRAL CITY,NE,68826,,,
281329,42.460085579074,-98.651044700108,https://geocoding.geo.census.gov/,"300 N 2ND ST, ONEILL, NE, 68763",300 NORTH 2ND ST,O' NEILL,NE,68763,,,
281326,42.133697149847,-98.030046543121,https://geocoding.geo.census.gov/,"102 W 9TH ST, NELIGH, NE, 68756","P O BOX 229, 102 WEST 9TH ST",NELIGH,NE,68756,,,
281327,40.863219793946,-99.983030590002,https://geocoding.geo.census.gov/,"300 E 12TH ST, COZAD, NE, 69130","P O BOX 108, 300 EAST 12TH ST",COZAD,NE,69130,,,
281325,42.544888182696,-99.84952763257,https://geocoding.geo.census.gov/,"945 E ZERO ST, AINSWORTH, NE, 69210",945 EAST ZERO ST,AINSWORTH,NE,69210,,,
281322,41.843245846868,-96.706680952668,https://geocoding.geo.census.gov/,"430 N MONITOR ST, WEST POINT, NE, 68788",430 NORTH MONITOR ST,WEST POINT,NE,68788,,,
281323,41.454641183183,-97.060785385924,https://geocoding.geo.census.gov/,"104 W 17TH ST, SCHUYLER, NE, 68661",104 WEST 17TH ST,SCHUYLER,NE,68661,,,
281320,40.871876383456,-98.009606401139,https://geocoding.geo.census.gov/,"1423 7TH ST, AURORA, NE, 68818",1423 SEVENTH ST,AURORA,NE,68818,,,
190313,30.031113667513,-89.97196041124,https://geocoding.geo.census.gov/,"5620 READ BLVD, NEW ORLEANS, LA, 70127",5620 READ BLVD,NEW ORLEANS,LA,70127,,,
190312,30.778689474769,-89.868426178401,https://geocoding.geo.census.gov/,"433 PLAZA ST, BOGALUSA, LA, 70427",433 PLAZA STREET,BOGALUSA,LA,70427,,,
281319,40.155581853485,-97.175970890494,https://geocoding.geo.census.gov/,"2200 H ST, FAIRBURY, NE, 68352","P O BOX 277, 2200 H ST",FAIRBURY,NE,68352,,,
281318,41.662088374702,-103.091456767027,https://geocoding.geo.census.gov/,"1313 S ST, BRIDGEPORT, NE, 69336",1313 S STREET,BRIDGEPORT,NE,69336,,,
281315,40.026230826597,-98.06637871893,https://geocoding.geo.census.gov/,"520 E 10TH ST, SUPERIOR, NE, 68978","P O BOX 187, 520 EAST 10TH ST",SUPERIOR,NE,68978,,,
281316,40.091138014149,-98.527554792349,https://geocoding.geo.census.gov/,"621 N FRANKLIN ST, RED CLOUD, NE, 68970","P O BOX 465, 621 N FRANKLIN ST",RED CLOUD,NE,68970,,,
281313,40.938173973147,-100.153848007393,https://geocoding.geo.census.gov/,"910 20TH ST, GOTHENBURG, NE, 69138",PO BOX 469 910 20TH ST,GOTHENBURG,NE,69138,,,
281314,41.170069992065,-97.548741219022,https://geocoding.geo.census.gov/,"531 BEEBE ST, OSCEOLA, NE, 68651","P O BOX 428, 531 BEEBE ST",OSCEOLA,NE,68651,,,
281311,40.101584290837,-98.954733590981,https://geocoding.geo.census.gov/,"1406 Q ST, FRANKLIN, NE, 68939",1406 Q ST,FRANKLIN,NE,68939,,,
281312,41.443464329861,-97.73340015775,https://geocoding.geo.census.gov/,"706 EWING AVE, GENOA, NE, 68640","P O BOX 310, 706 EWING AVE",GENOA,NE,68640,,,
270017,46.008393202306,-112.546182193074,https://geocoding.geo.census.gov/,"400 S CLARK ST, BUTTE, MT, 59701",400 S CLARK ST,BUTTE,MT,59701,,,
190779,29.957700485935,-91.034608499765,https://geocoding.geo.census.gov/,"135 HWY 402, NAPOLEONVILLE, LA, 70390",135 HIGHWAY 402,NAPOLEONVILLE,LA,70390,,,
270014,46.873942586182,-113.999989663421,https://geocoding.geo.census.gov/,"500 W BROADWAY ST, MISSOULA, MT, 59802",500 W BROADWAY,MISSOULA,MT,59802,,,
260214,38.815850147358,-94.506767577658,https://geocoding.geo.census.gov/,"17065 US HWY 71, BELTON, MO, 64012",17065 S 71 HIGHWAY,BELTON,MO,64012,,,
261305,40.482079648835,-93.005366082281,https://geocoding.geo.census.gov/,"1926 OAK ST, UNIONVILLE, MO, 63565","1926 OAK STREET,  PO BOX 389",UNIONVILLE,MO,63565,,,
270012,47.4922518243,-111.262529549235,https://geocoding.geo.census.gov/,"1101 26TH ST S, GREAT FALLS, MT, 59405",1101 26TH ST S,GREAT FALLS,MT,59405,,,
261302,37.559777637986,-90.302250194664,https://geocoding.geo.census.gov/,"611 W MAIN ST, FREDERICKTOWN, MO, 63645",611 W MAIN ST,FREDERICKTOWN,MO,63645,,,
261308,37.927330252784,-90.77269105963,https://geocoding.geo.census.gov/,"300 HEALTHWAY DR, POTOSI, MO, 63664",300 HEALTH WAY,POTOSI,MO,63664,,,
261309,40.068591650747,-93.580000414642,https://geocoding.geo.census.gov/,"191 IOWA BLVD, TRENTON, MO, 64683",191 IOWA BOULEVARD,TRENTON,MO,64683,,,
261306,40.20190715931,-93.132744941387,https://geocoding.geo.census.gov/,"630 W 3RD ST, MILAN, MO, 63556",630 WEST THIRD STREET,MILAN,MO,63556,,,
260219,38.714342266866,-90.696569313481,https://geocoding.geo.census.gov/,"2 PROGRESS POINT PKWY, O FALLON, MO, 63368",2 PROGRESS POINT PKWY,OFALLON,MO,63368,,,
261307,39.775001564676,-93.068408713475,https://geocoding.geo.census.gov/,"130 E LOCKLING AVE, BROOKFIELD, MO, 64628",130 EAST LOCKLING,BROOKFIELD,MO,64628,,,
271340,46.247193294333,-114.171845653969,https://geocoding.geo.census.gov/,"1200 WESTWOOD DR, HAMILTON, MT, 59840",1200 WESTWOOD DR,HAMILTON,MT,59840,,,
271341,48.100969923744,-105.641181876378,https://geocoding.geo.census.gov/,"315 KNAPP ST, WOLF POINT, MT, 59201",315 KNAPP ST,WOLF POINT,MT,59201,,,
271343,47.683441676426,-114.163514232146,https://geocoding.geo.census.gov/,"6 13TH AVE W, POLSON, MT, 59860",6 13TH AVE E,POLSON,MT,59860,,,
271344,47.715468771518,-104.174115797747,https://geocoding.geo.census.gov/,"216 14TH AVE SW, SIDNEY, MT, 59270",216 14TH AVE SW,SIDNEY,MT,59270,,,
271345,47.059360739971,-109.442339499824,https://geocoding.geo.census.gov/,"408 WENDELL AVE, LEWISTOWN, MT, 59457",408 WENDELL AVE,LEWISTOWN,MT,59457,,,
271346,46.453407001198,-108.546277545339,https://geocoding.geo.census.gov/,"1202 3RD ST W, ROUNDUP, MT, 59072",1202 3RD ST W,ROUNDUP,MT,59072,,,
271347,46.397309278726,-105.830583924158,https://geocoding.geo.census.gov/,"2600 WILSON ST, MILES CITY, MT, 59301",2600 WILSON ST,MILES CITY,MT,59301,,,
271348,48.539290506076,-109.687217435491,https://geocoding.geo.census.gov/,"30 13TH ST, HAVRE, MT, 59501",30 13TH ST,HAVRE,MT,59501,,,
190308,29.955750016875,-89.985351569803,https://geocoding.geo.census.gov/,"8000 W JUDGE PEREZ DR, CHALMETTE, LA, 70043",8000 WEST JUDGE PEREZ DRIVE,CHALMETTE,LA,70043,,,
270004,45.790425197603,-108.514052263615,https://geocoding.geo.census.gov/,"2800 10TH AVE N, BILLINGS, MT, 59101",2800 10TH AVE N,BILLINGS,MT,59101,,,
260200,38.803252701997,-90.777462070891,https://geocoding.geo.census.gov/,"100 MEDICAL PLZ, LAKE SAINT LOUIS, MO, 63367",100 MEDICAL PLAZA,LAKE SAINT LOUIS,MO,63367,,,
270003,46.584098069829,-111.997773432479,https://geocoding.geo.census.gov/,"2475 E BROADWAY ST, HELENA, MT, 59601",2475 BROADWAY,HELENA,MT,59601,,,
271330,45.642388500516,-109.243191715639,https://geocoding.geo.census.gov/,"710 11TH ST N, COLUMBUS, MT, 59019",710 N 11TH ST,COLUMBUS,MT,59019,,,
271331,47.185548803883,-114.877523297,https://geocoding.geo.census.gov/,"1208 6TH AVE E, SUPERIOR, MT, 59872",1208 6TH AVE E,SUPERIOR,MT,59872,,,
271332,47.116920247016,-104.704421286452,https://geocoding.geo.census.gov/,"202 PROSPECT DR, GLENDIVE, MT, 59330",202 PROSPECT DR,GLENDIVE,MT,59330,,,
271333,46.321471523139,-111.51639984223,https://geocoding.geo.census.gov/,"110 N OAK ST, TOWNSEND, MT, 59644",110 N OAK ST,TOWNSEND,MT,59644,,,
271334,48.510478887,-110.970792277795,https://geocoding.geo.census.gov/,"315 W MADISON AVE, CHESTER, MT, 59522",315 W MADISON AVE,CHESTER,MT,59522,,,
190303,30.475290106961,-90.414180375284,https://geocoding.geo.census.gov/,"42570 S AIRPORT RD, HAMMOND, LA, 70403",42570 SOUTH AIRPORT RD,HAMMOND,LA,70403,,,
271335,46.131359534198,-112.947663842324,https://geocoding.geo.census.gov/,"401 E PENNSYLVANIA ST, ANACONDA, MT, 59711",401 W PENNSYLVANIA,ANACONDA,MT,59711,,,
190302,29.998493896082,-90.159525983749,https://geocoding.geo.census.gov/,"2525 SEVERN AVE, METAIRIE, LA, 70002",2525 SEVERN AVENUE,METAIRIE,LA,70002,,,
271336,48.380931494882,-114.330183492524,https://geocoding.geo.census.gov/,"1600 HOSPITAL WAY, WHITEFISH, MT, 59937",1600 HOSPITAL WAY,WHITEFISH,MT,59937,,,
271337,48.628759614556,-112.326295116771,https://geocoding.geo.census.gov/,"802 2ND ST SE, CUT BANK, MT, 59427",802 2ND ST SE,CUT BANK,MT,59427,,,
190300,29.93740372815,-90.076910541187,https://geocoding.geo.census.gov/,"1717 SAINT CHARLES AVE, NEW ORLEANS, LA, 70130",1717 ST CHARLES AVE,NEW ORLEANS,LA,70130,,,
271338,45.72855425966,-107.616888973895,https://geocoding.geo.census.gov/,"17 N MILES AVE, HARDIN, MT, 59034",17 N MILES,HARDIN,MT,59034,,,
280040,41.259623255036,-96.041658310622,https://geocoding.geo.census.gov/,"8303 DODGE ST, OMAHA, NE, 68114",8303 DODGE ST,OMAHA,NE,68114,,,
19050F,31.063679190565,-93.210975565585,https://geocoding.geo.census.gov/,"1585 3RD ST, FORT JOHNSON, LA, 71459",1585 3rd St,Fort Johnson,LA,71459,,,
271321,46.43708705032,-109.840769736379,https://geocoding.geo.census.gov/,"530 3RD ST NW, HARLOWTON, MT, 59036",530 3RD ST NW,HARLOWTON,MT,59036,,,
271322,48.778741697646,-104.562767159138,https://geocoding.geo.census.gov/,"440 W LAUREL AVE, PLENTYWOOD, MT, 59254",440 W LAUREL AVE,PLENTYWOOD,MT,59254,,,
271323,47.46947232227,-114.889696998699,https://geocoding.geo.census.gov/,"10 KRUGER RD, PLAINS, MT, 59859",10 KRUGER RD,PLAINS,MT,59859,,,
280032,40.59195613248,-98.387538541071,https://geocoding.geo.census.gov/,"715 N SAINT JOSEPH AVE, HASTINGS, NE, 68901",715 N ST JOSEPH AVE,HASTINGS,NE,68901,,,
271324,48.173967658251,-111.959162397392,https://geocoding.geo.census.gov/,"805 SUNSET BLVD, CONRAD, MT, 59425",805 SUNSET BLVD,CONRAD,MT,59425,,,
271325,47.528974788181,-114.106329295387,https://geocoding.geo.census.gov/,"107 6TH AVE SW, RONAN, MT, 59864",107 6TH AVE SW,RONAN,MT,59864,,,
271326,45.196836399883,-109.246609913459,https://geocoding.geo.census.gov/,"2525 N BROADWAY AVE, RED LODGE, MT, 59068",2525 N BROADWAY,RED LODGE,MT,59068,,,
271327,46.271294529259,-106.6706033198,https://geocoding.geo.census.gov/,"383 N 17TH AVE, FORSYTH, MT, 59327",383 N 17TH AV,FORSYTH,MT,59327,,,
281360,42.117636992951,-102.871384128182,https://geocoding.geo.census.gov/,"2101 BOX BUTTE AVE, ALLIANCE, NE, 69301","P O BOX 810, 2101 BOX BUTTE AVE",ALLIANCE,NE,69301,,,
271328,48.509044309317,-111.850415228484,https://geocoding.geo.census.gov/,"640 PARK AVE, SHELBY, MT, 59474",640 PARK AVE,SHELBY,MT,59474,,,
271329,45.349011299486,-111.733723787345,https://geocoding.geo.census.gov/,"305 W MAIN, ENNIS, MT, 59729",305 N MAIN,ENNIS,MT,59729,,,
281359,41.550962266966,-96.145541221107,https://geocoding.geo.census.gov/,"810 N 22ND ST, BLAIR, NE, 68008",810 NORTH 22ND ST,BLAIR,NE,68008,,,
281358,42.811882224474,-102.200786855683,https://geocoding.geo.census.gov/,"300 E 8TH ST, GORDON, NE, 69343",300 EAST 8TH ST,GORDON,NE,69343,,,
271310,47.318496218373,-106.911407396444,https://geocoding.geo.census.gov/,"332 LEAVITT AVE, JORDAN, MT, 59337",332 LEAVITT AVE,JORDAN,MT,59337,,,
281355,41.150888130285,-101.720372138389,https://geocoding.geo.census.gov/,"2601 N SPRUCE ST, OGALLALA, NE, 69153",2601 NORTH SPRUCE ST,OGALLALA,NE,69153,,,
271311,48.179244759661,-110.108651541966,https://geocoding.geo.census.gov/,"166 MONTANA AVE, BIG SANDY, MT, 59520",166 MONTANA AVE E,BIG SANDY,MT,59520,,,
281356,40.848027371154,-101.726717157499,https://geocoding.geo.census.gov/,"900 LINCOLN AVE, GRANT, NE, 69140",900 LINCOLN AVE,GRANT,NE,69140,,,
271312,48.357318549285,-107.860233934928,https://geocoding.geo.census.gov/,"311 S 8TH AVE E, MALTA, MT, 59538",311 S 8TH AVE E,MALTA,MT,59538,,,
281353,41.603141493629,-98.942758436739,https://geocoding.geo.census.gov/,"2707 L ST, ORD, NE, 68862",2707 L STREET,ORD,NE,68862,,,
271313,45.828710208015,-109.951888761067,https://geocoding.geo.census.gov/,"301 W 7TH AVE, BIG TIMBER, MT, 59011",301 W 7TH AVE,BIG TIMBER,MT,59011,,,
280020,40.80801452723,-96.625272247683,https://geocoding.geo.census.gov/,"555 S 70TH ST, LINCOLN, NE, 68510",555 SOUTH 70TH ST,LINCOLN,NE,68510,,,
281354,40.642885253236,-96.937193608215,https://geocoding.geo.census.gov/,"2910 BETTEN RD, CRETE, NE, 68333",2910 BETTEN DR,CRETE,NE,68333,,,
280023,40.924286457515,-98.369971242072,https://geocoding.geo.census.gov/,"2620 W FAIDLEY AVE, GRAND ISLAND, NE, 68803",2620 WEST FAIDLEY AVE,GRAND ISLAND,NE,68803,,,
281351,40.523357795057,-101.648064058563,https://geocoding.geo.census.gov/,"600 W 12TH ST, IMPERIAL, NE, 69033","P O BOX 819, 600 W 12TH ST",IMPERIAL,NE,69033,,,
271315,48.485046329466,-108.766740578926,https://geocoding.geo.census.gov/,"456 GROS VENTRE AVE, HARLEM, MT, 59526","456 GROS VENTRE AVE, RR 1",HARLEM,MT,59526,,,
271316,48.189482953731,-106.636249931856,https://geocoding.geo.census.gov/,"621 3RD ST S, GLASGOW, MT, 59230",621 3RD ST S,GLASGOW,MT,59230,,,
271317,45.677388747746,-110.526537480588,https://geocoding.geo.census.gov/,"320 ALPENGLOW, LIVINGSTON, MT, 59047",320 ALPENGLOW LANE,LIVINGSTON,MT,59047,,,
281350,40.379234394741,-96.197253439604,https://geocoding.geo.census.gov/,"202 HIGH ST, TECUMSEH, NE, 68450",202 HIGH ST,TECUMSEH,NE,68450,,,
271318,45.199728467099,-112.647208313575,https://geocoding.geo.census.gov/,"600 STATE HWY 91 S, DILLON, MT, 59725",600 MT HWY 91 S,DILLON,MT,59725,,,
271319,45.453245877467,-112.191646805145,https://geocoding.geo.census.gov/,"321 MADISON ST, SHERIDAN, MT, 59749",321 MADISON ST,SHERIDAN,MT,59749,,,
374026,36.128794456693,-95.940268638734,https://geocoding.geo.census.gov/,"2323 S HARVARD AVE, TULSA, OK, 74114",2323 S HARVARD AVE,TULSA,OK,74114,,,
330208,40.967699346284,-73.885057232142,https://geocoding.geo.census.gov/,"976 N BROADWAY, YONKERS, NY, 10701",976 NORTH BROADWAY,YONKERS,NY,10701,,,
374023,35.522290802442,-97.412544296989,https://geocoding.geo.census.gov/,"6501 NE 50TH ST, OKLAHOMA CITY, OK, 73141",6501 NORTHEAST 50TH STREET,OKLAHOMA CITY,OK,73141,,,
330202,40.655770756693,-73.945225330024,https://geocoding.geo.census.gov/,"451 CLARKSON AVE, BROOKLYN, NY, 11203",451 CLARKSON AVENUE,BROOKLYN,NY,11203,,,
330203,43.041876106271,-76.137929041974,https://geocoding.geo.census.gov/,"736 IRVING AVE, SYRACUSE, NY, 13210",736 IRVING AVENUE,SYRACUSE,NY,13210,,,
330204,40.739699188888,-73.976402850217,https://geocoding.geo.census.gov/,"462 1ST AVE, NEW YORK, NY, 10016",462 FIRST AVENUE,NEW YORK,NY,10016,,,
330205,41.26330646558,-74.356308285903,https://geocoding.geo.census.gov/,"15 MAPLE AVE, WARWICK, NY, 10990",15 MAPLE AVENUE -19,WARWICK,NY,10990,,,
340008,34.75177249798,-79.470539951351,https://geocoding.geo.census.gov/,"500 LAUCHWOOD DR, LAURINBURG, NC, 28352",500 LAUCHWOOD DR,LAURINBURG,NC,28352,,,
33020F,40.610281045168,-74.027011099671,https://geocoding.geo.census.gov/,"800 POLY PL, BROOKLYN, NY, 11209",800 POLY PLACE,BROOKLYN,NY,11209,,,
360098,41.664816547971,-81.245412664225,https://geocoding.geo.census.gov/,"7590 AUBURN RD, CONCORD TWP, OH, 44077",7590 AUBURN ROAD,CONCORD,OH,44077,,,
360096,40.621284487011,-80.585605352874,https://geocoding.geo.census.gov/,"425 W 5TH ST, EAST LIVERPOOL, OH, 43920",425 WEST 5TH STREET,EAST LIVERPOOL,OH,43920,,,
340001,35.434482139882,-80.603097468258,https://geocoding.geo.census.gov/,"920 CHURCH ST N, CONCORD, NC, 28025",920 CHURCH ST N,CONCORD,NC,28025,,,
340002,35.578626085057,-82.549453604359,https://geocoding.geo.census.gov/,"509 BILTMORE AVE, ASHEVILLE, NC, 28801",509 BILTMORE AVE,ASHEVILLE,NC,28801,,,
340003,36.489140412237,-80.611110763236,https://geocoding.geo.census.gov/,"830 ROCKFORD ST, MOUNT AIRY, NC, 27030",830 ROCKFORD ST,MOUNT AIRY,NC,27030,,,
340004,35.962436551023,-80.012112236301,https://geocoding.geo.census.gov/,"601 N ELM ST, HIGH POINT, NC, 27262",601 N ELM ST,HIGH POINT,NC,27261,,,
374016,34.784006096158,-96.629518232218,https://geocoding.geo.census.gov/,"1000 ROLLING HILLS LN, ADA, OK, 74820",1000 ROLLING HILLS LANE,ADA,OK,74820,,,
374012,36.158003977088,-95.851191253667,https://geocoding.geo.census.gov/,"201 S GARNETT RD, TULSA, OK, 74128",201 SOUTH GARNETT ROAD,TULSA,OK,74128,,,
341329,35.910569160633,-82.062717848436,https://geocoding.geo.census.gov/,"125 HOSPITAL DR, SPRUCE PINE, NC, 28777",125 HOSPITAL DRIVE,SPRUCE PINE,NC,28777,,,
341327,33.92878857914,-78.022083005156,https://geocoding.geo.census.gov/,"924 N HOWE ST, SOUTHPORT, NC, 28461",924 HOWE ST,SOUTHPORT,NC,28461,,,
341328,35.072714634663,-83.965123511302,https://geocoding.geo.census.gov/,"3990 ALT US HWY 64, MURPHY, NC, 28906",3990 EAST US HIGHWAY 64 ALT,MURPHY,NC,28906,,,
350070,46.832452587841,-96.826431156656,https://geocoding.geo.census.gov/,"3000 32ND AVE, FARGO, ND, 58103",3000 32ND AVE SOUTH,FARGO,ND,58104,,,
374020,36.066380469625,-95.922076810146,https://geocoding.geo.census.gov/,"6655 S YALE AVE, TULSA, OK, 74136",6655 SOUTH YALE AVENUE,TULSA,OK,74136,,,
341322,35.240888049313,-82.212806478721,https://geocoding.geo.census.gov/,"101 HOSPITAL DR, COLUMBUS, NC, 28722",101 HOSPITAL DRIVE,COLUMBUS,NC,28722,,,
374021,36.144687368713,-95.969670353774,https://geocoding.geo.census.gov/,"1239 S TRENTON AVE, TULSA, OK, 74120",1239 S TRENTON AVE,TULSA,OK,74120,,,
341320,36.509012618625,-81.115005074985,https://geocoding.geo.census.gov/,"233 DOCTORS ST, SPARTA, NC, 28675",233 DOCTORS STREET,SPARTA,NC,28675,,,
341325,36.423605166033,-81.458736497616,https://geocoding.geo.census.gov/,"200 HOSPITAL AVE, JEFFERSON, NC, 28640",200 HOSPITAL AVE,JEFFERSON,NC,28640,,,
341324,35.941548052117,-75.617402909548,https://geocoding.geo.census.gov/,"4800 S CROATAN HWY, NAGS HEAD, NC, 27959",4800 SOUTH CROATAN HIGHWAY,NAGS HEAD,NC,27959,,,
341318,36.07114545003,-76.609659839048,https://geocoding.geo.census.gov/,"211 VIRGINIA RD, EDENTON, NC, 27932",211 VIRGINIA RD,EDENTON,NC,27932,,,
341316,35.086357862745,-83.185688981355,https://geocoding.geo.census.gov/,"190 HOSPITAL DR, HIGHLANDS, NC, 28741",190 HOSPITAL DRIVE,HIGHLANDS,NC,28741,,,
341311,35.722974215248,-79.422016254032,https://geocoding.geo.census.gov/,"475 PROGRESS BLVD, SILER CITY, NC, 27344",475 PROGRESS BLVD,SILER CITY,NC,27344,,,
341314,35.86378649147,-76.729940161705,https://geocoding.geo.census.gov/,"958 US HWY 64 E, PLYMOUTH, NC, 27962",958 US HWY 64 EAST,PLYMOUTH,NC,27962,,,
341315,34.623460998123,-78.608292530449,https://geocoding.geo.census.gov/,"501 S POPLAR ST, ELIZABETHTOWN, NC, 28337",501 SOUTH POPLAR STREET,ELIZABETHTOWN,NC,28337,,,
364011,41.350917305149,-81.575361604971,https://geocoding.geo.census.gov/,"1756 SAGAMORE RD, NORTHFIELD, OH, 44067",1756 SAGAMORE ROAD,NORTHFIELD,OH,44067,,,
330411,43.148428610588,-77.636141532898,https://geocoding.geo.census.gov/,"89 GENESEE ST, ROCHESTER, NY, 14611",89 GENESEE STREET,ROCHESTER,NY,14611,,,
341307,34.551235474352,-77.920342877896,https://geocoding.geo.census.gov/,"507 E FREEMONT ST, BURGAW, NC, 28425",507 E FREMONT ST,BURGAW,NC,28425,,,
341305,35.435074600617,-83.44461452309,https://geocoding.geo.census.gov/,"45 PLATEAU ST, BRYSON CITY, NC, 28713",45 PLATEAU STREET,BRYSON CITY,NC,28713,,,
341303,35.36420058649,-79.891443153544,https://geocoding.geo.census.gov/,"520 ALLEN ST, TROY, NC, 27371",520 ALLEN STREET,TROY,NC,27371,,,
341304,35.98926131303,-76.927432630024,https://geocoding.geo.census.gov/,"1403 S KING ST, WINDSOR, NC, 27983",1403 S KING ST,WINDSOR,NC,27983,,,
364007,39.955758898257,-83.058049930784,https://geocoding.geo.census.gov/,"2200 W BROAD ST, COLUMBUS, OH, 43223",2200 WEST BROAD STREET,COLUMBUS,OH,43223,,,
330405,41.21212120895,-73.982218971647,https://geocoding.geo.census.gov/,"51 NORTH ST, WEST HAVERSTRAW, NY, 10993",51 NORTH ROUTE 9W,WEST HAVERSTRAW,NY,10993,,,
330406,42.82193231999,-73.913344779501,https://geocoding.geo.census.gov/,"1270 BELMONT AVE, SCHENECTADY, NY, 12308",1270 BELMONT AVENUE,SCHENECTADY,NY,12308,,,
330401,40.865028298703,-73.220619318701,https://geocoding.geo.census.gov/,"50 STATE RTE 25A, SMITHTOWN, NY, 11787",50 ROUTE 25A,SMITHTOWN,NY,11787,,,
364014,41.622124053098,-83.597651125749,https://geocoding.geo.census.gov/,"930 S DETROIT AVE, TOLEDO, OH, 43614",930 SOUTH DETROIT AVENUE,TOLEDO,OH,43614,,,
364015,39.328903690683,-82.11566565615,https://geocoding.geo.census.gov/,"100 HOSPITAL DR, ATHENS, OH, 45701",100 HOSPITAL DRIVE,ATHENS,OH,45701,,,
284009,41.245228640029,-95.973546196778,https://geocoding.geo.census.gov/,"4102 WOOLWORTH AVE, OMAHA, NE, 68105",4102 WOOLWORTH AVE,OMAHA,NE,68105,,,
284003,40.784508306027,-96.73299648551,https://geocoding.geo.census.gov/,"801 W PROSPECTOR PL, LINCOLN, NE, 68522",801 W PROSPECTOR PLACE,LINCOLN,NE,68522,,,
364029,41.626401142307,-81.43260898073,https://geocoding.geo.census.gov/,"35900 EUCLID AVE, WILLOUGHBY, OH, 44094",35900 EUCLID AVENUE,WILLOUGHBY,OH,44094,,,
364040,39.931294689096,-83.818680240309,https://geocoding.geo.census.gov/,"474 N YELLOW SPRINGS ST, SPRINGFIELD, OH, 45504",474 NORTH YELLOW SPRINGS STREET,SPRINGFIELD,OH,45504,,,
364041,39.939881368731,-83.01988283306,https://geocoding.geo.census.gov/,"880 GREENLAWN AVE, COLUMBUS, OH, 43223",880 GREENLAWN AVENUE,COLUMBUS,OH,43223,,,
364044,39.336749701004,-84.29428509803,https://geocoding.geo.census.gov/,"4075 OLD WESTERN ROW RD, MASON, OH, 45040",4075 OLD WESTERN ROW ROAD,MASON,OH,45040,,,
294002,36.157609419713,-115.230242977547,https://geocoding.geo.census.gov/,"1650 COMMUNITY COLLEGE DR, LAS VEGAS, NV, 89146",1650 COMMUNITY COLLEGE DR,LAS VEGAS,NV,89146,1650 COMMUNITY COLLEGE DR,2026-09-28,
294000,39.530419881682,-119.779905833838,https://geocoding.geo.census.gov/,"480 GALLETTI WAY, SPARKS, NV, 89431",480 GALLETTI WAY,SPARKS,NV,89431,,,
364035,39.194505534329,-84.473770293526,https://geocoding.geo.census.gov/,"1101 SUMMIT RD, CINCINNATI, OH, 45237",1101 SUMMIT ROAD,CINCINNATI,OH,45237,,,
364036,41.589415610079,-83.687414687873,https://geocoding.geo.census.gov/,"1725 TIMBERLINE RD, MAUMEE, OH, 43537",1725 TIMBER LINE ROAD,MAUMEE,OH,43537,,,
364050,39.739191930962,-84.155973425021,https://geocoding.geo.census.gov/,"2611 WAYNE AVE, DAYTON, OH, 45420",2611 WAYNE AVENUE,DAYTON,OH,45420,,,
364051,39.344333401745,-84.456740526326,https://geocoding.geo.census.gov/,"8614 SHEPHERD FARM, WEST CHESTER, OH, 45069",8614 SHEPHERD FARM DRIVE,WEST CHESTER,OH,45069,,,
364052,41.439308838478,-82.235428396855,https://geocoding.geo.census.gov/,"3364 KOLBE RD, LORAIN, OH, 44053",3364 KOLBE ROAD,LORAIN,OH,44053,,,
294016,36.11101657629,-115.222209668565,https://geocoding.geo.census.gov/,"5900 W ROCHELLE AVE, LAS VEGAS, NV, 89103",5900 W ROCHELLE AVE,LAS VEGAS,NV,89103,,,
364053,41.449411611547,-81.523254366551,https://geocoding.geo.census.gov/,"4199 MILL POND DR, BEACHWOOD, OH, 44122",4199 MILL POND DRIVE,BEACHWOOD,OH,44122,,,
364055,41.105212057184,-83.217170121935,https://geocoding.geo.census.gov/,"50 SAINT LAWRENCE DR, TIFFIN, OH, 44883",50 ST LAWRENCE DRIVE,TIFFIN,OH,44883,,,
294013,36.130769427139,-115.136937927059,https://geocoding.geo.census.gov/,"3247 S MARYLAND PKWY, LAS VEGAS, NV, 89109",3247 S MARYLAND PARKWAY,LAS VEGAS,NV,89109,,,
354004,46.869320381606,-96.785587426207,https://geocoding.geo.census.gov/,"510 4TH ST S, FARGO, ND, 58103",510 4TH STREET SOUTH,FARGO,ND,58103,,,
294012,35.998732686847,-115.120158942415,https://geocoding.geo.census.gov/,"3021 W HORIZON RIDGE PKWY, HENDERSON, NV, 89052",3021 W HORIZON RIDGE PKWY,HENDERSON,NV,89052,,,
294015,39.463153774956,-119.777096928512,https://geocoding.geo.census.gov/,"6940 SIERRA CENTER PKWY, RENO, NV, 89511",6940 SIERRA CENTER PKWY,RENO,NV,89511,,,
354003,46.886855840721,-98.687994220006,https://geocoding.geo.census.gov/,"2605 CIRCLE DR, JAMESTOWN, ND, 58401",2605 CIRCLE DRIVE,JAMESTOWN,ND,58401,,,
294011,36.125757643828,-115.24530772662,https://geocoding.geo.census.gov/,"7000 SPRING MOUNTAIN RD, LAS VEGAS, NV, 89117",7000 WEST SPRING MOUNTAIN ROAD,LAS VEGAS,NV,89117,,,
294010,36.144526210975,-115.215873226745,https://geocoding.geo.census.gov/,"5460 W SAHARA AVE, LAS VEGAS, NV, 89146",5460 WEST SAHARA,LAS VEGAS,NV,89146,,,
364047,40.878514606656,-84.477478623643,https://geocoding.geo.census.gov/,"17872 LINCOLN HWY, MIDDLE POINT, OH, 45863",17872 LINCOLN HIGHWAY,MIDDLE POINT,OH,45863,,,
364049,40.09965323489,-83.165897922444,https://geocoding.geo.census.gov/,"7625 HOSPITAL DR, DUBLIN, OH, 43016",7625 HOSPITAL DRIVE,DUBLIN,OH,43016,,,
364060,41.137068433532,-80.662799845055,https://geocoding.geo.census.gov/,"196 COLONIAL DR, YOUNGSTOWN, OH, 44505",196 COLONIAL DRIVE,YOUNGSTOWN,OH,44504,,,
364061,39.936642878266,-82.94235793607,https://geocoding.geo.census.gov/,"1599 ALUM CREEK DR, COLUMBUS, OH, 43209",1599 ALUM CREEK DRIVE,COLUMBUS,OH,43209,,,
364062,39.934257568813,-82.875575611902,https://geocoding.geo.census.gov/,"4646 HILTON CORPORATE DR, COLUMBUS, OH, 43232",4646 HILTON CORP0RATE DRIVE,COLUMBUS,OH,43232,,,
364063,38.858995338211,-83.897853117952,https://geocoding.geo.census.gov/,"425 HOME ST, GEORGETOWN, OH, 45121",425 HOME STREET,GEORGETOWN,OH,45121,,,
364064,40.809389881666,-81.371982383785,https://geocoding.geo.census.gov/,"1223 MARKET AVE N, CANTON, OH, 44714",1223 MARKET AVENUE NORTH,CANTON,OH,44714,,,
364065,39.201725636049,-84.572031660993,https://geocoding.geo.census.gov/,"2446 KIPLING AVE, CINCINNATI, OH, 45239",2446 KIPLING AVENUE,CINCINNATI,OH,45239,,,
364066,41.689167414595,-83.723119105152,https://geocoding.geo.census.gov/,"4040 N KING RD, SYLVANIA, OH, 43560",4040 KING ROAD,SYLVANIA,OH,43560,,,
364056,39.281580038017,-84.367976109558,https://geocoding.geo.census.gov/,"11690 GROOMS RD, CINCINNATI, OH, 45242",11690 GROOMS ROAD,CINCINNATI,OH,45242,,,
364057,39.173453082592,-84.430551043869,https://geocoding.geo.census.gov/,"5500 VERULAM AVE, CINCINNATI, OH, 45213",5500 VERULAM AVENUE,CINCINNATI,OH,45213,,,
364058,40.087938119658,-82.994474710932,https://geocoding.geo.census.gov/,"900 E DUBLIN GRANVILLE RD, COLUMBUS, OH, 43229",900 EAST DUBLIN GRANVILLE ROAD,COLUMBUS,OH,43229,,,
370781,36.842794927167,-99.630223982321,https://geocoding.geo.census.gov/,"1003 US HWY 64, BUFFALO, OK, 73834",1003 US HIGHWAY 64 NORTH,BUFFALO,OK,73834,,,
370783,35.036853713812,-99.098248835699,https://geocoding.geo.census.gov/,"429 W ELM ST, HOBART, OK, 73651",429 WEST ELM STREET,HOBART,OK,73651,,,
330800,42.373863231118,-77.277000127737,https://geocoding.geo.census.gov/,"7571 STATE RTE 54, BATH, NY, 14810",7571 STATE ROUTE 54,BATH,NY,14810,,,
370780,36.798028152156,-97.300818472836,https://geocoding.geo.census.gov/,"710 S 13TH ST, BLACKWELL, OK, 74631",710 S 13TH STREET,BLACKWELL,OK,74631,,,
380102,44.08148906597,-123.028431978981,https://geocoding.geo.census.gov/,"3333 RIVERBEND DR, SPRINGFIELD, OR, 97477",3333 RIVERBEND DRIVE,SPRINGFIELD,OR,97477,,,
380103,45.539126974023,-122.87621104074,https://geocoding.geo.census.gov/,"2875 NW STUCKI BLVD, HILLSBORO, OR, 97124",2875 NW STUCKI AVE,HILLSBORO,OR,97124,,,
370779,36.289127208653,-97.299280173585,https://geocoding.geo.census.gov/,"501 N 14TH ST, PERRY, OK, 73077",501 N 14TH ST,PERRY,OK,73077,,,
370220,35.557880800172,-97.504024987148,https://geocoding.geo.census.gov/,"100 NE 85TH ST, OKLAHOMA CITY, OK, 73114",100 NE 85TH STREET,OKLAHOMA CITY,OK,73114,,,
371310,34.222892483926,-97.49212695835,https://geocoding.geo.census.gov/,"3462 HOSPITAL RD, HEALDTON, OK, 73438",3462 HOSPITAL RD,HEALDTON,OK,73438,,,
320085,32.323879768038,-106.726300125646,https://geocoding.geo.census.gov/,"4311 E LOHMAN AVE, LAS CRUCES, NM, 88011",4311 EAST LOHMAN AVENUE,LAS CRUCES,NM,88011,,,
370222,35.567689210148,-97.512797454559,https://geocoding.geo.census.gov/,"9600 N BROADWAY AVE, OKLAHOMA CITY, OK, 73114",9600 NORTH BROADWAY EXTENSION,OKLAHOMA CITY,OK,73114,,,
371312,35.993252583823,-96.100845034645,https://geocoding.geo.census.gov/,"1004 E BRYAN AVE, SAPULPA, OK, 74066",1004 EAST BRYAN,SAPULPA,OK,74066,,,
390073,40.521437225529,-78.397986767833,https://geocoding.geo.census.gov/,"620 HOWARD AVE, ALTOONA, PA, 16601",620 HOWARD AVENUE,ALTOONA,PA,16601,,,
320086,33.416014781006,-104.520908019904,https://geocoding.geo.census.gov/,"117 E 19TH ST, ROSWELL, NM, 88201",117 EAST 19TH STREET,ROSWELL,NM,88201,,,
320084,34.169306055129,-103.363083475466,https://geocoding.geo.census.gov/,"42121 US HWY 70, PORTALES, NM, 88130",42121 US HIGHWAY 70,PORTALES,NM,88130,,,
370228,36.303120988968,-95.851877888608,https://geocoding.geo.census.gov/,"10502 N 110TH E AVE, OWASSO, OK, 74055",10502 NORTH 110TH EAST AVENUE,OWASSO,OK,74055,,,
371318,36.562681054792,-96.705254424218,https://geocoding.geo.census.gov/,"40 HOSPITAL RD, FAIRFAX, OK, 74637",40 HOSPITAL ROAD,FAIRFAX,OK,74637,,,
371317,35.876445480299,-97.46039754161,https://geocoding.geo.census.gov/,"200 ACADEMY RD, GUTHRIE, OK, 73044",200 S ACADEMY RD,GUTHRIE,OK,73044,,,
310040,40.740766967553,-74.033761714443,https://geocoding.geo.census.gov/,"308 WILLOW AVE, HOBOKEN, NJ, 07030",308 WILLOW AVE,HOBOKEN,NJ,07030,,,
310041,39.965406326951,-74.21712081746,https://geocoding.geo.census.gov/,"99 STATE RTE 37, TOMS RIVER, NJ, 08755",99 RT 37 WEST,TOMS RIVER,NJ,08755,,,
334009,40.842708555984,-73.943117176033,https://geocoding.geo.census.gov/,"722 W 168TH ST, NEW YORK, NY, 10032",722 W 168TH ST,NEW YORK,NY,10032,,,
371319,34.538911481168,-96.224262345029,https://geocoding.geo.census.gov/,"6 N COVINGTON ST, COALGATE, OK, 74538",6 NORTH COVINGTON,COALGATE,OK,74538,,,
371314,35.072215996357,-98.229407827489,https://geocoding.geo.census.gov/,"1002 E CENTRAL BLVD, ANADARKO, OK, 73005",1002 E CENTRAL BLVD,ANADARKO,OK,73005,,,
370225,35.635982891121,-97.499102266795,https://geocoding.geo.census.gov/,"1800 RENNAISSANCE BLVD, EDMOND, OK, 73013",1800 SOUTH RENAISSANCE BOULEVARD,EDMOND,OK,73034,,,
334004,40.734240511028,-73.734872975248,https://geocoding.geo.census.gov/,"80-45 WINCHESTER BLVD, QUEENS VILLAGE, NY, 11427",80-45 WINCHESTER BLVD BLDG B,QUEENS VILLAGE,NY,11427,,,
371316,35.767527991392,-96.621223372472,https://geocoding.geo.census.gov/,"2308 STATE HWY 66, STROUD, OK, 74079",2308 HIGHWAY 66 WEST,STROUD,OK,74079,,,
370227,36.298413363,-95.834476658534,https://geocoding.geo.census.gov/,"12451 E 100TH ST N, OWASSO, OK, 74055",12451 EAST 100TH STREET NORTH,OWASSO,OK,74055,,,
334013,40.79977424244,-73.281093041219,https://geocoding.geo.census.gov/,"998 CROOKED HILL RD, WEST BRENTWOOD, NY, 11717",998 CROOKED HILL ROAD,WEST BRENTWOOD,NY,11717,,,
313302,39.880455180574,-74.918138960036,https://geocoding.geo.census.gov/,"92 BRICK RD, MARLTON, NJ, 08053","92 BRICK ROAD, 3RD FLOOR",MARLTON,NJ,08053,,,
380020,44.052461328527,-123.004165343767,https://geocoding.geo.census.gov/,"1460 G ST, SPRINGFIELD, OR, 97477",1460 G STREET,SPRINGFIELD,OR,97477,,,
334012,42.107914210405,-75.86646813225,https://geocoding.geo.census.gov/,"425 ROBINSON ST, BINGHAMTON, NY, 13904",425 ROBINSON ST,BINGHAMTON,NY,13901,,,
310039,40.518663836705,-74.281020239228,https://geocoding.geo.census.gov/,"530 NEW BRUNSWICK AVE, PERTH AMBOY, NJ, 08861",530 NEW BRUNSWICK AVE,PERTH AMBOY,NJ,08861,,,
380021,45.519765237749,-122.977371691586,https://geocoding.geo.census.gov/,"335 SE 8TH AVE, HILLSBORO, OR, 97123",335 SE 8TH AVENUE,HILLSBORO,OR,97123,,,
380022,44.632061676485,-123.116288367298,https://geocoding.geo.census.gov/,"1046 6TH AVE SW, ALBANY, OR, 97321",1046 6TH AVENUE SW,ALBANY,OR,97321,,,
380027,43.240017930692,-123.366622369821,https://geocoding.geo.census.gov/,"2700 NW STEWART PKWY, ROSEBURG, OR, 97471",2700 NW STEWART PARKWAY,ROSEBURG,OR,97471,,,
380025,45.518974426387,-122.408221248479,https://geocoding.geo.census.gov/,"24800 SE STARK ST, GRESHAM, OR, 97030",24800 SE STARK STREET,GRESHAM,OR,97030,,,
300001,43.196054009437,-71.559753983459,https://geocoding.geo.census.gov/,"250 PLEASANT ST, CONCORD, NH, 03301",250 PLEASANT ST,CONCORD,NH,03301,,,
380029,45.004134383604,-122.790662287044,https://geocoding.geo.census.gov/,"342 FAIRVIEW ST, SILVERTON, OR, 97381",342 FAIRVIEW STREET,SILVERTON,OR,97381,,,
300005,43.527885722596,-71.460906219885,https://geocoding.geo.census.gov/,"80 HIGHLAND ST, LACONIA, NH, 03246",80 HIGHLAND ST,LACONIA,NH,03246,,,
370210,36.045745441989,-95.894592556993,https://geocoding.geo.census.gov/,"2408 E 81ST PL, TULSA, OK, 74133","2408 EAST 81ST STREET, SUITE 300",TULSA,OK,74137,,,
370211,35.484117322115,-97.765210309296,https://geocoding.geo.census.gov/,"1201 HEALTH CENTER PKWY, YUKON, OK, 73099",1201 HEALTH CENTER PARKWAY,YUKON,OK,73099,,,
371301,35.489808980447,-96.684489584412,https://geocoding.geo.census.gov/,"1322 N KLABZUBA AVE, PRAGUE, OK, 74864",1322 KLABZUBA AVENUE,PRAGUE,OK,74864,,,
370212,35.386113711408,-97.521200740723,https://geocoding.geo.census.gov/,"8100 S WALKER AVE, OKLAHOMA CITY, OK, 73139",8100 SOUTH WALKER BLDG C,OKLAHOMA CITY,OK,73139,,,
371300,34.394015493341,-96.14808487152,https://geocoding.geo.census.gov/,"1590 W LIBERTY RD, ATOKA, OK, 74525",1590 WEST LIBERTY ROAD,ATOKA,OK,74525,,,
320090,35.614103490528,-106.026163877521,https://geocoding.geo.census.gov/,"4801 BECKNER RD, SANTA FE, NM, 87507",4801 BECKNER ROAD,SANTA FE,NM,87507,,,
310050,40.894362665954,-74.463231899436,https://geocoding.geo.census.gov/,"25 POCONO RD, DENVILLE, NJ, 07834",25 POCONO ROAD,DENVILLE,NJ,07834,,,
320091,32.334857287824,-106.778253280229,https://geocoding.geo.census.gov/,"2560 SAMARITAN DR, LAS CRUCES, NM, 88001",2560 SAMARITAN DRIVE,LAS CRUCES,NM,88001,,,
370218,36.031985384792,-95.859094223523,https://geocoding.geo.census.gov/,"10501 E 91ST ST, TULSA, OK, 74133",10501 EAST 91ST STREET SOUTH,TULSA,OK,74133,,,
371306,33.942540828793,-97.131260680747,https://geocoding.geo.census.gov/,"300 WANDA ST, MARIETTA, OK, 73448",300 WANDA STREET,MARIETTA,OK,73448,,,
310051,40.712376885488,-74.354377181612,https://geocoding.geo.census.gov/,"99 BEAUVOIR AVE, SUMMIT, NJ, 07901",99 BEAUVOIR AVENUE,SUMMIT,NJ,07901,,,
371309,36.672872279985,-96.325801467231,https://geocoding.geo.census.gov/,"1101 E 15TH ST, PAWHUSKA, OK, 74056",1101 EAST 15TH STREET,PAWHUSKA,OK,74056,,,
310052,40.077894601584,-74.129046935318,https://geocoding.geo.census.gov/,"425 JACK MARTIN BLVD, BRICK, NJ, 08724",425 JACK MARTIN BLVD,BRICK,NJ,08724,,,
370214,34.839403291525,-97.624805484479,https://geocoding.geo.census.gov/,"1305 W CHEROKEE ST, LINDSAY, OK, 73052",1305 W CHEROKEE STREET - HIGHWAY 19 WEST,LINDSAY,OK,73052,,,
371302,35.84893128422,-98.419189316245,https://geocoding.geo.census.gov/,"500 N CLARENCE NASH BLVD, WATONGA, OK, 73772",500 NORTH CLARENCE NASH BOULEVARD,WATONGA,OK,73772,,,
370215,35.608973358463,-97.595993982074,https://geocoding.geo.census.gov/,"4050 W MEMORIAL RD, OKLAHOMA CITY, OK, 73120",4050 WEST MEMORIAL ROAD,OKLAHOMA CITY,OK,73120,,,
371305,36.696950050704,-95.630392014357,https://geocoding.geo.census.gov/,"237 S LOCUST ST, NOWATA, OK, 74048",237 SOUTH LOCUST STREET,NOWATA,OK,74048,,,
370216,36.066557508371,-96.003976926883,https://geocoding.geo.census.gov/,"6901 S OLYMPIA AVE, TULSA, OK, 74132",6901 SOUTH OLYMPIA AVENUE,TULSA,OK,74132,,,
371304,34.223800171462,-96.675209732538,https://geocoding.geo.census.gov/,"1000 S BYRD AVE, TISHOMINGO, OK, 73460",1000 SOUTH BYRD ST,TISHOMINGO,OK,73460,,,
334003,44.716069259757,-75.45073583127,https://geocoding.geo.census.gov/,"1 CHIMNEY POINT DR, OGDENSBURG, NY, 13669",ONE CHIMNEY POINT DRIVE,OGDENSBURG,NY,13669,,,
310048,40.568064919789,-74.595886717999,https://geocoding.geo.census.gov/,"110 REHILL AVE, SOMERVILLE, NJ, 08876",110 REHILL AVE,SOMERVILLE,NJ,08876,,,
334001,43.045338768886,-76.141738686366,https://geocoding.geo.census.gov/,"620 MADISON ST, SYRACUSE, NY, 13210",620 MADISON STREET,SYRACUSE,NY,13210,,,
380017,45.529968119005,-122.696667164183,https://geocoding.geo.census.gov/,"1015 NW 22ND AVE, PORTLAND, OR, 97210","1015 NW 22ND AVENUE, W121",PORTLAND,OR,97210,,,
380014,44.604619616677,-123.251321827822,https://geocoding.geo.census.gov/,"3600 NW SAMARITAN DR, CORVALLIS, OR, 97330",3600 NW SAMARITAN DRIVE,CORVALLIS,OR,97339,,,
300012,42.982773798323,-71.434792410294,https://geocoding.geo.census.gov/,"1 ELLIOT WAY, MANCHESTER, NH, 03103",1 ELLIOT WAY,MANCHESTER,NH,03103,,,
344036,35.799138158182,-80.876864676466,https://geocoding.geo.census.gov/,"557 BROOKDALE DR, STATESVILLE, NC, 28677",557 Brookdale Drive,STATESVILLE,NC,28677,,,
380018,42.316535183294,-122.830050058681,https://geocoding.geo.census.gov/,"2825 E BARNETT RD, MEDFORD, OR, 97504",2825 E BARNETT ROAD,MEDFORD,OR,97504,,,
300011,42.750017946733,-71.480928497048,https://geocoding.geo.census.gov/,"172 KINSLEY ST, NASHUA, NH, 03060",172 KINSLEY ST,NASHUA,NH,03060,,,
301303,44.486773825616,-71.555173631175,https://geocoding.geo.census.gov/,"173 MIDDLE ST, LANCASTER, NH, 03584",173 MIDDLE STREET,LANCASTER,NH,03584,,,
320065,32.760625885165,-103.180848337881,https://geocoding.geo.census.gov/,"5419 N LOVINGTON HWY, HOBBS, NM, 88240",5419 N LOVINGTON HIGHWAY,HOBBS,NM,88240,,,
371332,36.153068887628,-98.924238290717,https://geocoding.geo.census.gov/,"809 US HWY 60, SEILING, OK, 73663",809 NE HIGHWAY 60,SEILING,OK,73663,,,
301304,43.420994203445,-72.001338623288,https://geocoding.geo.census.gov/,"273 COUNTY RD, NEW LONDON, NH, 03257",273 COUNTY ROAD,NEW LONDON,NH,03257,,,
344033,35.619995789015,-77.41538138459,https://geocoding.geo.census.gov/,"2577 W 5TH ST, GREENVILLE, NC, 27834",2577 WEST FIFTH STREET,GREENVILLE,NC,27834,,,
370001,36.060371617073,-95.966138479316,https://geocoding.geo.census.gov/,"1120 S UTICA AVE, TULSA, OK, 74136",1120 SOUTH UTICA AVENUE,TULSA,OK,74104,,,
370243,34.720187182034,-97.214090435584,https://geocoding.geo.census.gov/,"100 VALLEY RD, PAULS VALLEY, OK, 73075",100 VALLEY DRIVE,PAULS VALLEY,OK,73075,,,
390050,40.456122616466,-80.00342186764,https://geocoding.geo.census.gov/,"320 E NORTH AVE, PITTSBURGH, PA, 15212",320 EAST NORTH AVENUE,PITTSBURGH,PA,15212,,,
301301,44.13746386158,-72.025460380514,https://geocoding.geo.census.gov/,"90 SWIFTWATER RD, WOODSVILLE, NH, 03785",90 SWIFTWATER RD,WOODSVILLE,NH,03785,,,
320063,32.441934225802,-104.258676750483,https://geocoding.geo.census.gov/,"2430 W PIERCE ST, CARLSBAD, NM, 88220",2430 WEST PIERCE STREET,CARLSBAD,NM,88220,,,
370002,36.437458494056,-99.400892162657,https://geocoding.geo.census.gov/,"900 17TH ST, WOODWARD, OK, 73801",900 17TH STREET,WOODWARD,OK,73801,,,
370244,36.050102788344,-95.867925517441,https://geocoding.geo.census.gov/,"10109 E 79TH ST, TULSA, OK, 74133",10109 E 79TH ST,TULSA,OK,74133,,,
371334,35.108881500782,-98.604925674213,https://geocoding.geo.census.gov/,"102 BROADWAY, CARNEGIE, OK, 73015",102 NORTH BROADWAY,CARNEGIE,OK,73015,,,
301302,44.315154954928,-71.82897916199,https://geocoding.geo.census.gov/,"600 SAINT JOHNSBURY RD, LITTLETON, NH, 03561",600 ST JOHNSBURY ROAD,LITTLETON,NH,03561,,,
31001F,40.758997707989,-74.243283209111,https://geocoding.geo.census.gov/,"385 TREMONT AVE, ORANGE, NJ, 07050",385 TREMONT AVENUE,EAST ORANGE,NJ,07018,,,
370245,35.514399766645,-98.996932416151,https://geocoding.geo.census.gov/,"100 N 30TH ST, CLINTON, OK, 73601",100 N 30TH STREET,CLINTON,OK,73601,,,
371333,35.420705635835,-96.285531905827,https://geocoding.geo.census.gov/,"1800 E COPLIN ST, OKEMAH, OK, 74859",1800 E COPLIN,OKEMAH,OK,74859,,,
301307,44.05930932773,-71.136565984816,https://geocoding.geo.census.gov/,"3073 WHITE MTN HWY, NORTH CONWAY, NH, 03860",3073 WHITE MOUNTAIN HIGHWAY,NORTH CONWAY,NH,03860,,,
320061,35.508413127636,-108.730356014849,https://geocoding.geo.census.gov/,"516 NIZHONI BLVD, GALLUP, NM, 87301",516 E NIZHONI BLVD,GALLUP,NM,87301,,,
301308,43.390048113338,-72.340696013331,https://geocoding.geo.census.gov/,"243 ELM ST, CLAREMONT, NH, 03743",243 ELM STREET,CLAREMONT,NH,03743,,,
38004F,43.229196642312,-123.368956603322,https://geocoding.geo.census.gov/,"913 NW GARDEN VALLEY BLVD, ROSEBURG, OR, 97471",913 NW GARDEN VALLEY BLVD.,ROSEBURG,OR,97471,,,
301305,43.639457218043,-72.263766122298,https://geocoding.geo.census.gov/,"10 ALICE PECK DAY DR, LEBANON, NH, 03766",10 ALICE PECK DAY DRIVE,LEBANON,NH,03766,,,
344030,34.261604375,-78.064478423149,https://geocoding.geo.census.gov/,"2050 MERCANTILE DR NE, LELAND, NC, 28451",2050 MERCANTILE DRIVE,LELAND,NC,28451,,,
370240,35.565227662915,-97.65629353355,https://geocoding.geo.census.gov/,"9417 N COUNCIL RD, OKLAHOMA CITY, OK, 73162",9417 N COUNCIL ROAD,OKLAHOMA CITY,OK,73162,,,
371330,34.891760776071,-99.501244715638,https://geocoding.geo.census.gov/,"1 WICKERSHAM DR, MANGUM, OK, 73554",1 WICKERSHAM DRIVE,MANGUM,OK,73554,,,
301306,43.447504493911,-71.64225668623,https://geocoding.geo.census.gov/,"15 AIKEN AVE, FRANKLIN, NH, 03235",15 AIKEN AVENUE,FRANKLIN,NH,03235,,,
390056,40.494669867261,-78.013315895889,https://geocoding.geo.census.gov/,"1225 WARM SPRINGS AVE, HUNTINGDON, PA, 16652",1225 WARM SPRINGS AVE,HUNTINGDON,PA,16652,,,
390057,40.362563164175,-75.324289865278,https://geocoding.geo.census.gov/,"700 LAWN AVE, SELLERSVILLE, PA, 18960",700 LAWN AVENUE,SELLERSVILLE,PA,18960,,,
390058,40.184648403916,-77.224997736905,https://geocoding.geo.census.gov/,"361 ALEXANDER SPRING RD, CARLISLE, PA, 17015",361 ALEXANDER SPRING ROAD,CARLISLE,PA,17015,,,
301309,42.892813902226,-71.937335416791,https://geocoding.geo.census.gov/,"452 OLD STREET RD, PETERBOROUGH, NH, 03458",452 OLD STREET ROAD,PETERBOROUGH,NH,03458,,,
370004,36.872226658777,-94.879842465118,https://geocoding.geo.census.gov/,"200 2ND AVE SW, MIAMI, OK, 74354",200 SECOND AVENUE SOUTHWEST,MIAMI,OK,74355,,,
370246,35.832383431222,-96.401682969003,https://geocoding.geo.census.gov/,"700 W 7TH AVE, BRISTOW, OK, 74010",700 WEST 7TH STREET,BRISTOW,OK,74010,,,
371336,36.268623112397,-99.881562330087,https://geocoding.geo.census.gov/,"905 MAIN ST, SHATTUCK, OK, 73858",905 SOUTH MAIN STREET,SHATTUCK,OK,73858,,,
370247,34.19136585001,-97.162892426551,https://geocoding.geo.census.gov/,"1641 WOERZ WAY, ARDMORE, OK, 73401",1641 WOERZ WAY,ARDMORE,OK,73401,,,
371335,35.26084940817,-95.128296768673,https://geocoding.geo.census.gov/,"401 NW H ST, STIGLER, OK, 74462",401 NORTHWEST H STREET,STIGLER,OK,74462,,,
310022,39.843790520734,-74.927620909246,https://geocoding.geo.census.gov/,"100 BOWMAN DR, VOORHEES, NJ, 08043",100 BOWMAN DRIVE,VOORHEES,NJ,08043,,,
32005F,35.054029308033,-106.577748725082,https://geocoding.geo.census.gov/,"1501 SAN PEDRO DR SE, ALBUQUERQUE, NM, 87108",1501 SAN PEDRO DRIVE SE,ALBUQUERQUE,NM,87108,,,
370006,36.72410083598,-97.06730576967,https://geocoding.geo.census.gov/,"1900 N 14TH ST, PONCA CITY, OK, 74601",1900 NORTH 14TH STREET,PONCA CITY,OK,74601,,,
371338,34.691533015942,-99.914804936944,https://geocoding.geo.census.gov/,"400 E CHESTNUT ST, HOLLIS, OK, 73550",400 EAST CHESTNUT STREET,HOLLIS,OK,73550,,,
371337,35.044536692497,-94.612191798166,https://geocoding.geo.census.gov/,"105 S WALL ST, POTEAU, OK, 74953",105 WALL STREET,POTEAU,OK,74953,,,
310014,39.940854573958,-75.115769839507,https://geocoding.geo.census.gov/,"1 COOPER PLZ, CAMDEN, NJ, 08103",1 COOPER PLAZA,CAMDEN,NJ,08103,,,
310016,40.733982716687,-74.050671445367,https://geocoding.geo.census.gov/,"176 PALISADE AVE, JERSEY CITY, NJ, 07306",176 PALISADE AVE,JERSEY CITY,NJ,07306,,,
310019,40.902601386354,-74.166811321799,https://geocoding.geo.census.gov/,"703 MAIN ST, PATERSON, NJ, 07503",703 MAIN ST,PATERSON,NJ,07503,,,
39005F,42.102912912318,-80.064825110504,https://geocoding.geo.census.gov/,"135 E 38TH ST, ERIE, PA, 16504",135 EAST 38TH STREET,ERIE,PA,16504,,,
344029,35.327011747948,-78.670863829988,https://geocoding.geo.census.gov/,"410 DENIM DR, ERWIN, NC, 28339",410 DENIM DRIVE,ERWIN,NC,28339,,,
380047,44.065787315129,-121.273795251656,https://geocoding.geo.census.gov/,"2500 NE NEFF RD, BEND, OR, 97701",2500 NE NEFF ROAD,BEND,OR,97701,,,
301310,44.487142183336,-71.156722727206,https://geocoding.geo.census.gov/,"59 PAGE HILL RD, BERLIN, NH, 03570",59 PAGE HILL ROAD,BERLIN,NH,03570,,,
344025,35.737260924126,-81.677660472994,https://geocoding.geo.census.gov/,"1000 S STERLING ST, MORGANTON, NC, 28655",1000 S STERLING STREET,MORGANTON,NC,28655,,,
301311,43.757336726893,-71.695226591259,https://geocoding.geo.census.gov/,"16 HOSPITAL RD, PLYMOUTH, NH, 03264",16 HOSPITAL ROAD,PLYMOUTH,NH,03264,,,
344026,35.393960167098,-78.022306824916,https://geocoding.geo.census.gov/,"1401 W ASH ST, GOLDSBORO, NC, 27530",1401 WEST ASH STREET,GOLDSBORO,NC,27530,,,
371321,35.088673838772,-96.379628951766,https://geocoding.geo.census.gov/,"100 MCDOUGAL DR, HOLDENVILLE, OK, 74848",100 MCDOUGAL DRIVE,HOLDENVILLE,OK,74848,,,
33009F,42.648637579816,-73.773696803206,https://geocoding.geo.census.gov/,"113 HOLLAND AVE, ALBANY, NY, 12208",113 HOLLAND AVENUE,ALBANY,NY,12208,,,
371320,36.309953112814,-96.480421309985,https://geocoding.geo.census.gov/,"1401 W PAWNEE ST, CLEVELAND, OK, 74020",1401 WEST PAWNEE,CLEVELAND,OK,74020,,,
301312,43.581222154145,-71.201916754398,https://geocoding.geo.census.gov/,"240 S MAIN ST, WOLFEBORO, NH, 03894",240 SOUTH MAIN STREET,WOLFEBORO,NH,03894,,,
320074,35.205873272907,-106.675278412305,https://geocoding.geo.census.gov/,"10501 GOLF COURSE RD NW, ALBUQUERQUE, NM, 87114",10501 GOLF COURSE ROAD NW,ALBUQUERQUE,NM,87114,,,
344023,35.609267234179,-82.346419820462,https://geocoding.geo.census.gov/,"201 TABERNACLE RD, BLACK MOUNTAIN, NC, 28711",201 TABERNACLE ROAD,BLACK MOUNTAIN,NC,28711,,,
390062,40.337871853882,-78.388041883786,https://geocoding.geo.census.gov/,"105 NASON DR, ROARING SPRING, PA, 16673",105 NASON DRIVE,ROARING SPRING,PA,16673,,,
390063,42.133309115147,-80.087721464425,https://geocoding.geo.census.gov/,"201 STATE ST, ERIE, PA, 16507",201 STATE STREET,ERIE,PA,16550,,,
390065,39.823333737478,-77.233776858101,https://geocoding.geo.census.gov/,"147 GETTYS ST, GETTYSBURG, PA, 17325",147 GETTYS STREET,GETTYSBURG,PA,17325,,,
390066,40.33590349682,-76.417264336618,https://geocoding.geo.census.gov/,"252 S 4TH ST, LEBANON, PA, 17042",252 SOUTH 4TH STREET,LEBANON,PA,17042,,,
371329,36.27524867489,-98.474680642027,https://geocoding.geo.census.gov/,"523 E STATE RD, FAIRVIEW, OK, 73737",523 EAST STATE ROAD,FAIRVIEW,OK,73737,,,
390068,40.132852187642,-76.309645575602,https://geocoding.geo.census.gov/,"1500 HIGHLANDS DR, LITITZ, PA, 17543",1500 HIGHLANDS DRIVE,LITITZ,PA,17543,,,
371328,34.506247050666,-96.995121011961,https://geocoding.geo.census.gov/,"2011 W BROADWAY ST, SULPHUR, OK, 73086",2011 WEST BROADWAY,SULPHUR,OK,73086,,,
38003F,45.496416378883,-122.684453409279,https://geocoding.geo.census.gov/,"3710 SW US VETERANS HOSPITAL RD, PORTLAND, OR, 97239",3710 SW US VETERANS HOSPITAL,PORTLAND,OR,97239,,,
310031,39.976123696511,-74.585390765397,https://geocoding.geo.census.gov/,"200 TRENTON RD, BROWNS MILLS, NJ, 08015",200 TRENTON ROAD,BROWNS MILLS,NJ,08015,,,
370235,36.077943613934,-95.799096766269,https://geocoding.geo.census.gov/,"1000 W BOISE CIR, BROKEN ARROW, OK, 74012",1000 WEST BOISE CIRCLE,BROKEN ARROW,OK,74012,,,
371325,35.301974537081,-98.98764477257,https://geocoding.geo.census.gov/,"1220 N GLENN L ENGLISH ST, CORDELL, OK, 73632",1220 NORTH GLENN ENGLISH STREET,CORDELL,OK,73632,,,
310032,39.447301448843,-75.055699915711,https://geocoding.geo.census.gov/,"1505 W SHERMAN AVE, VINELAND, NJ, 08360",1505 W SHERMAN AVE,VINELAND,NJ,08360,,,
370237,36.653218573069,-95.155791149197,https://geocoding.geo.census.gov/,"735 N FOREMAN ST, VINITA, OK, 74301",735 NORTH FOREMAN STREET,VINITA,OK,74301,,,
371327,36.116987108817,-98.314606342036,https://geocoding.geo.census.gov/,"207 F ST, OKEENE, OK, 73763",207 EAST F STREET,OKEENE,OK,73763,,,
310034,40.353137065997,-74.064797407224,https://geocoding.geo.census.gov/,"1 RIVERVIEW PLZ, RED BANK, NJ, 07701",ONE RIVERVIEW PLAZA,RED BANK,NJ,07701,,,
310024,40.612220405621,-74.29120240661,https://geocoding.geo.census.gov/,"865 STONE ST, RAHWAY, NJ, 07065",865 STONE ST,RAHWAY,NJ,07065,,,
310025,40.668162217436,-74.113473223334,https://geocoding.geo.census.gov/,"29 E 29TH ST, BAYONNE, NJ, 07002",29 EAST 29TH ST,BAYONNE,NJ,07002,,,
383300,45.499932985669,-122.684962486726,https://geocoding.geo.census.gov/,"3101 SW SAM JACKSON PARK RD, PORTLAND, OR, 97239",3101 SW SAM JACKSON PARK ROAD,PORTLAND,OR,97239,,,
310027,40.659766019842,-74.21445521593,https://geocoding.geo.census.gov/,"225 WILLIAMSON ST, ELIZABETH, NJ, 07202",225 WILLIAMSON STREET,ELIZABETH,NJ,07207,,,
310028,41.05702903206,-74.760308360725,https://geocoding.geo.census.gov/,"175 HIGH ST, NEWTON, NJ, 07860",175 HIGH ST,NEWTON,NJ,07860,,,
39006F,40.313111341501,-76.407362190878,https://geocoding.geo.census.gov/,"1700 S LINCOLN AVE, LEBANON, PA, 17042",1700 SOUTH LINCOLN AVENUE,LEBANON,PA,17042,,,
380037,45.307234067372,-122.934033357052,https://geocoding.geo.census.gov/,"1001 PROVIDENCE DR, NEWBERG, OR, 97132",1001 PROVIDENCE DRIVE,NEWBERG,OR,97132,,,
344014,35.782211322723,-78.58438518447,https://geocoding.geo.census.gov/,"3019 FALSTAFF RD, RALEIGH, NC, 27610",3019 FALSTAFF RD,RALEIGH,NC,27610,,,
344016,34.747031752056,-77.374527829859,https://geocoding.geo.census.gov/,"192 VILLAGE DR, JACKSONVILLE, NC, 28546",192 VILLAGE DRIVE,JACKSONVILLE,NC,28540,,,
360203,40.038817788992,-81.577187943889,https://geocoding.geo.census.gov/,"1341 CLARK ST, CAMBRIDGE, OH, 43725",1341 NORTH CLARK STREET,CAMBRIDGE,OH,43725,,,
390070,40.104495198305,-74.86482915185,https://geocoding.geo.census.gov/,"501 BATH RD, BRISTOL, PA, 19007",501 BATH ROAD,BRISTOL,PA,19007,,,
370025,35.753582476523,-95.406070650932,https://geocoding.geo.census.gov/,"300 ROCKEFELLER DR, MUSKOGEE, OK, 74401",300 ROCKEFELLER DRIVE,MUSKOGEE,OK,74401,,,
370020,34.776982530639,-96.634687281497,https://geocoding.geo.census.gov/,"430 N MONTE VIS, ADA, OK, 74820",430 NORTH MONTE VISTA,ADA,OK,74820,,,
370026,36.394181640927,-97.871711535877,https://geocoding.geo.census.gov/,"305 S 5TH ST, ENID, OK, 73701",305 SOUTH 5TH STREET,ENID,OK,73701,,,
310001,40.884233452952,-74.057753977271,https://geocoding.geo.census.gov/,"30 PROSPECT AVE, HACKENSACK, NJ, 07601",30 PROSPECT AVE,HACKENSACK,NJ,07601,,,
361302,40.401025669449,-81.33599044826,https://geocoding.geo.census.gov/,"819 N 1ST ST, DENNISON, OH, 44621",819 NORTH FIRST STREET,DENNISON,OH,44621,,,
330096,42.122985779169,-77.950085467712,https://geocoding.geo.census.gov/,"191 N MAIN ST, WELLSVILLE, NY, 14895",191 NORTH MAIN STREET,WELLSVILLE,NY,14895,,,
360210,40.305989785352,-83.088846472795,https://geocoding.geo.census.gov/,"561 W CENTRAL AVE, DELAWARE, OH, 43015",561 WEST CENTRAL AVENUE,DELAWARE,OH,43015,,,
361300,41.135254280679,-84.600214934601,https://geocoding.geo.census.gov/,"1035 W WAYNE ST, PAULDING, OH, 45879",1035 WEST WAYNE ST.,PAULDING,OH,45879,,,
380061,45.526572338899,-122.613846505306,https://geocoding.geo.census.gov/,"4805 NE GLISAN ST, PORTLAND, OR, 97213",4805 NE GLISAN STREET,PORTLAND,OR,97213,,,
360211,40.356070991218,-80.625033887498,https://geocoding.geo.census.gov/,"380 SUMMIT AVE, STEUBENVILLE, OH, 43952",380 SUMMIT AVENUE,STEUBENVILLE,OH,43952,,,
330094,42.245789135581,-73.777998889686,https://geocoding.geo.census.gov/,"71 PROSPECT AVE, HUDSON, NY, 12534",71 PROSPECT AVENUE,HUDSON,NY,12534,,,
344007,36.077859304438,-80.318124287825,https://geocoding.geo.census.gov/,"3637 OLD VINEYARD RD, WINSTON SALEM, NC, 27104",3637 OLD VINEYARD ROAD,WINSTON SALEM,NC,27104,,,
361309,41.409985462033,-84.095744082083,https://geocoding.geo.census.gov/,"1600 E RIVERVIEW AVE, NAPOLEON, OH, 43545",1600 EAST RIVERVIEW AVENUE,NAPOLEON,OH,43545,,,
360218,40.046657206133,-82.451709552408,https://geocoding.geo.census.gov/,"1320 W MAIN ST, NEWARK, OH, 43055",1320 WEST MAIN STREET,NEWARK,OH,43055,,,
361308,41.936974480015,-80.586553383281,https://geocoding.geo.census.gov/,"158 W MAIN RD, CONNEAUT, OH, 44030",158 WEST MAIN ROAD,CONNEAUT,OH,44030,,,
330090,42.099312701282,-76.826743317864,https://geocoding.geo.census.gov/,"600 ROE AVE, ELMIRA, NY, 14905",600 ROE AVENUE,ELMIRA,NY,14905,,,
361307,41.799998411434,-80.96277797342,https://geocoding.geo.census.gov/,"870 W MAIN ST, GENEVA, OH, 44041",870 WEST MAIN STREET,GENEVA,OH,44041,,,
361306,41.294165572215,-82.210557362925,https://geocoding.geo.census.gov/,"200 E LORAIN ST, OBERLIN, OH, 44074",200 WEST LORAIN STREET,OBERLIN,OH,44074,,,
361304,39.349373817387,-83.387502688938,https://geocoding.geo.census.gov/,"550 MIRABEAU ST, GREENFIELD, OH, 45123",550 MIRABEAU STREET,GREENFIELD,OH,45123,,,
361303,41.035238921152,-82.01317099257,https://geocoding.geo.census.gov/,"225 ELYRIA ST, LODI, OH, 44254",225 ELYRIA STREET,LODI,OH,44254,,,
371342,33.880949770047,-94.812325802041,https://geocoding.geo.census.gov/,"1301 LINCOLN RD, IDABEL, OK, 74745",1301 LINCOLN ROAD,IDABEL,OK,74745,,,
370013,35.608964568817,-97.60163931589,https://geocoding.geo.census.gov/,"4300 W MEMORIAL RD, OKLAHOMA CITY, OK, 73120",4300 WEST MEMORIAL ROAD,OKLAHOMA CITY,OK,73120,,,
371341,36.787025876937,-98.671124487441,https://geocoding.geo.census.gov/,"800 SHARE DR, ALVA, OK, 73717",800 SHARE DRIVE,ALVA,OK,73717,,,
371340,36.690751169136,-101.476096412592,https://geocoding.geo.census.gov/,"520 MEDICAL DR, GUYMON, OK, 73942",520 MEDICAL DRIVE,GUYMON,OK,73942,,,
370019,35.411752983719,-99.425558674495,https://geocoding.geo.census.gov/,"1801 W 3RD ST, ELK CITY, OK, 73644",1801 WEST 3RD STREET,ELK CITY,OK,73644,,,
370015,36.307543356449,-95.305298888979,https://geocoding.geo.census.gov/,"111 N BAILEY ST, PRYOR, OK, 74361",111 NORTH BAILEY STREET,PRYOR,OK,74361,,,
310010,40.338925445312,-74.625927746919,https://geocoding.geo.census.gov/,"1 PLAINSBORO RD, PLAINSBORO, NJ, 08536",ONE-FIVE PLAINSBORO ROAD,PLAINSBORO,NJ,08536,,,
330078,42.93000224782,-78.848936208874,https://geocoding.geo.census.gov/,"2157 MAIN ST, BUFFALO, NY, 14214",2157 MAIN STREET,BUFFALO,NY,14214,,,
370016,36.390830922767,-97.886554469984,https://geocoding.geo.census.gov/,"600 S MONROE ST, ENID, OK, 73701",600 SOUTH MONROE,ENID,OK,73701,,,
380060,45.511620316636,-122.558855318257,https://geocoding.geo.census.gov/,"10123 SE MARKET ST, PORTLAND, OR, 97216",10123 SE MARKET STREET,PORTLAND,OR,97216,,,
310011,39.091264885234,-74.809655202715,https://geocoding.geo.census.gov/,"2 STONE HARBOR LANDING RD, CAPE MAY COURT HOUSE, NJ, 08210",TWO STONE HARBOR BLVD,CAPE MAY COURT HOUSE,NJ,08210,,,
330079,44.344294744072,-74.144473412309,https://geocoding.geo.census.gov/,"2233 STATE RTE 86, SARANAC LAKE, NY, 12983","2233 STATE ROUTE 86, PO BOX 471",SARANAC LAKE,NY,12983,,,
370018,36.750642247167,-95.933895481967,https://geocoding.geo.census.gov/,"3500 E FRANK PHILLIPS BLVD, BARTLESVILLE, OK, 74006",3500 EAST FRANK PHILLIPS BOULEVARD,BARTLESVILLE,OK,74006,,,
310002,40.710193426497,-74.213808537776,https://geocoding.geo.census.gov/,"201 LYONS AVE, NEWARK, NJ, 07112",201 LYONS AVE,NEWARK,NJ,07112,,,
361313,40.549273880266,-82.849651189748,https://geocoding.geo.census.gov/,"651 W MARION ST, MOUNT GILEAD, OH, 43338",651 WEST MARION ROAD,MOUNT GILEAD,OH,43338,,,
380052,44.025589425327,-116.975202266262,https://geocoding.geo.census.gov/,"351 SW 9TH ST, ONTARIO, OR, 97914",351 SW 9TH STREET,ONTARIO,OR,97914,,,
310003,40.79466039031,-73.997063423459,https://geocoding.geo.census.gov/,"7600 RIVER RD, NORTH BERGEN, NJ, 07047",7600 RIVER RD,NORTH BERGEN,NJ,07047,,,
330085,42.457403987926,-75.053274280839,https://geocoding.geo.census.gov/,"1 NORTON AVE, ONEONTA, NY, 13820",ONE NORTON AVENUE,ONEONTA,NY,13820,,,
361312,40.106783981101,-83.730439068578,https://geocoding.geo.census.gov/,"904 SCIOTO ST, URBANA, OH, 43078",904 SCIOTO STREET,URBANA,OH,43078,,,
330086,40.912593484567,-73.840090149009,https://geocoding.geo.census.gov/,"12 N 7TH AVE, MOUNT VERNON, NY, 10550",12 NORTH 7TH AVENUE,MOUNT VERNON,NY,10550,,,
361311,40.257534293619,-80.97873572815,https://geocoding.geo.census.gov/,"951 E MARKET ST, CADIZ, OH, 43907",951 EAST MARKET STREET,CADIZ,OH,43907,,,
380050,42.25269660318,-121.787278585354,https://geocoding.geo.census.gov/,"2865 DAGGETT AVE, KLAMATH FALLS, OR, 97601",2865 DAGGETT AVENUE,KLAMATH FALLS,OR,97601,,,
310005,40.531155043866,-74.85851421666,https://geocoding.geo.census.gov/,"2100 WESCOTT DR, FLEMINGTON, NJ, 08822",2100 WESCOTT DRIVE,FLEMINGTON,NJ,08822,,,
380051,44.9329756011,-123.033635985098,https://geocoding.geo.census.gov/,"890 OAK ST SE, SALEM, OR, 97301","890 OAK STREET, SE",SALEM,OR,97301,,,
310006,40.858257156325,-74.137048700539,https://geocoding.geo.census.gov/,"350 BOULEVARD, PASSAIC, NJ, 07055",350 BOULEVARD,PASSAIC,NJ,07055,,,
330080,40.817595544297,-73.923799022637,https://geocoding.geo.census.gov/,"234 E 149TH ST, BRONX, NY, 10451",234 EAST 149TH STREET,BRONX,NY,10451,,,
380056,44.804797314226,-122.784190753254,https://geocoding.geo.census.gov/,"1401 N 10TH AVE, STAYTON, OR, 97383",1401 N 10TH AVENUE,STAYTON,OR,97383,,,
310008,40.881453898456,-74.009259808241,https://geocoding.geo.census.gov/,"718 TEANECK RD, TEANECK, NJ, 07666",718 TEANECK RD,TEANECK,NJ,07666,,,
310009,40.785584608074,-74.174881767212,https://geocoding.geo.census.gov/,"1 CLARA MASS DR, BELLEVILLE, NJ, 07109",ONE CLARA MAASS DRIVE,BELLEVILLE,NJ,07109,,,
361319,39.438965259559,-81.444571115976,https://geocoding.geo.census.gov/,"1106 COLEGATE DR, MARIETTA, OH, 45750",1106 COLEGATE DRIVE,MARIETTA,OH,45750,,,
361318,41.163632167905,-83.423159641415,https://geocoding.geo.census.gov/,"501 VAN BUREN ST, FOSTORIA, OH, 44830",501 VAN BUREN STREET,FOSTORIA,OH,44830,,,
301300,44.904088300639,-71.481968483313,https://geocoding.geo.census.gov/,"181 CORLISS LN, COLEBROOK, NH, 03576",181 CORLISS LANE,COLEBROOK,NH,03576,,,
361316,40.81486464215,-82.975751244526,https://geocoding.geo.census.gov/,"629 N SANDUSKY AVE, BUCYRUS, OH, 44820",629 NORTH SANDUSKY AVENUE,BUCYRUS,OH,44820,,,
361315,40.645563695135,-83.595252642507,https://geocoding.geo.census.gov/,"921 E FRANKLIN ST, KENTON, OH, 43326",921 EAST FRANKLIN STREET,KENTON,OH,43326,,,
361314,41.506288353638,-82.933701081097,https://geocoding.geo.census.gov/,"615 FULTON ST, PORT CLINTON, OH, 43452",615 FULTON ST,PORT CLINTON,OH,43452,,,
320021,35.08231175869,-106.634945816125,https://geocoding.geo.census.gov/,"1100 CENTRAL AVE, ALBUQUERQUE, NM, 87106",1100 CENTRAL AVENUE SE,ALBUQUERQUE,NM,87106,,,
320022,34.41931576426,-103.231826874324,https://geocoding.geo.census.gov/,"2100 N DR MARTIN LUTHER KING JR BLVD, CLOVIS, NM, 88101","2100 N MARTIN LUTHER KING, JR, BLVD",CLOVIS,NM,88101,,,
370047,34.188503703835,-97.140795988999,https://geocoding.geo.census.gov/,"1011 14TH AVE NW, ARDMORE, OK, 73401",1011 14TH AVE NW,ARDMORE,OK,73401,,,
370049,36.115828152334,-97.074140759535,https://geocoding.geo.census.gov/,"1323 W 6TH AVE, STILLWATER, OK, 74074",1323 WEST 6TH STREET,STILLWATER,OK,74076,,,
380090,43.385788934411,-124.233329418614,https://geocoding.geo.census.gov/,"1775 THOMPSON RD, COOS BAY, OR, 97420",1775 THOMPSON ROAD,COOS BAY,OR,97420,,,
380091,45.433399469775,-122.559928828402,https://geocoding.geo.census.gov/,"10180 SE SUNNYSIDE RD, CLACKAMAS, OR, 97015",10180 SE SUNNYSIDE ROAD,CLACKAMAS,OR,97015,,,
330073,43.00397881195,-78.177073618544,https://geocoding.geo.census.gov/,"127 NORTH ST, BATAVIA, NY, 14020",127 NORTH STREET,BATAVIA,NY,14020,,,
360234,39.179386158178,-84.603955929561,https://geocoding.geo.census.gov/,"3300 MERCY HEALTH BLVD, CINCINNATI, OH, 45211",3300 MERCY HEALTH BLVD,CINCINNATI,OH,45211,,,
361324,40.880697132895,-82.646503599483,https://geocoding.geo.census.gov/,"199 E MAIN ST, SHELBY, OH, 44875",199 WEST MAIN STREET,SHELBY,OH,44875,,,
330074,42.874929182701,-77.290065271923,https://geocoding.geo.census.gov/,"350 PARRISH ST, CANANDAIGUA, NY, 14424",350 PARRISH STREET,CANANDAIGUA,NY,14424,,,
361323,40.831842845676,-81.764490813795,https://geocoding.geo.census.gov/,"832 S MAIN ST, ORRVILLE, OH, 44667",832 SOUTH MAIN STREET,ORRVILLE,OH,44667,,,
361322,40.887572865391,-83.898020803162,https://geocoding.geo.census.gov/,"139 GARAU ST, BLUFFTON, OH, 45817",139 GARAU STREET,BLUFFTON,OH,45817,,,
361321,39.992800689309,-81.190228760307,https://geocoding.geo.census.gov/,"639 W MAIN ST, BARNESVILLE, OH, 43713",639 WEST MAIN STREET,BARNESVILLE,OH,43713,,,
360230,41.520053130329,-81.433859558463,https://geocoding.geo.census.gov/,"6780 MAYFIELD RD, MAYFIELD HEIGHTS, OH, 44124",6780 MAYFIELD ROAD,MAYFIELD HEIGHTS,OH,44124,,,
361320,39.030186013952,-82.63803675262,https://geocoding.geo.census.gov/,"500 BURLINGTON RD, JACKSON, OH, 45640",500 BURLINGTON ROAD,JACKSON,OH,45640,,,
320018,32.292405949284,-106.735173303191,https://geocoding.geo.census.gov/,"2450 S TELSHOR BLVD, LAS CRUCES, NM, 88011",2450 SOUTH TELSHOR BLVD,LAS CRUCES,NM,88011,,,
320017,35.131005275515,-106.591035687585,https://geocoding.geo.census.gov/,"4701 MONTGOMERY BLVD NE, ALBUQUERQUE, NM, 87109",4701 MONTGOMERY BOULEVARD NE,ALBUQUERQUE,NM,87109,,,
361329,40.841878332231,-83.28064807265,https://geocoding.geo.census.gov/,"885 N SANDUSKY AVE, UPPER SANDUSKY, OH, 43351",885 NORTH SANDUSKY AVENUE,UPPER SANDUSKY,OH,43351,,,
361328,41.29986783141,-84.374385453284,https://geocoding.geo.census.gov/,"1200 RALSTON AVE, DEFIANCE, OH, 43512",1200 RALSTON AVENUE,DEFIANCE,OH,43512,,,
361327,41.589412808816,-84.595510321869,https://geocoding.geo.census.gov/,"909 E SNYDER ST, MONTPELIER, OH, 43543",909 EAST SNYDER AVENUE,MONTPELIER,OH,43543,,,
361326,38.933839412111,-83.58550642846,https://geocoding.geo.census.gov/,"230 MEDICAL CENTER DR, SEAMAN, OH, 45679",230 MEDICAL CENTER DRIVE,SEAMAN,OH,45679,,,
361325,40.730862543083,-82.803300497207,https://geocoding.geo.census.gov/,"269 PORTLAND WAY S, GALION, OH, 44833",269 PORTLAND WAY SOUTH,GALION,OH,44833,,,
320033,35.881851853864,-106.321780954497,https://geocoding.geo.census.gov/,"3917 WEST RD, LOS ALAMOS, NM, 87544",3917 WEST ROAD,LOS ALAMOS,NM,87544,,,
373303,35.512049582775,-97.632265247764,https://geocoding.geo.census.gov/,"6800 NW 39TH EXPY, BETHANY, OK, 73008",6800 NW 39TH EXPRESSWAY,BETHANY,OK,73008,,,
320030,32.84867463721,-104.412669693106,https://geocoding.geo.census.gov/,"702 N 13TH ST, ARTESIA, NM, 88210",702 N 13TH STREET,ARTESIA,NM,88210,,,
373300,35.232713355583,-97.411822567882,https://geocoding.geo.census.gov/,"2002 E ROBINSON ST, NORMAN, OK, 73071",2002 EAST ROBINSON,NORMAN,OK,73071,,,
330059,40.879986609331,-73.880738718171,https://geocoding.geo.census.gov/,"111 E 210TH ST, BRONX, NY, 10467",111 EAST 210TH STREET,BRONX,NY,10467,,,
330055,40.747512408397,-73.826007483561,https://geocoding.geo.census.gov/,"56-45 MAIN ST, FLUSHING, NY, 11355",56-45 MAIN STREET,FLUSHING,NY,11355,,,
370037,35.477302274896,-97.524243619635,https://geocoding.geo.census.gov/,"1000 N LEE AVE, OKLAHOMA CITY, OK, 73102",1000 NORTH LEE AVENUE,OKLAHOMA CITY,OK,73101,,,
330056,40.689642270547,-73.972207447143,https://geocoding.geo.census.gov/,"121 DEKALB AVE, BROOKLYN, NY, 11205",121 DEKALB AVENUE,BROOKLYN,NY,11201,,,
380082,45.449600339912,-122.629701806366,https://geocoding.geo.census.gov/,"10150 SE 32ND AVE, MILWAUKIE, OR, 97222",10150 SE 32ND AVENUE,MILWAUKIE,OR,97222,,,
330057,42.670998371296,-73.786483754111,https://geocoding.geo.census.gov/,"315 MANNING BLVD, ALBANY, NY, 12206",315 SOUTH MANNING BOULEVARD,ALBANY,NY,12208,,,
370039,36.32190806615,-95.60521888218,https://geocoding.geo.census.gov/,"1202 N MUSKOGEE PL, CLAREMORE, OK, 74017",1202 N MUSKOGEE PLACE,CLAREMORE,OK,74017,,,
330058,42.875755062761,-76.988180176202,https://geocoding.geo.census.gov/,"198 NORTH ST, GENEVA, NY, 14456",196 -198 NORTH STREET,GENEVA,NY,14456,,,
360003,39.1366769754,-84.503724630795,https://geocoding.geo.census.gov/,"3188 BELLEVUE AVE, CINCINNATI, OH, 45219",3188 BELLEVUE AVENUE,CINCINNATI,OH,45219,,,
360245,41.672784434523,-80.856696169435,https://geocoding.geo.census.gov/,"2863 STATE RTE 45, ROCK CREEK, OH, 44084",2863 STATE ROUTE 45,ROCK CREEK,OH,44084,,,
361335,40.088179889835,-84.635019380669,https://geocoding.geo.census.gov/,"835 SWEITZER ST, GREENVILLE, OH, 45331",835 SWEITZER ST,GREENVILLE,OH,45331,,,
361334,39.116422879253,-83.005765628161,https://geocoding.geo.census.gov/,"100 DAWN LN, WAVERLY, OH, 45690",100 DAWN LANE,WAVERLY,OH,45690,,,
380075,42.339479427808,-122.861116480222,https://geocoding.geo.census.gov/,"1111 CRATER LAKE AVE, MEDFORD, OR, 97504",1111 CRATER LAKE AVENUE,MEDFORD,OR,97504,,,
360001,39.084590625842,-84.351349548645,https://geocoding.geo.census.gov/,"7500 STATE RD, CINCINNATI, OH, 45255",7500 STATE ROAD,CINCINNATI,OH,45255,,,
361333,41.540128311071,-84.134209327284,https://geocoding.geo.census.gov/,"725 S SHOOP AVE, WAUSEON, OH, 43567",725 SOUTH SHOOP AVENUE,WAUSEON,OH,43567,,,
330065,43.093465585033,-79.050348740708,https://geocoding.geo.census.gov/,"621 10TH ST, NIAGARA FALLS, NY, 14301",621 TENTH STREET,NIAGARA FALLS,NY,14302,,,
360002,40.858966176663,-82.310461976249,https://geocoding.geo.census.gov/,"1025 CENTER ST, ASHLAND, OH, 44805",1025 CENTER ST,ASHLAND,OH,44805,,,
361332,39.222466689367,-83.609138459317,https://geocoding.geo.census.gov/,"1275 N HIGH ST, HILLSBORO, OH, 45133",1275 NORTH HIGH STREET,HILLSBORO,OH,45133,,,
361331,39.547285743481,-83.426646732349,https://geocoding.geo.census.gov/,"1430 COLUMBUS AVE, WASHINGTON COURT HOUSE, OH, 43160",1430 COLUMBUS AVENUE,WASHINGTON CH,OH,43160,,,
330060,43.986235462055,-75.594813433316,https://geocoding.geo.census.gov/,"1001 WEST ST, CARTHAGE, NY, 13619",1001 WEST ST,CARTHAGE,NY,13619,,,
340098,35.090723226514,-80.869927058776,https://geocoding.geo.census.gov/,"10628 PARK RD, CHARLOTTE, NC, 28210",10628 PARK RD,CHARLOTTE,NC,28210,,,
360009,40.735947733565,-84.088158930208,https://geocoding.geo.census.gov/,"1001 BELLFONTAINE AVE, LIMA, OH, 45804",1001 BELLEFONTAINE AVENUE,LIMA,OH,45804,,,
340099,36.285153689021,-76.994016450013,https://geocoding.geo.census.gov/,"500 S ACADEMY ST, AHOSKIE, NC, 27910",500 S ACADEMY ST,AHOSKIE,NC,27910,,,
360008,38.75337241875,-82.978267490042,https://geocoding.geo.census.gov/,"1805 27TH ST, PORTSMOUTH, OH, 45662",1805 27TH STREET,PORTSMOUTH,OH,45662,,,
360006,40.031811204532,-83.031224201721,https://geocoding.geo.census.gov/,"3535 OLENTANGY RIVER RD, COLUMBUS, OH, 43214",3535 OLENTANGY RIVER RD,COLUMBUS,OH,43214,,,
351304,47.517966014973,-100.894136280665,https://geocoding.geo.census.gov/,"220 5TH AVE, TURTLE LAKE, ND, 58575",220 5TH AVE W,TURTLE LAKE,ND,58575,,,
351307,48.829276264576,-100.449225737918,https://geocoding.geo.census.gov/,"316 OHMER ST, BOTTINEAU, ND, 58318",316 OHMER STREET,BOTTINEAU,ND,58318,,,
340091,36.091024757685,-79.788736974362,https://geocoding.geo.census.gov/,"1200 N ELM ST, GREENSBORO, NC, 27401",1200 N ELM ST,GREENSBORO,NC,27401,,,
340096,35.805433679333,-80.288531946155,https://geocoding.geo.census.gov/,"250 HOSPITAL DR, LEXINGTON, NC, 27295",250 HOSPITAL DRIVE PO BOX 1817,LEXINGTON,NC,27293,,,
351309,47.501595905581,-97.317300689458,https://geocoding.geo.census.gov/,"42 6TH AVE SE, MAYVILLE, ND, 58257",42 6TH AVENUE SE,MAYVILLE,ND,58257,,,
340097,36.262511298888,-80.838202539048,https://geocoding.geo.census.gov/,"180 PARKWOOD DR, ELKIN, NC, 28621",180 PARKWOOD DR,ELKIN,NC,28621,,,
351308,47.765675090005,-98.177411035964,https://geocoding.geo.census.gov/,"200 MAIN ST, MCVILLE, ND, 58254",200 N MAIN ST,MCVILLE,ND,58254,,,
330049,41.937598665423,-73.90913359097,https://geocoding.geo.census.gov/,"6511 SPRING BROOK AVE, RHINEBECK, NY, 12572",6511 SPRINGBROOK AVENUE,RHINEBECK,NY,12572,,,
330044,43.097297413082,-75.27467681428,https://geocoding.geo.census.gov/,"1656 CHAMPLIN AVE, UTICA, NY, 13502",1656 CHAMPLIN AVENUE,UTICA,NY,13503,,,
330286,40.695813461995,-73.294615518695,https://geocoding.geo.census.gov/,"1000 MONTAUK HWY, WEST ISLIP, NY, 11795",1000 MONTAUK HIGHWAY,WEST ISLIP,NY,11795,,,
351301,48.313362149447,-102.381153076676,https://geocoding.geo.census.gov/,"615 6TH ST SE, STANLEY, ND, 58784",615 6TH ST SE,STANLEY,ND,58784,,,
330045,40.880079939542,-73.417487765771,https://geocoding.geo.census.gov/,"270 PARK AVE, HUNTINGTON, NY, 11743",270 PARK AVENUE,HUNTINGTON,NY,11743,,,
351300,48.402395703804,-102.934740954951,https://geocoding.geo.census.gov/,"810 WELO ST N, TIOGA, ND, 58852",810 N WELO ST,TIOGA,ND,58852,,,
330046,40.770078272132,-73.987770672505,https://geocoding.geo.census.gov/,"1000 10TH AVE, NEW YORK, NY, 10019",1000 TENTH AVENUE,NEW YORK,NY,10019,,,
351303,47.648420483773,-101.410365162124,https://geocoding.geo.census.gov/,"407 3RD AVE SE, GARRISON, ND, 58540",407 3RD AVE SE,GARRISON,ND,58540,,,
36001F,41.512622027436,-81.613367945091,https://geocoding.geo.census.gov/,"10701 EAST BLVD, CLEVELAND, OH, 44106",10701 EAST BLVD,CLEVELAND,OH,44106,,,
330047,42.954082540234,-74.217183401024,https://geocoding.geo.census.gov/,"427 GUY PARK AVE, AMSTERDAM, NY, 12010",427 GUY PARK AVENUE,AMSTERDAM,NY,12010,,,
351302,47.804632455795,-103.272257412228,https://geocoding.geo.census.gov/,"709 4TH AVE NE, WATFORD CITY, ND, 58854",709 4TH AVE NE,WATFORD CITY,ND,58854,,,
360014,39.328793289341,-82.11570534985,https://geocoding.geo.census.gov/,"55 HOSPITAL DR, ATHENS, OH, 45701",55 HOSPITAL DRIVE,ATHENS,OH,45701,,,
360012,40.11923690678,-82.948496910136,https://geocoding.geo.census.gov/,"500 S CLEVELAND AVE, WESTERVILLE, OH, 43081",500 SOUTH CLEVELAND AVENUE,WESTERVILLE,OH,43081,,,
360013,40.287941570895,-84.169627219175,https://geocoding.geo.census.gov/,"915 MICHIGAN ST, SIDNEY, OH, 45365",915 WEST MICHIGAN STREET,SIDNEY,OH,45365,,,
360010,40.513847296863,-81.456434347895,https://geocoding.geo.census.gov/,"659 BOULEVARD ST, DOVER, OH, 44622",659 BOULEVARD,DOVER,OH,44622,,,
360011,40.572095047793,-83.129789471661,https://geocoding.geo.census.gov/,"1000 MCKINLEY PARK DR, MARION, OH, 43302",1000 MCKINLEY PARK DRIVE,MARION,OH,43302,,,
340087,35.663407743581,-82.027708783376,https://geocoding.geo.census.gov/,"430 RANKIN DR, MARION, NC, 28752",430 RANKIN DRIVE P O BOX 730,MARION,NC,28752,,,
360016,39.206865104329,-84.381782645311,https://geocoding.geo.census.gov/,"4777 E GALBRAITH RD, CINCINNATI, OH, 45236",4777 EAST GALBRAITH ROAD,CINCINNATI,OH,45236,,,
360017,39.961126392759,-82.990717637342,https://geocoding.geo.census.gov/,"111 S GRANT AVE, COLUMBUS, OH, 43215",111 SOUTH GRANT AVENUE,COLUMBUS,OH,43215,,,
360259,41.619577318645,-83.479989757897,https://geocoding.geo.census.gov/,"2801 BAY PARK DR, OREGON, OH, 43616",2801 BAY PARK DRIVE,OREGON,OH,43616,,,
351316,48.861841988074,-99.615076230195,https://geocoding.geo.census.gov/,"213 2ND AVE NE, ROLLA, ND, 58367",213 SECOND AVE NE,ROLLA,ND,58367,,,
320011,35.997066297197,-106.085952269538,https://geocoding.geo.census.gov/,"1010 SPRUCE ST, ESPANOLA, NM, 87532",1010 SPRUCE STREET,ESPANOLA,NM,87532,,,
351315,46.146128090099,-98.090434020175,https://geocoding.geo.census.gov/,"1200 N 7TH ST, OAKES, ND, 58474",1200 N 7TH ST,OAKES,ND,58474,,,
370056,34.608920448677,-98.434330568283,https://geocoding.geo.census.gov/,"3401 W GORE BLVD, LAWTON, OK, 73505",3401 WEST GORE BLVD,LAWTON,OK,73505,,,
370057,35.6104232947,-95.953230604809,https://geocoding.geo.census.gov/,"1401 MORRIS DR, OKMULGEE, OK, 74447",1401 MORRIS DRIVE,OKMULGEE,OK,74447,,,
340085,35.881669969104,-80.109271967383,https://geocoding.geo.census.gov/,"207 OLD LEXINGTON RD, THOMASVILLE, NC, 27360",207 OLD LEXINGTON RD BOX 789,THOMASVILLE,NC,27360,,,
340084,34.978464693271,-80.110908744645,https://geocoding.geo.census.gov/,"2301 US HWY 74, WADESBORO, NC, 28170",2301 US HIGHWAY 74 WEST,WADESBORO,NC,28170,,,
370054,35.047764738321,-97.962326588208,https://geocoding.geo.census.gov/,"2220 W IOWA AVE, CHICKASHA, OK, 73018",2220 IOWA STREET,CHICKASHA,OK,73018,,,
330279,42.848248991469,-78.812502638573,https://geocoding.geo.census.gov/,"565 ABBOTT RD, BUFFALO, NY, 14220",565 ABBOTT ROAD,BUFFALO,NY,14220,,,
360270,41.282824651897,-84.341628989482,https://geocoding.geo.census.gov/,"1404 E 2ND ST, DEFIANCE, OH, 43512",1404 EAST SECOND STREET,DEFIANCE,OH,43512,,,
351310,47.299372474185,-101.611451876368,https://geocoding.geo.census.gov/,"510 8TH AVE NE, HAZEN, ND, 58545",510 8TH AVENUE NE,HAZEN,ND,58545,,,
330033,42.541025977225,-75.524702228486,https://geocoding.geo.census.gov/,"179 N BROAD ST, NORWICH, NY, 13815",179 NORTH BROAD STREET,NORWICH,NY,13815,,,
330276,43.068083290204,-74.330755814055,https://geocoding.geo.census.gov/,"99 E STATE ST, GLOVERSVILLE, NY, 12078",99 EAST STATE STREET,GLOVERSVILLE,NY,12078,,,
351311,46.437501897432,-97.681343549924,https://geocoding.geo.census.gov/,"905 MAIN ST, LISBON, ND, 58054",905 MAIN ST,LISBON,ND,58054,,,
351314,46.40638479568,-101.842096802703,https://geocoding.geo.census.gov/,"601 EAST ST N, ELGIN, ND, 58533",601 EAST ST N,ELGIN,ND,58533,,,
351313,46.184290533402,-103.406718425654,https://geocoding.geo.census.gov/,"802 2ND ST NW, BOWMAN, ND, 58623",802 2ND ST NW,BOWMAN,ND,58623,,,
360025,41.445738913619,-82.70907900712,https://geocoding.geo.census.gov/,"1111 HAYES AVE, SANDUSKY, OH, 44870",1111 HAYES AVENUE,SANDUSKY,OH,44870,,,
360026,39.699700667471,-83.928588090119,https://geocoding.geo.census.gov/,"1141 N MONROE DR, XENIA, OH, 45385",1141 NORTH MONROE DRIVE,XENIA,OH,45385,,,
330043,40.72488915165,-73.241014171983,https://geocoding.geo.census.gov/,"301 E MAIN ST, BAY SHORE, NY, 11706",301 EAST MAIN STREET,BAY SHORE,NY,11706,,,
330285,43.124314166138,-77.624771443954,https://geocoding.geo.census.gov/,"601 ELMWOOD AVE, ROCHESTER, NY, 14620",601 ELMWOOD AVE,ROCHESTER,NY,14642,,,
360266,40.086302419799,-82.788898006505,https://geocoding.geo.census.gov/,"7333 SMITH'S MILL RD, NEW ALBANY, OH, 43054",7333 SMITH'S MILL ROAD,NEW ALBANY,OH,43054,,,
360263,40.697479068651,-84.088629831081,https://geocoding.geo.census.gov/,"801 MEDICAL DR, LIMA, OH, 45804","801 MEDICAL DRIVE, SUITE B",LIMA,OH,45804,,,
320009,35.085645309822,-106.640449508979,https://geocoding.geo.census.gov/,"601 DR MARTIN LUTHER KING JR AVE NE, ALBUQUERQUE, NM, 87102",601 DR MARTIN LUTHER KING JR AVE NE,ALBUQUERQUE,NM,87102,,,
320005,36.724261339658,-108.215629270049,https://geocoding.geo.census.gov/,"801 W MAPLE ST, FARMINGTON, NM, 87401",801 WEST MAPLE STREET,FARMINGTON,NM,87401,,,
320006,33.42334956453,-104.527523747704,https://geocoding.geo.census.gov/,"405 W COUNTRY CLUB RD, ROSWELL, NM, 88201",405 W COUNTRY CLUB ROAD,ROSWELL,NM,88201,,,
360029,41.373870648211,-83.666013652039,https://geocoding.geo.census.gov/,"950 W WOOSTER ST, BOWLING GREEN, OH, 43402",950 WEST WOOSTER STREET,BOWLING GREEN,OH,43402,,,
320004,32.92564853209,-105.932755208827,https://geocoding.geo.census.gov/,"2669 SCENIC DR, ALAMOGORDO, NM, 88310",2669 SCENIC DRIVE,ALAMOGORDO,NM,88310,,,
320001,35.087534016264,-106.616417967035,https://geocoding.geo.census.gov/,"2211 LOMAS BLVD NE, ALBUQUERQUE, NM, 87106",2211 LOMAS BOULEVARD NE,ALBUQUERQUE,NM,87106,,,
340070,36.064200964052,-79.501815414088,https://geocoding.geo.census.gov/,"1240 HUFFMAN MILL RD, BURLINGTON, NC, 27215",1240 HUFFMAN MILL RD,BURLINGTON,NC,27216,,,
351327,47.767623527822,-99.932137000575,https://geocoding.geo.census.gov/,"325 BREWSTER ST E, HARVEY, ND, 58341",325 E BREWSTER ST,HARVEY,ND,58341,,,
351326,48.399278694966,-97.743748816926,https://geocoding.geo.census.gov/,"115 VIVIAN ST, PARK RIVER, ND, 58270",115 VIVIAN ST,PARK RIVER,ND,58270,,,
370089,35.915297555967,-94.949916397231,https://geocoding.geo.census.gov/,"1400 E DOWNING ST, TAHLEQUAH, OK, 74464",1400 EAST DOWNING STREET,TAHLEQUAH,OK,74465,,,
351329,47.403539834647,-97.056609362006,https://geocoding.geo.census.gov/,"12 3RD ST SE, HILLSBORO, ND, 58045",12 THIRD STREET SE,HILLSBORO,ND,58045,,,
351328,46.271792054283,-100.233241199925,https://geocoding.geo.census.gov/,"111 W ELM AVE, LINTON, ND, 58552",111 ELM AVE W,LINTON,ND,58552,,,
340075,35.724153977007,-81.658775031788,https://geocoding.geo.census.gov/,"2201 S STERLING ST, MORGANTON, NC, 28655",2201 S STERLING ST,MORGANTON,NC,28655,,,
330027,40.725299374809,-73.555687701801,https://geocoding.geo.census.gov/,"2201 HEMPSTEAD TPKE, EAST MEADOW, NY, 11554",2201 HEMPSTEAD TURNPIKE,EAST MEADOW,NY,11554,,,
360040,40.401747071316,-82.449365836637,https://geocoding.geo.census.gov/,"1330 COSHOCTON RD, MOUNT VERNON, OH, 43050",1330 COSHOCTON ROAD,MOUNT VERNON,OH,43050,,,
330028,40.635049466417,-74.106531452375,https://geocoding.geo.census.gov/,"355 BARD AVE, STATEN ISLAND, NY, 10310",355 BARD AVENUE,STATEN ISLAND,NY,10310,,,
351321,46.255166282493,-99.551683651903,https://geocoding.geo.census.gov/,"1007 4TH AVE S, WISHEK, ND, 58495",1007 4TH AVE S,WISHEK,ND,58495,,,
351320,48.411409222048,-97.414327525338,https://geocoding.geo.census.gov/,"164 W 13TH ST, GRAFTON, ND, 58237",164 W 13TH STREET,GRAFTON,ND,58237,,,
330264,41.503657835627,-74.015096958599,https://geocoding.geo.census.gov/,"70 DUBOIS ST, NEWBURGH, NY, 12550",70 DUBOIS STREET,NEWBURGH,NY,12550,,,
351323,48.761303204712,-98.366606466933,https://geocoding.geo.census.gov/,"909 2ND ST, LANGDON, ND, 58249",909 2ND ST,LANGDON,ND,58249,,,
330023,41.694450973652,-73.93530733755,https://geocoding.geo.census.gov/,"45 READE PL, POUGHKEEPSIE, NY, 12601",45 READE PLACE,POUGHKEEPSIE,NY,12601,,,
330265,42.960536718884,-77.13859038656,https://geocoding.geo.census.gov/,"2 COULTER RD, CLIFTON SPRINGS, NY, 14432",2 COULTER ROAD,CLIFTON SPRINGS,NY,14432,,,
351322,46.03967760993,-99.371783782133,https://geocoding.geo.census.gov/,"612 CENTER AVE N, ASHLEY, ND, 58413",612 CENTER AVENUE N,ASHLEY,ND,58413,,,
330024,40.790491979726,-73.953785645448,https://geocoding.geo.census.gov/,"1 GUSTAVE L LEVY PL, NEW YORK, NY, 10029",ONE GUSTAVE L LEVY PLACE,NEW YORK,NY,10029,,,
351325,48.906829412374,-103.298297706819,https://geocoding.geo.census.gov/,"702 1ST ST SW, CROSBY, ND, 58730",702 1ST ST SW,CROSBY,ND,58730,,,
330267,41.291450117237,-73.892001223947,https://geocoding.geo.census.gov/,"1980 CROMPOND RD, CORTLANDT MANOR, NY, 10567",1980 CROMPOND ROAD,CORTLANDT MANOR,NY,10567,,,
351324,46.927872161609,-97.995217357249,https://geocoding.geo.census.gov/,"570 CHAUTAUQUA BLVD, VALLEY CITY, ND, 58072",570 CHAUTAUQUA BLVD,VALLEY CITY,ND,58072,,,
360036,40.820921154965,-81.934162584309,https://geocoding.geo.census.gov/,"1761 BEALL AVE, WOOSTER, OH, 44691",1761 BEALL AVENUE,WOOSTER,OH,44691,,,
363305,39.952230618319,-82.979597470837,https://geocoding.geo.census.gov/,"700 CHILDRENS DR, COLUMBUS, OH, 43205",700 CHILDREN'S DRIVE,COLUMBUS,OH,43205,,,
330030,43.059584668382,-77.100796595385,https://geocoding.geo.census.gov/,"1200 DRIVING PARK AVE, NEWARK, NY, 14513",1200 DRIVING PARK AVENUE,NEWARK,NY,14513,,,
363306,39.774171052369,-84.169704733761,https://geocoding.geo.census.gov/,"1 CHILDRENS PLZ, DAYTON, OH, 45404",1 CHILDRENS PLZ,DAYTON,OH,45404,,,
330273,41.38474589439,-73.664412571009,https://geocoding.geo.census.gov/,"670 STONELEIGH AVE, CARMEL, NY, 10512",670 STONELEIGH AVENUE,CARMEL,NY,10512,,,
360276,40.995261816388,-80.662664943188,https://geocoding.geo.census.gov/,"8401 MARKET ST, BOARDMAN, OH, 44512",8401 MARKET STREET,BOARDMAN,OH,44512,,,
360035,39.979071075282,-82.84482872281,https://geocoding.geo.census.gov/,"6001 E BROAD ST, COLUMBUS, OH, 43213",6001 EAST BROAD STREET,COLUMBUS,OH,43213,,,
363308,39.774171052369,-84.169704733761,https://geocoding.geo.census.gov/,"1 CHILDRENS PLZ, DAYTON, OH, 45404","1 CHILDREN'S PLAZA, 2 WEST",DAYTON,OH,45404,,,
321309,32.261202721878,-107.769397764153,https://geocoding.geo.census.gov/,"900 W ASH ST, DEMING, NM, 88030",900 W Ash Street,DEMING,NM,88031,,,
360032,40.543477636576,-84.370185217984,https://geocoding.geo.census.gov/,"200 ST CLAIR AVE, SAINT MARYS, OH, 45885",200 SAINT CLAIR STREET,SAINT MARYS,OH,45885,,,
363309,41.668610751306,-83.541909294684,https://geocoding.geo.census.gov/,"2213 CHERRY ST, TOLEDO, OH, 43608",2213 CHERRY STREET,TOLEDO,OH,43608,,,
321307,36.863292908348,-104.443177871196,https://geocoding.geo.census.gov/,"203 HOSPITAL DR, RATON, NM, 87740",203 HOSPITAL DRIVE,RATON,NM,87740,,,
321308,35.161241020728,-107.827448772666,https://geocoding.geo.census.gov/,"1016 ROOSEVELT AVE, GRANTS, NM, 87020",1016 E ROOSEVELT AVENUE,GRANTS,NM,87020,,,
330270,40.765283942127,-73.953928512781,https://geocoding.geo.census.gov/,"535 E 70TH ST, NEW YORK, NY, 10021",535 EAST 70TH STREET,NEW YORK,NY,10021,,,
321305,32.964937305597,-103.348532703809,https://geocoding.geo.census.gov/,"1600 N MAIN AVE, LOVINGTON, NM, 88260",1600 NORTH MAIN AVE,LOVINGTON,NM,88260,,,
370091,36.07507559145,-95.922070170828,https://geocoding.geo.census.gov/,"6161 S YALE AVE, TULSA, OK, 74136",6161 SOUTH YALE,TULSA,OK,74136,,,
321306,33.323123053578,-105.630324786939,https://geocoding.geo.census.gov/,"211 SUDDERTH DR, RUIDOSO, NM, 88345",211 SUDDERTH DRIVE,RUIDOSO,NM,88345,,,
340068,34.338448693257,-78.695255333676,https://geocoding.geo.census.gov/,"500 JEFFERSON ST, WHITEVILLE, NC, 28472",500 JEFFERSON ST,WHITEVILLE,NC,28472,,,
370093,35.482289267485,-97.502778302241,https://geocoding.geo.census.gov/,"700 NE 13TH ST, OKLAHOMA CITY, OK, 73104",700 NE 13TH STREET,OKLAHOMA CITY,OK,73104,,,
321304,36.455080498798,-103.193269272219,https://geocoding.geo.census.gov/,"300 WILSON ST, CLAYTON, NM, 88415",300 WILSON STREET,CLAYTON,NM,88415,,,
363300,39.141242020784,-84.500437087888,https://geocoding.geo.census.gov/,"3333 BURNET AVE, CINCINNATI, OH, 45229",3333 BURNET AVENUE,CINCINNATI,OH,45229,,,
370094,35.46606361914,-97.39324070311,https://geocoding.geo.census.gov/,"2825 PARKLAWN DR, MIDWEST CITY, OK, 73110",2825 PARKLAWN DRIVE,MIDWEST CITY,OK,73110,,,
321301,34.042653985618,-106.909265226122,https://geocoding.geo.census.gov/,"1202 US HWY 60, SOCORRO, NM, 87801",1202 HIGHWAY 60 WEST,SOCORRO,NM,87801,,,
321302,35.156323314377,-103.723478421284,https://geocoding.geo.census.gov/,"301 E MIEL DE LUNA AVE, TUCUMCARI, NM, 88401",301 EAST MIEL DE LUNA AVENUE,TUCUMCARI,NM,88401,,,
363302,41.506590402617,-81.608003044736,https://geocoding.geo.census.gov/,"11100 EUCLID AVE, CLEVELAND, OH, 44106",11100 EUCLID AVENUE,CLEVELAND,OH,44106,,,
384008,44.939881033195,-123.003471504138,https://geocoding.geo.census.gov/,"2600 CENTER ST NE, SALEM, OR, 97301",2600 CENTER STREET NE,SALEM,OR,97310,,,
340069,35.785826556019,-78.589300197869,https://geocoding.geo.census.gov/,"3000 NEW BERN AVE, RALEIGH, NC, 27610",3000 NEW BERN AVE,RALEIGH,NC,27610,,,
321300,33.139105682585,-107.243340923046,https://geocoding.geo.census.gov/,"800 E 9TH AVE, T OR C, NM, 87901",800 EAST 9TH AVENUE,T OR C,NM,87901,,,
360039,39.976664979915,-82.015323946193,https://geocoding.geo.census.gov/,"2951 MAPLE AVE, ZANESVILLE, OH, 43701",2951 MAPLE AVENUE,ZANESVILLE,OH,43701,,,
363304,41.481689700716,-81.609689488643,https://geocoding.geo.census.gov/,"2801 MARTIN LUTHER KING JR DR, CLEVELAND, OH, 44104","2801 MARTIN LUTHER KING, JR DRIVE",CLEVELAND,OH,44104,,,
350006,48.232536990117,-101.288360955019,https://geocoding.geo.census.gov/,"407 3RD ST SE, MINOT, ND, 58701",407 3RD ST SE,MINOT,ND,58701,,,
340060,36.493505337659,-79.738759702541,https://geocoding.geo.census.gov/,"117 E KINGS HWY, EDEN, NC, 27288",117 E KINGS HIGHWAY,EDEN,NC,27288,,,
370078,36.146907618972,-96.000000705119,https://geocoding.geo.census.gov/,"744 W 9TH ST, TULSA, OK, 74127",744 WEST 9TH STREET,TULSA,OK,74127,,,
330019,40.61383572529,-73.94808303235,https://geocoding.geo.census.gov/,"2525 KINGS HWY, BROOKLYN, NY, 11229",2525 KINGS HIGHWAY,BROOKLYN,NY,11229,,,
340064,36.158534572168,-81.157053563689,https://geocoding.geo.census.gov/,"1370 W D ST, NORTH WILKESBORO, NC, 28659",1370 WEST D ST,NORTH WILKESBORO,NC,28659,,,
340061,35.903081917912,-79.050307186562,https://geocoding.geo.census.gov/,"101 MANNING DR, CHAPEL HILL, NC, 27514",101 MANNING DRIVE,CHAPEL HILL,NC,27514,,,
351330,46.001246997099,-102.629472532685,https://geocoding.geo.census.gov/,"1000 US HWY 12, HETTINGER, ND, 58639",1000 HIGHWAY 12,HETTINGER,ND,58639,,,
360051,39.743776824427,-84.187422443561,https://geocoding.geo.census.gov/,"1 WYOMING ST, DAYTON, OH, 45409",ONE WYOMING STREET,DAYTON,OH,45409,,,
351332,48.363273953682,-99.996195039107,https://geocoding.geo.census.gov/,"800 S MAIN AVE, RUGBY, ND, 58368",800 S MAIN AVE,RUGBY,ND,58368,,,
351331,48.493810031565,-99.207852168051,https://geocoding.geo.census.gov/,"228 1ST ST, CANDO, ND, 58324",228 1ST AVE,CANDO,ND,58324,,,
330011,42.092683021595,-75.936020591633,https://geocoding.geo.census.gov/,"169 RIVERSIDE DR, BINGHAMTON, NY, 13905",169 RIVERSIDE DRIVE,BINGHAMTON,NY,13905,,,
350002,46.806460628683,-100.778448338111,https://geocoding.geo.census.gov/,"900 E BROADWAY AVE, BISMARCK, ND, 58501",900 E BROADWAY,BISMARCK,ND,58501,,,
351334,48.155067100286,-103.645498753807,https://geocoding.geo.census.gov/,"1301 15TH AVE W, WILLISTON, ND, 58801",1301 15TH AVE W,WILLISTON,ND,58801,,,
351333,48.114842535007,-98.850594157251,https://geocoding.geo.census.gov/,"1031 7TH ST NE, DEVILS LAKE, ND, 58301",1031 7TH ST NE,DEVILS LAKE,ND,58301,,,
330013,42.652792406989,-73.780932973139,https://geocoding.geo.census.gov/,"43 NEW SCOTLAND AVE, ALBANY, NY, 12208","43 NEW SCOTLAND AVENUE, MAIL CODE 34",ALBANY,NY,12208,,,
351336,46.887268444785,-102.819566535561,https://geocoding.geo.census.gov/,"2500 FAIRWAY ST, DICKINSON, ND, 58601",2500 FAIRWAY STREET,DICKINSON,ND,58601,,,
330014,40.701400987239,-73.816309019514,https://geocoding.geo.census.gov/,"89TH AVE & VAN WYCK EXPY, JAMAICA, NY, 11418",89TH AVENUE AND VAN WYCK EXPRESSWAY,JAMAICA,NY,11418,,,
330261,41.103175822683,-73.860892655305,https://geocoding.geo.census.gov/,"701 N BROADWAY, SLEEPY HOLLOW, NY, 10591",701 NORTH BROADWAY,SLEEPY HOLLOW,NY,10591,,,
360048,41.619490022305,-83.620799997272,https://geocoding.geo.census.gov/,"3000 ARLINGTON AVE, TOLEDO, OH, 43614",3000 ARLINGTON AVENUE,TOLEDO,OH,43614,,,
360046,39.508806074106,-84.740924509955,https://geocoding.geo.census.gov/,"110 S POPLAR ST, OXFORD, OH, 45056",110 NORTH POPLAR STREET,OXFORD,OH,45056,,,
360041,41.382695978269,-81.73096574024,https://geocoding.geo.census.gov/,"7007 POWERS BLVD, PARMA, OH, 44129",7007 POWERS BOULEVARD,PARMA,OH,44129,,,
370083,34.231673297158,-95.615458696251,https://geocoding.geo.census.gov/,"510 E MAIN ST, ANTLERS, OK, 74523",510 EAST MAIN STREET,ANTLERS,OK,74523,,,
321313,35.50799216568,-108.727222043839,https://geocoding.geo.census.gov/,"1901 REDROCK DR, GALLUP, NM, 87301",1901 RED ROCK DRIVE,GALLUP,NM,87301,,,
321311,32.795505556908,-108.261524961251,https://geocoding.geo.census.gov/,"1313 E 32ND ST, SILVER CITY, NM, 88061",1313 E 32ND ST,SILVER CITY,NM,88061,,,
33025F,41.398935500382,-73.982249532283,https://geocoding.geo.census.gov/,"900 WASHINGTON RD, WEST POINT, NY, 10996",900 Washington Rd,West Point,NY,10996,,,
350019,47.910203646287,-97.066538984897,https://geocoding.geo.census.gov/,"1200 S COLUMBIA RD, GRAND FORKS, ND, 58201",1200 S  COLUMBIA RD,GRAND FORKS,ND,58201,,,
330009,40.831748955379,-73.903664079988,https://geocoding.geo.census.gov/,"1276 FULTON AVE, BRONX, NY, 10456",1276 FULTON AVENUE,BRONX,NY,10456,,,
340053,35.212900124959,-80.825498836613,https://geocoding.geo.census.gov/,"200 HAWTHORNE LN, CHARLOTTE, NC, 28204",200 HAWTHORNE LANE BOX 33549,CHARLOTTE,NC,28233,,,
340050,34.636506002126,-79.010610487818,https://geocoding.geo.census.gov/,"300 W 27TH ST, LUMBERTON, NC, 28358",300 W 27 ST  PO BOX 1408,LUMBERTON,NC,28359,,,
340051,36.196815752651,-81.652486598693,https://geocoding.geo.census.gov/,"336 DEERFIELD RD, BOONE, NC, 28607",336 DEERFIELD ROAD,BOONE,NC,28607,,,
330246,40.947734223202,-73.060346563327,https://geocoding.geo.census.gov/,"200 BELLE TERRE RD, PORT JEFFERSON, NY, 11777",200 BELLE TERRE ROAD,PORT JEFFERSON,NY,11777,,,
330005,42.900397279937,-78.866517630894,https://geocoding.geo.census.gov/,"100 HIGH ST, BUFFALO, NY, 14203",100 HIGH STREET,BUFFALO,NY,14210,,,
330006,40.930067629978,-73.897605034114,https://geocoding.geo.census.gov/,"127 S BROADWAY, YONKERS, NY, 10701",127 SOUTH BROADWAY,YONKERS,NY,10701,,,
350011,46.884668967731,-96.787717213056,https://geocoding.geo.census.gov/,"801 BROADWAY, FARGO, ND, 58102",801 BROADWAY NORTH,FARGO,ND,58122,,,
350015,46.806957607836,-100.781650082654,https://geocoding.geo.census.gov/,"300 N 7TH ST, BISMARCK, ND, 58501",300 N 7TH ST,BISMARCK,ND,58506,,,
360058,40.479824546824,-84.638316951796,https://geocoding.geo.census.gov/,"800 W MAIN ST, COLDWATER, OH, 45828",800 WEST MAIN STREET,COLDWATER,OH,45828,,,
330250,44.700062604853,-73.466718013769,https://geocoding.geo.census.gov/,"75 BEEKMAN ST, PLATTSBURGH, NY, 12901",75 BEEKMAN STREET,PLATTSBURGH,NY,12901,,,
360059,41.462340268726,-81.699028343878,https://geocoding.geo.census.gov/,"2500 METROHEALTH DR, CLEVELAND, OH, 44109",2500 METROHEALTH DRIVE,CLEVELAND,OH,44109,,,
360056,39.311011972381,-84.518786331917,https://geocoding.geo.census.gov/,"3000 MACK RD, FAIRFIELD, OH, 45014",3000 MACK ROAD,FAIRFIELD,OH,45014,,,
360054,38.844446774494,-82.236670785491,https://geocoding.geo.census.gov/,"100 JACKSON PIKE, GALLIPOLIS, OH, 45631",100 JACKSON PIKE,GALLIPOLIS,OH,45631,,,
360055,41.236382018824,-80.799819473357,https://geocoding.geo.census.gov/,"1350 E MARKET ST, WARREN, OH, 44483",1350 EAST MARKET STREET,WARREN,OH,44482,,,
33024F,43.039379026466,-76.138106335712,https://geocoding.geo.census.gov/,"800 IRVING AVE, SYRACUSE, NY, 13210",800 IRVING AVE.,SYRACUSE,NY,13210,,,
340049,36.042471281603,-78.897362535809,https://geocoding.geo.census.gov/,"3916 BEN FRANKLIN BLVD, DURHAM, NC, 27704",3916 BEN FRANKLIN BOULEVARD,DURHAM,NC,27704,,,
370099,35.978861595696,-96.757126300039,https://geocoding.geo.census.gov/,"1027 E CHERRY ST, CUSHING, OK, 74023",1027 EAST CHERRY STREET,CUSHING,OK,74023,,,
330239,42.091580335089,-79.232969043653,https://geocoding.geo.census.gov/,"207 FOOTE AVE, JAMESTOWN, NY, 14701",207 FOOTE AVENUE,JAMESTOWN,NY,14701,,,
340041,35.911051852733,-81.536426934332,https://geocoding.geo.census.gov/,"321 MULBERRY ST SW, LENOIR, NC, 28645",321 MULBERRY ST SW,LENOIR,NC,28645,,,
340042,34.763049136644,-77.382819469815,https://geocoding.geo.census.gov/,"317 WESTERN BLVD, JACKSONVILLE, NC, 28546",317 WESTERN BOULEVARD,JACKSONVILLE,NC,28546,,,
36006F,39.805037344864,-84.035289390884,https://geocoding.geo.census.gov/,"4881 SUGAR MAPLE DR, WRIGHT PATTERSON AFB, OH, 45433",88 MDG 4881 Sugar Maple Dr,Wright-Patterson AFB,OH,45433,,,
340040,35.605892364285,-77.400914975112,https://geocoding.geo.census.gov/,"2100 STANTONSBURG RD, GREENVILLE, NC, 27834",2100 STANTONSBURG RD,GREENVILLE,NC,27834,,,
330235,42.940894700559,-76.56217900018,https://geocoding.geo.census.gov/,"17 LANSING ST, AUBURN, NY, 13021",17 LANSING STREET,AUBURN,NY,13021,,,
360072,39.717254964631,-82.576705145903,https://geocoding.geo.census.gov/,"401 N EWING ST, LANCASTER, OH, 43130",401 NORTH EWING STREET,LANCASTER,OH,43130,,,
360070,40.812666057114,-81.39695707635,https://geocoding.geo.census.gov/,"1320 MERCY DR NW, CANTON, OH, 44708",1320 MERCY DRIVE NW,CANTON,OH,44708,,,
360071,40.849975836208,-84.581329276415,https://geocoding.geo.census.gov/,"1250 S WASHINGTON ST, VAN WERT, OH, 45891",1250 S WASHINGTON STREET,VAN WERT,OH,45891,,,
330231,40.717489763577,-73.802240302213,https://geocoding.geo.census.gov/,"82-68 164TH PL, JAMAICA, NY, 11432",82-68 164TH STREET,JAMAICA,NY,11432,,,
331320,42.686275237455,-74.482927640051,https://geocoding.geo.census.gov/,"178 GRANDVIEW DR, COBLESKILL, NY, 12043",178 GRANDVIEW DRIVE,COBLESKILL,NY,12043,,,
331321,44.856847090827,-74.291920219295,https://geocoding.geo.census.gov/,"133 PARK ST, MALONE, NY, 12953","133 PARK STREET, PO BOX 729",MALONE,NY,12953,,,
330233,40.655240963941,-73.912205232655,https://geocoding.geo.census.gov/,"1 BROOKDALE PLZ, BROOKLYN, NY, 11212",1 BROOKDALE PLAZA,BROOKLYN,NY,11212,,,
331322,44.936811514734,-74.908379067524,https://geocoding.geo.census.gov/,"1 HOSPITAL DR, MASSENA, NY, 13662",1 HOSPITAL DRIVE,MASSENA,NY,13662,,,
330234,41.085903314409,-73.803452059428,https://geocoding.geo.census.gov/,"100 WOODS RD, VALHALLA, NY, 10595",100 WOODS RD,VALHALLA,NY,10595,,,
331323,42.728716289882,-78.13258655104,https://geocoding.geo.census.gov/,"400 S MAIN ST, WARSAW, NY, 14569",400 NORTH MAIN STREET,WARSAW,NY,14569,,,
330240,40.814889914682,-73.940197888596,https://geocoding.geo.census.gov/,"506 LENOX AVE, NEW YORK, NY, 10037",506 LENOX AVENUE,NEW YORK,NY,10037,,,
330241,43.042622626061,-76.13981306953,https://geocoding.geo.census.gov/,"750 E ADAMS ST, SYRACUSE, NY, 13210",750 EAST ADAMS STREET,SYRACUSE,NY,13210,,,
360068,41.671474810195,-83.594059920743,https://geocoding.geo.census.gov/,"2142 N COVE BLVD, TOLEDO, OH, 43606",2142 NORTH COVE BOULEVARD,TOLEDO,OH,43606,,,
360065,41.226425585862,-82.602427907186,https://geocoding.geo.census.gov/,"272 BENEDICT AVE, NORWALK, OH, 44857",272 BENEDICT AVENUE,NORWALK,OH,44857,,,
360066,40.740108610424,-84.119202792264,https://geocoding.geo.census.gov/,"730 W MARKET ST, LIMA, OH, 45801",730 WEST MARKET STREET,LIMA,OH,45801,,,
384012,45.506396185685,-122.781597317282,https://geocoding.geo.census.gov/,"10300 SW EASTRIDGE ST, PORTLAND, OR, 97225",10300 SW EASTRIDGE STREET,PORTLAND,OR,97225,,,
360064,41.115213358948,-80.656138860638,https://geocoding.geo.census.gov/,"1044 BELMONT AVE, YOUNGSTOWN, OH, 44504",1044 BELMONT AVENUE,YOUNGSTOWN,OH,44501,,,
340032,35.274767695774,-81.138078193775,https://geocoding.geo.census.gov/,"2525 COURT DR, GASTONIA, NC, 28054",2525 COURT DR,GASTONIA,NC,28052,,,
340039,35.799138158182,-80.876864676466,https://geocoding.geo.census.gov/,"557 BROOKDALE DR, STATESVILLE, NC, 28677",557 BROOKDALE DR,STATESVILLE,NC,28677,,,
35002F,46.906143778408,-96.776783380876,https://geocoding.geo.census.gov/,"2101 ELM ST N, FARGO, ND, 58102",2101 ELM STREET,FARGO,ND,58102,,,
331317,43.795797238754,-75.498219573039,https://geocoding.geo.census.gov/,"7785 N STATE ST, LOWVILLE, NY, 13367",7785 NORTH STATE STREET,LOWVILLE,NY,13367,,,
340030,36.008131168514,-78.937380010286,https://geocoding.geo.census.gov/,"2301 ERWIN RD, DURHAM, NC, 27705",2301  ERWIN RD,DURHAM,NC,27705,,,
36007F,39.749329074671,-84.25318047029,https://geocoding.geo.census.gov/,"4100 W 3RD ST, DAYTON, OH, 45417",4100 WEST THIRD STREET,DAYTON,OH,45428,,,
330229,42.480793506987,-79.3338482081,https://geocoding.geo.census.gov/,"529 CENTRAL AVE, DUNKIRK, NY, 14048",529 CENTRAL AVENUE,DUNKIRK,NY,14048,,,
331318,43.986235462055,-75.594813433316,https://geocoding.geo.census.gov/,"1001 WEST ST, CARTHAGE, NY, 13619",1001 WEST STREET,CARTHAGE,NY,13619,,,
331319,43.22364845875,-78.397149895567,https://geocoding.geo.census.gov/,"200 OHIO ST, MEDINA, NY, 14103",200 OHIO STREET,MEDINA,NY,14103,,,
374000,35.225494795861,-97.432314527322,https://geocoding.geo.census.gov/,"900 E MAIN ST, NORMAN, OK, 73071",900 EAST MAIN STREET,NORMAN,OK,73070,,,
330224,41.922556149089,-73.999563250311,https://geocoding.geo.census.gov/,"105 MARYS AVE, KINGSTON, NY, 12401",105 MARY'S AVENUE,KINGSTON,NY,12401,,,
331313,42.351465979638,-76.859166977931,https://geocoding.geo.census.gov/,"220 STEUBEN ST, MONTOUR FALLS, NY, 14865",220 STEUBEN STREET,MONTOUR FALLS,NY,14865,,,
331314,42.670749877936,-77.059864946454,https://geocoding.geo.census.gov/,"418 N MAIN ST, PENN YAN, NY, 14527",418 NORTH MAIN STREET,PENN YAN,NY,14527,,,
360084,40.796804409174,-81.403574848751,https://geocoding.geo.census.gov/,"2600 6TH ST SW, CANTON, OH, 44710",2600 SIXTH STREET SW,CANTON,OH,44710,,,
330226,43.195558956438,-77.701511062391,https://geocoding.geo.census.gov/,"1555 LONG POND RD, ROCHESTER, NY, 14626",1555 LONG POND ROAD,ROCHESTER,NY,14626,,,
331315,44.338330038992,-75.474050079491,https://geocoding.geo.census.gov/,"77 W BARNEY ST, GOUVERNEUR, NY, 13642",77 WEST BARNEY STREET,GOUVERNEUR,NY,13642,,,
331316,42.813287068716,-75.542164082186,https://geocoding.geo.census.gov/,"150 BROAD ST, HAMILTON, NY, 13346",150 BROAD STREET,HAMILTON,NY,13346,,,
360082,41.596891199148,-81.547280036972,https://geocoding.geo.census.gov/,"18901 LAKESHORE BLVD, EUCLID, OH, 44119",18901 LAKE SHORE BOULEVARD,EUCLID,OH,44119,,,
330221,40.704911644208,-73.917336305222,https://geocoding.geo.census.gov/,"374 STOCKHOLM ST, BROOKLYN, NY, 11237",374 STOCKHOLM STREET,BROOKLYN,NY,11237,,,
331310,41.733038771115,-74.380395219436,https://geocoding.geo.census.gov/,"10 HEALTHY WAY, ELLENVILLE, NY, 12428",10 HEALTHY WAY,ELLENVILLE,NY,12428,,,
360080,40.097795117883,-80.721756966668,https://geocoding.geo.census.gov/,"90 N 4TH ST, MARTINS FERRY, OH, 43935",90 NORTH FOURTH STREET,MARTINS FERRY,OH,43935,,,
330222,43.084842906896,-73.796215623871,https://geocoding.geo.census.gov/,"211 CHURCH ST, SARATOGA SPRINGS, NY, 12866",211 CHURCH STREET,SARATOGA SPRINGS,NY,12866,,,
331311,43.043968482667,-74.847480896349,https://geocoding.geo.census.gov/,"140 BURWELL ST, LITTLE FALLS, NY, 13365",140 BURWELL STREET,LITTLE FALLS,NY,13365,,,
374008,34.602208518972,-98.439624035417,https://geocoding.geo.census.gov/,"602 SW 38TH ST, LAWTON, OK, 73505",602 SOUTHWEST 38TH STREET,LAWTON,OK,73505,,,
331312,42.164433710106,-75.128606491816,https://geocoding.geo.census.gov/,"1 TITUS PL, WALTON, NY, 13856",1 TITUS PLACE,WALTON,NY,13856,,,
360078,41.176081013389,-81.245765387116,https://geocoding.geo.census.gov/,"6847 N CHESTNUT ST, RAVENNA, OH, 44266",6847 N CHESTNUT,RAVENNA,OH,44266,,,
360079,39.698581998374,-84.190530241215,https://geocoding.geo.census.gov/,"3535 SOUTHERN BLVD, KETTERING, OH, 45429",3535 SOUTHERN BOULEVARD,KETTERING,OH,45429,,,
360076,39.496405287659,-84.31581806702,https://geocoding.geo.census.gov/,"1 MEDICAL CENTER DR, FRANKLIN, OH, 45005",ONE MEDICAL CENTER DRIVE,FRANKLIN,OH,45005,,,
360077,41.450936243828,-81.823449644577,https://geocoding.geo.census.gov/,"18101 LORAIN AVE, CLEVELAND, OH, 44111",18101 LORAIN AVENUE,CLEVELAND,OH,44111,,,
360075,41.508690791057,-81.193530638739,https://geocoding.geo.census.gov/,"13207 RAVENNA RD, CHARDON, OH, 44024",13207 RAVENNA ROAD,CHARDON,OH,44024,,,
340023,35.39075440365,-82.488612680856,https://geocoding.geo.census.gov/,"100 HOSPITAL DR, HENDERSONVILLE, NC, 28792",100 HOSPITAL DRIVE,HENDERSONVILLE,NC,28792,,,
340024,35.008243975335,-78.323923768405,https://geocoding.geo.census.gov/,"607 BEAMAN ST, CLINTON, NC, 28328",607 BEAMAN ST,CLINTON,NC,28328,,,
340021,35.301573260434,-81.536517726675,https://geocoding.geo.census.gov/,"201 E GROVER ST, SHELBY, NC, 28150",201 E GROVER ST,SHELBY,NC,28150,,,
340027,35.290134882336,-77.580498960772,https://geocoding.geo.census.gov/,"100 AIRPORT RD, KINSTON, NC, 28501",100 AIRPORT RD,KINSTON,NC,28501,,,
340028,35.032750511084,-78.93130367955,https://geocoding.geo.census.gov/,"1638 OWEN DR, FAYETTEVILLE, NC, 28304",1638 OWEN DRIVE P O BOX 2000,FAYETTEVILLE,NC,28302,,,
330218,43.454908313815,-76.51651731271,https://geocoding.geo.census.gov/,"110 W 6TH ST, OSWEGO, NY, 13126",110 WEST SIXTH STREET,OSWEGO,NY,13069,,,
340020,35.470098005471,-79.188482537405,https://geocoding.geo.census.gov/,"1135 CARTHAGE ST, SANFORD, NC, 27330",1135 CARTHAGE ST,SANFORD,NC,27330,,,
330219,42.926458376317,-78.829223343283,https://geocoding.geo.census.gov/,"462 GRIDER ST, BUFFALO, NY, 14215",462 GRIDER STREET,BUFFALO,NY,14215,,,
331309,44.33730462644,-75.919978551512,https://geocoding.geo.census.gov/,"4 FULLER ST, ALEXANDRIA BAY, NY, 13607",4 FULLER STREET,ALEXANDRIA BAY,NY,13607,,,
36008F,39.389306382196,-83.012355799842,https://geocoding.geo.census.gov/,"17273 STATE RTE 104, CHILLICOTHE, OH, 45601",17273 STATE ROUTE 104,CHILLICOTHE,OH,45601,,,
331302,44.215343556118,-73.596447863557,https://geocoding.geo.census.gov/,"75 PARK ST, ELIZABETHTOWN, NY, 12932",75 PARK STREET,ELIZABETHTOWN,NY,12932,,,
330214,40.742344460288,-73.97447520227,https://geocoding.geo.census.gov/,"550 1ST AVE, NEW YORK, NY, 10016",550 FIRST AVENUE,NEW YORK,NY,10016,,,
360095,41.018486849987,-83.650413139733,https://geocoding.geo.census.gov/,"1900 S MAIN ST, FINDLAY, OH, 45840",1900 SOUTH MAIN STREET,FINDLAY,OH,45840,,,
330215,43.228978566414,-75.444142040517,https://geocoding.geo.census.gov/,"1500 N JAMES ST, ROME, NY, 13440",1500 NORTH JAMES STREET,ROME,NY,13440,,,
331304,42.14771353342,-74.644006390026,https://geocoding.geo.census.gov/,"42084 STATE RTE 28, MARGARETVILLE, NY, 12455",42084 STATE HIGHWAY 28,MARGARETVILLE,NY,12455,,,
360092,40.229936647131,-83.369243144464,https://geocoding.geo.census.gov/,"500 LONDON AVE, MARYSVILLE, OH, 43040",500 LONDON AVENUE,MARYSVILLE,OH,43040,,,
331305,42.268082508488,-74.915785253155,https://geocoding.geo.census.gov/,"460 ANDES RD, DELHI, NY, 13753",460 ANDES ROAD,DELHI,NY,13753,,,
360091,41.139023759872,-81.838712624675,https://geocoding.geo.census.gov/,"1000 E WASHINGTON ST, MEDINA, OH, 44256",1000 EAST WASHINGTON STREET,MEDINA,OH,44256,,,
331301,42.213489116392,-78.287442713491,https://geocoding.geo.census.gov/,"140 W MAIN ST, CUBA, NY, 14727",140 WEST MAIN STREET,CUBA,NY,14727,,,
360089,41.105068046093,-83.217171080789,https://geocoding.geo.census.gov/,"45 SAINT LAWRENCE DR, TIFFIN, OH, 44883",45 ST LAWRENCE DRIVE,TIFFIN,OH,44883,,,
360087,41.4877644605,-81.706267839063,https://geocoding.geo.census.gov/,"1730 W 25TH ST, CLEVELAND, OH, 44113",1730 WEST 25TH STREET,CLEVELAND,OH,44113,,,
360085,39.994460972138,-83.015988321323,https://geocoding.geo.census.gov/,"410 W 10TH AVE, COLUMBUS, OH, 43210",410 WEST 10TH AVENUE,COLUMBUS,OH,43210,,,
340013,35.363402376781,-81.96500147079,https://geocoding.geo.census.gov/,"288 S RIDGECREST AVE, RUTHERFORDTON, NC, 28139",288 SOUTH RIDGECREST AVE,RUTHERFORDTON,NC,28139,,,
340010,35.399715041071,-77.956706340343,https://geocoding.geo.census.gov/,"2700 WAYNE MEMORIAL DR, GOLDSBORO, NC, 27534",2700 WAYNE MEMORIAL DR,GOLDSBORO,NC,27534,,,
340016,35.384387222831,-83.203027819204,https://geocoding.geo.census.gov/,"68 HOSPITAL RD, SYLVA, NC, 28779",68 HOSPITAL RD,SYLVA,NC,28779,,,
340017,35.320676710474,-82.46807395098,https://geocoding.geo.census.gov/,"800 N JUSTICE ST, HENDERSONVILLE, NC, 28791",800 N JUSTICE ST,HENDERSONVILLE,NC,28791,,,
340014,36.074006971579,-80.298526322793,https://geocoding.geo.census.gov/,"3333 SILAS CREEK PKWY SW, WINSTON SALEM, NC, 27103",3333 SILAS CREEK PARKWAY,WINSTON-SALEM,NC,27103,,,
340015,35.681935423246,-80.471376419154,https://geocoding.geo.census.gov/,"612 MOCKSVILLE AVE, SALISBURY, NC, 28144",612 MOCKSVILLE AVE,SALISBURY,NC,28144,,,
340130,34.974674942009,-80.522705816437,https://geocoding.geo.census.gov/,"600 HOSPITAL DR, MONROE, NC, 28112",600 HOSPITAL DR,MONROE,NC,28112,,,
34012F,36.008931177551,-78.937345333619,https://geocoding.geo.census.gov/,"508 FULTON ST, DURHAM, NC, 27705",508 FULTON STREET,DURHAM,NC,27705,,,
34036F,35.587244428387,-82.485490659701,https://geocoding.geo.census.gov/,"1100 TUNNEL RD, ASHEVILLE, NC, 28805",1100 TUNNEL ROAD,ASHEVILLE,NC,28805,,,
340123,35.711475724029,-79.814912349319,https://geocoding.geo.census.gov/,"364 WHITE OAK ST, ASHEBORO, NC, 27203",364 WHITE OAK STREET,ASHEBORO,NC,27203,,,
340120,34.963022646977,-77.961019526544,https://geocoding.geo.census.gov/,"401 N MAIN ST, KENANSVILLE, NC, 28349",401 N MAIN ST,KENANSVILLE,NC,28349,,,
340126,35.720651823758,-77.943191951607,https://geocoding.geo.census.gov/,"1705 TARBORO ST W, WILSON, NC, 27893",1705 S TARBORO ST,WILSON,NC,27893,,,
340127,36.325907272848,-78.59455782107,https://geocoding.geo.census.gov/,"1010 COLLEGE ST, OXFORD, NC, 27565",1010 COLLEGE ST,OXFORD,NC,27565,,,
330799,44.163139666567,-75.056237437555,https://geocoding.geo.census.gov/,"1014 OSWEGATCHIE TRL RD, STAR LAKE, NY, 13690",1014 OSWEGATCHIE TRAIL,STAR LAKE,NY,13690,,,
340119,35.362659316314,-80.194208450971,https://geocoding.geo.census.gov/,"301 YADKIN ST, ALBEMARLE, NC, 28001",301 YADKIN ST,ALBEMARLE,NC,28001,,,
340115,35.205923706147,-79.458770925052,https://geocoding.geo.census.gov/,"155 MEMORIAL DR, PINEHURST, NC, 28374",155 MEMORIAL DRIVE,PINEHURST,NC,28374,,,
340116,35.736873373118,-81.337703159915,https://geocoding.geo.census.gov/,"420 N CENTER ST, HICKORY, NC, 28601",420 N CENTER ST,HICKORY,NC,28601,,,
340113,35.205168650637,-80.840773334625,https://geocoding.geo.census.gov/,"1000 BLYTHE BLVD, CHARLOTTE, NC, 28203",1000 BLYTHE BLVD,CHARLOTTE,NC,28203,,,
340114,35.815523292114,-78.702469212194,https://geocoding.geo.census.gov/,"4420 LAKE BOONE TRL, RALEIGH, NC, 27607",4420 LAKE BOONE TRAIL,RALEIGH,NC,27607,,,
330307,42.470867178959,-76.537603891494,https://geocoding.geo.census.gov/,"101 DATES DR, ITHACA, NY, 14850",101 DATES DRIVE,ITHACA,NY,14850,,,
340107,35.922823013936,-77.556289811669,https://geocoding.geo.census.gov/,"111 HOSPITAL DR, TARBORO, NC, 27886",111 HOSPITAL DR,TARBORO,NC,27886,,,
304001,42.869168369385,-71.153619540972,https://geocoding.geo.census.gov/,"218 EAST RD, HAMPSTEAD, NH, 03841",218 EAST ROAD,HAMPSTEAD,NH,03841,,,
314022,40.011714331044,-74.216794337666,https://geocoding.geo.census.gov/,"1691 US HWY 9, TOMS RIVER, NJ, 08755",1691 HIGHWAY 9  -  CN2025,TOMS RIVER,NJ,08755,,,
314021,39.989913965268,-74.835908727961,https://geocoding.geo.census.gov/,"650 RANCOCAS RD, WESTAMPTON, NJ, 08060",650 RANCOCAS ROAD,WESTAMPTON,NJ,08060,,,
314027,40.668003288985,-74.423083437169,https://geocoding.geo.census.gov/,"40 WATCHUNG WAY, BERKELEY HEIGHTS, NJ, 07922",40 WATCHUNG WAY,BERKELEY HEIGHTS,NJ,07922,,,
314024,40.782628581507,-74.057637825038,https://geocoding.geo.census.gov/,"595 COUNTY AVE, SECAUCUS, NJ, 07094",595 COUNTY AVENUE,SECAUCUS,NJ,07094,,,
314019,40.984757712439,-74.171912486558,https://geocoding.geo.census.gov/,"301 SICOMAC AVE, WYCKOFF, NJ, 07481",301 SICOMAC AVE,WYCKOFF,NJ,07481,,,
314018,39.790970752642,-75.07801194916,https://geocoding.geo.census.gov/,"425 WOODBURY TURNERSVILLE RD, BLACKWOOD, NJ, 08012",425  WOODBURY TURNERSVILLE ROAD,BLACKWOOD,NJ,08012,,,
314001,40.713964543016,-74.361934012168,https://geocoding.geo.census.gov/,"19 PROSPECT ST, SUMMIT, NJ, 07901",19 PROSPECT ST,SUMMIT,NJ,07901,,,
390001,41.400580124265,-75.645762539085,https://geocoding.geo.census.gov/,"1822 MULBERRY ST, SCRANTON, PA, 18510",1822 MULBERRY STREET,SCRANTON,PA,18510,,,
314011,40.526552429419,-74.470947326019,https://geocoding.geo.census.gov/,"671 HOES LN W, PISCATAWAY, NJ, 08854",671 HOES LANE WEST,PISCATAWAY,NJ,08854,,,
390002,40.35210170582,-79.850310315147,https://geocoding.geo.census.gov/,"1500 5TH AVE, MCKEESPORT, PA, 15132",1500 FIFTH AVENUE,MC KEESPORT,PA,15132,,,
314012,40.465447587519,-74.681876165598,https://geocoding.geo.census.gov/,"252 CO RD 601, BELLE MEAD, NJ, 08502",252 ROUTE 601,BELLE MEAD,NJ,08502,,,
390003,41.008565323276,-76.453097735085,https://geocoding.geo.census.gov/,"549 FAIR ST, BLOOMSBURG, PA, 17815",549 EAST FAIR STREET,BLOOMSBURG,PA,17815,,,
390004,40.252517437894,-76.92372938485,https://geocoding.geo.census.gov/,"503 N 21ST ST, CAMP HILL, PA, 17011",503 NORTH 21ST STREET,CAMP HILL,PA,17011,,,
390006,40.96838565207,-76.601412412209,https://geocoding.geo.census.gov/,"100 N ACADEMY AVE, DANVILLE, PA, 17822",100 NORTH ACADEMY AVENUE,DANVILLE,PA,17822,,,
314016,40.83434403015,-74.511311218151,https://geocoding.geo.census.gov/,"59 KOCH AVE, MORRIS PLAINS, NJ, 07950",59 KOCH AVENUE,MORRIS PLAINS,NJ,07950,,,
390009,42.111181788085,-80.078736122501,https://geocoding.geo.census.gov/,"232 W 25TH ST, ERIE, PA, 16544",232 WEST 25TH STREET,ERIE,PA,16544,,,
334068,44.692131973703,-75.499563120036,https://geocoding.geo.census.gov/,"214 KING ST, OGDENSBURG, NY, 13669",214 KING STREET,OGDENSBURG,NY,13669,,,
334066,41.04803410679,-73.973984672354,https://geocoding.geo.census.gov/,"2 1ST AVE, ORANGEBURG, NY, 10962",2 FIRST AVE,ORANGEBURG,NY,10962,,,
334067,40.746930384426,-73.727913646549,https://geocoding.geo.census.gov/,"74-03 COMMONWEALTH BLVD, BELLEROSE, NY, 11426",7403 COMMONWEALTH BLVD,BELLEROSE,NY,11426,,,
334064,40.786875896184,-73.39444604767,https://geocoding.geo.census.gov/,"197 HALF HOLLOW RD, DIX HILLS, NY, 11746",197 HALF HOLLOW ROAD,DIX HILLS,NY,11746,,,
334063,40.656404504869,-73.935009334454,https://geocoding.geo.census.gov/,"681 CLARKSON AVE, BROOKLYN, NY, 11203",681 CLARKSON AVENUE,BROOKLYN,NY,11203,,,
390030,40.683708359022,-76.188708445242,https://geocoding.geo.census.gov/,"420 S JACKSON ST, POTTSVILLE, PA, 17901",420 SOUTH JACKSON STREET,POTTSVILLE,PA,17901,,,
390032,40.617469251059,-79.73710375653,https://geocoding.geo.census.gov/,"1301 CARLISLE ST, NATRONA HTS, PA, 15065",1301 CARLISLE ST,NATRONA,PA,15065,,,
390036,40.710403889712,-80.324391398933,https://geocoding.geo.census.gov/,"1000 DUTCH RIDGE RD, BEAVER, PA, 15009",1000 DUTCH RIDGE ROAD,BEAVER,PA,15009,,,
310084,40.074128640657,-74.217433958373,https://geocoding.geo.census.gov/,"600 RIVER AVE, LAKEWOOD, NJ, 08701",600 RIVER AVE,LAKEWOOD,NJ,08701,,,
390037,40.543368271361,-80.178894521434,https://geocoding.geo.census.gov/,"720 BLACKBURN RD, SEWICKLEY, PA, 15143",720 BLACKBURN ROAD,SEWICKLEY,PA,15143,,,
310086,39.827681818724,-75.009462532474,https://geocoding.geo.census.gov/,"18 LAUREL RD E, STRATFORD, NJ, 08084",18 EAST LAUREL ROAD,STRATFORD,NJ,08084,,,
390039,40.00726059746,-79.078547181293,https://geocoding.geo.census.gov/,"225 S CENTER AVE, SOMERSET, PA, 15501",225 SOUTH CENTER AVENUE,SOMERSET,PA,15501,,,
334048,40.770043998645,-73.953449223667,https://geocoding.geo.census.gov/,"420 E 76TH ST, NEW YORK, NY, 10021",420 EAST 76 ST,NEW YORK,NY,10021,,,
312024,40.772983198425,-74.186923585729,https://geocoding.geo.census.gov/,"495 N 13TH ST, NEWARK, NJ, 07107",495 NORTH 13TH STREET,NEWARK,NJ,07107,,,
334049,43.058605120532,-73.786456596871,https://geocoding.geo.census.gov/,"30 CRESCENT AVE, SARATOGA SPRINGS, NY, 12866",30 CRESCENT AVE,SARATOGA SPRINGS,NY,12866,,,
334053,40.845216005376,-73.840662738268,https://geocoding.geo.census.gov/,"1500 WATERS PL, BRONX, NY, 10461",1500 WATERS PLACE,BRONX,NY,10461,,,
381311,43.695308225263,-124.135676477433,https://geocoding.geo.census.gov/,"600 RANCH RD, REEDSPORT, OR, 97467",600 RANCH ROAD,REEDSPORT,OR,97467,,,
334054,40.801677986684,-73.931168644192,https://geocoding.geo.census.gov/,"600 E 125TH ST, NEW YORK, NY, 10035",600 E 125TH STREET,NEW YORK,NY,10035,,,
381310,45.356399506297,-119.548615502257,https://geocoding.geo.census.gov/,"564 E PIONEER DR, HEPPNER, OR, 97836",564 E PIONEER DRIVE,HEPPNER,OR,97836,,,
334052,42.927922891071,-78.88126383352,https://geocoding.geo.census.gov/,"400 FOREST AVE, BUFFALO, NY, 14213",400 FOREST AVE,BUFFALO,NY,14213,,,
381315,44.79610197115,-117.84758705605,https://geocoding.geo.census.gov/,"3325 POCAHONTAS RD, BAKER CITY, OR, 97814",3325 POCAHONTAS ROAD,BAKER CITY,OR,97814,,,
381314,44.629601224006,-124.058636905718,https://geocoding.geo.census.gov/,"930 SW ABBEY ST, NEWPORT, OR, 97365",930 SW ABBEY STREET,NEWPORT,OR,97365,,,
324010,32.359146610688,-106.773561958533,https://geocoding.geo.census.gov/,"3751 DEL REY BLVD, LAS CRUCES, NM, 88012",3751 DEL REY BOULEVARD,LAS CRUCES,NM,88012,,,
381313,44.299130296047,-120.826883617154,https://geocoding.geo.census.gov/,"384 SE COMBS FLAT RD, PRINEVILLE, OR, 97754",384 SE COMBS FLAT ROAD,PRINEVILLE,OR,97754,,,
381312,43.179148376162,-124.179017170065,https://geocoding.geo.census.gov/,"940 E 5TH ST, COQUILLE, OR, 97423",940 EAST 5TH STREET,COQUILLE,OR,97423,,,
324012,31.84289736854,-106.62202614298,https://geocoding.geo.census.gov/,"5045 MCNUTT RD, SANTA TERESA, NM, 88008","5045 MCNUTT ROAD (BLDG'S A, B, C & D)",SANTA TERESA,NM,88008,,,
324013,35.058262684354,-106.582040934185,https://geocoding.geo.census.gov/,"5400 GIBSON BLVD SE, ALBUQUERQUE, NM, 87108","5400 GIBSON BOULEVARD SE, 4TH FLOOR BOX# 8",ALBUQUERQUE,NM,87108,,,
381318,45.704693658404,-121.523238907733,https://geocoding.geo.census.gov/,"810 12TH ST, HOOD RIVER, OR, 97031",810 12TH STREET,HOOD RIVER,OR,97031,,,
324014,35.137530965407,-106.609895841796,https://geocoding.geo.census.gov/,"1525 N RENAISSANCE BLVD NE, ALBUQUERQUE, NM, 87107",1525 N RENAISSANCE BLVD NE,ALBUQUERQUE,NM,87102,,,
381317,45.456379704175,-123.855029239161,https://geocoding.geo.census.gov/,"1000 3RD ST, TILLAMOOK, OR, 97141",1000 THIRD STREET,TILLAMOOK,OR,97141,,,
381316,43.974513450144,-124.117254155053,https://geocoding.geo.census.gov/,"400 9TH ST, FLORENCE, OR, 97439",400 9TH STREET,FLORENCE,OR,97439,,,
381309,42.181788499122,-120.351491457087,https://geocoding.geo.census.gov/,"700 S J ST, LAKEVIEW, OR, 97630",700 SOUTH J STREET,LAKEVIEW,OR,97630,,,
390042,40.182768338907,-80.246189476201,https://geocoding.geo.census.gov/,"155 WILSON AVE, WASHINGTON, PA, 15301",155 WILSON AVENUE,WASHINGTON,PA,15301,,,
390044,40.330334301049,-75.94826699586,https://geocoding.geo.census.gov/,"420 S 5TH AVE, WEST READING, PA, 19611",420 S 5TH AVENUE,WEST READING,PA,19611,,,
310092,40.235752154602,-74.752829570392,https://geocoding.geo.census.gov/,"750 BRUNSWICK AVE, TRENTON, NJ, 08638",750 BRUNSWICK AVE,TRENTON,NJ,08638,,,
390045,41.24551944637,-77.014453114609,https://geocoding.geo.census.gov/,"700 HIGH ST, WILLIAMSPORT, PA, 17701",700 HIGH STREET,WILLIAMSPORT,PA,17701,,,
390046,39.946643616728,-76.720370543136,https://geocoding.geo.census.gov/,"1001 S GEORGE ST, YORK, PA, 17403",1001 SOUTH GEORGE STREET,YORK,PA,17403,,,
310096,40.742903005528,-74.173738025633,https://geocoding.geo.census.gov/,"111 CENTRAL AVE, NEWARK, NJ, 07102",111 CENTRAL AVENUE,NEWARK,NJ,07102,,,
390049,40.60921098657,-75.392133387247,https://geocoding.geo.census.gov/,"801 OSTRUM ST, BETHLEHEM, PA, 18015",801 OSTRUM STREET,BETHLEHEM,PA,18015,,,
334046,42.652825331448,-73.781556237608,https://geocoding.geo.census.gov/,"75 NEW SCOTLAND AVE, ALBANY, NY, 12208",75 NEW SCOTLAND AVE,ALBANY,NY,12208,,,
334043,40.580738881557,-74.080539607954,https://geocoding.geo.census.gov/,"777 SEAVIEW AVE, STATEN ISLAND, NY, 10305",777 SEAVIEW AVE,STATEN ISLAND,NY,10305,,,
381304,43.113167200089,-124.402247604737,https://geocoding.geo.census.gov/,"900 11TH ST SE, BANDON, OR, 97411",900 11TH STREET SE,BANDON,OR,97411,,,
39004F,39.998616527274,-75.800499388978,https://geocoding.geo.census.gov/,"1400 BLACKHORSE HILL RD, COATESVILLE, PA, 19320",1400 BLACK HORSE HILL ROAD,COATESVILLE,PA,19320,,,
381303,45.990565567427,-123.91327543745,https://geocoding.geo.census.gov/,"725 S WAHANNA RD, SEASIDE, OR, 97138",725 S WAHANNA ROAD,SEASIDE,OR,97138,,,
381302,44.985273432651,-123.994099631596,https://geocoding.geo.census.gov/,"3043 NE 28TH ST, LINCOLN CITY, OR, 97367",3043 NE 28TH STREET,LINCOLN CITY,OR,97367,,,
381301,43.809800084937,-123.037654383584,https://geocoding.geo.census.gov/,"1515 VILLAGE DR, COTTAGE GROVE, OR, 97424",1515 VILLAGE DRIVE,COTTAGE GROVE,OR,97424,,,
381308,44.919336702932,-123.310604585605,https://geocoding.geo.census.gov/,"525 SE WASHINGTON ST, DALLAS, OR, 97338",525 SE WASHINGTON STREET,DALLAS,OR,97338,,,
381307,43.588670357789,-119.060904020553,https://geocoding.geo.census.gov/,"557 W WASHINGTON ST, BURNS, OR, 97720",557 W WASHINGTON STREET,BURNS,OR,97720,,,
381306,45.431839656662,-117.282939553659,https://geocoding.geo.census.gov/,"601 MEDICAL PKWY, ENTERPRISE, OR, 97828",601 MEDICAL PARKWAY,ENTERPRISE,OR,97828,,,
381305,44.417623832186,-118.958975069098,https://geocoding.geo.census.gov/,"170 FORD RD, JOHN DAY, OR, 97845",170 FORD ROAD,JOHN DAY,OR,97845,,,
300017,42.876923268363,-71.31732566268,https://geocoding.geo.census.gov/,"1 PARKLAND DR, DERRY, NH, 03038",1 PARKLAND DRIVE,DERRY,NH,03038,,,
370201,35.406157257678,-97.510269768396,https://geocoding.geo.census.gov/,"100 SE 59TH ST, OKLAHOMA CITY, OK, 73129",100 SOUTHEAST 59TH STREET,OKLAHOMA CITY,OK,73129,,,
300018,43.212148834367,-70.874760976281,https://geocoding.geo.census.gov/,"789 CENTRAL AVE, DOVER, NH, 03820",789 CENTRAL AVE,DOVER,NH,03820,,,
300019,42.949228766755,-72.289966840414,https://geocoding.geo.census.gov/,"580 COURT ST, KEENE, NH, 03431",580 COURT STREET,KEENE,NH,03431,,,
390012,40.251395153068,-75.272030405677,https://geocoding.geo.census.gov/,"100 MEDICAL CAMPUS DR, LANSDALE, PA, 19446",100 MEDICAL CAMPUS DRIVE,LANSDALE,PA,19446,,,
310060,40.701703516898,-75.179586673673,https://geocoding.geo.census.gov/,"185 ROSEBERRY ST, PHILLIPSBURG, NJ, 08865",185 ROSEBERRY ST,PHILLIPSBURG,NJ,08865,,,
370206,35.614979517097,-97.582641607178,https://geocoding.geo.census.gov/,"14101 PARKWAY COMMONS DR, OKLAHOMA CITY, OK, 73134",14101 PARKWAY COMMONS DRIVE,OKLAHOMA CITY,OK,73134,,,
390013,40.979958917597,-76.885417590787,https://geocoding.geo.census.gov/,"1 HOSPITAL DR, LEWISBURG, PA, 17837",ONE HOSPITAL DRIVE,LEWISBURG,PA,17837,,,
310061,40.04858375549,-74.88204995839,https://geocoding.geo.census.gov/,"218A SUNSET RD, WILLINGBORO, NJ, 08046",218A SUNSET ROAD,WILLINGBORO,NJ,08046,,,
390016,41.013051205222,-80.350968467246,https://geocoding.geo.census.gov/,"1211 WILMINGTON AVE, NEW CASTLE, PA, 16105",1211 WILMINGTON AVENUE,NEW CASTLE,PA,16105,,,
310064,39.357959123545,-74.433682331036,https://geocoding.geo.census.gov/,"1925 PACIFIC AVE, ATLANTIC CITY, NJ, 08401",1925 PACIFIC AVENUE,ATLANTIC CITY,NJ,08401,,,
370202,36.035361170029,-95.86477023734,https://geocoding.geo.census.gov/,"8801 S 101ST E AVE, TULSA, OK, 74133",8801 SOUTH 101ST EAST AVENUE,TULSA,OK,74133,,,
370203,35.377055971727,-97.570886240127,https://geocoding.geo.census.gov/,"3100 SW 89TH ST, OKLAHOMA CITY, OK, 73159",3100 SOUTHWEST 89TH STREET,OKLAHOMA CITY,OK,73159,,,
334026,40.683904728674,-73.420581298955,https://geocoding.geo.census.gov/,"81 LOUDEN AVE, AMITYVILLE, NY, 11701",81 LOUDEN AVE,AMITYVILLE,NY,11701,,,
334027,40.688193931938,-73.413484528346,https://geocoding.geo.census.gov/,"400 SUNRISE HWY, AMITYVILLE, NY, 11701",400 SUNRISE HIGHWAY,AMITYVILLE,NY,11701,,,
310057,39.986160501202,-74.795526972441,https://geocoding.geo.census.gov/,"175 MADISON AVE, MOUNT HOLLY, NJ, 08060",175 MADISON AVE,MOUNT HOLLY,NJ,08060,,,
380001,45.587800647915,-121.165654816694,https://geocoding.geo.census.gov/,"1700 E 19TH ST, THE DALLES, OR, 97058",1700 E 19TH STREET,THE DALLES,OR,97058,,,
380002,42.419881304539,-123.343346504006,https://geocoding.geo.census.gov/,"500 SW RAMSEY AVE, GRANTS PASS, OR, 97527",500 SW RAMSEY AVENUE,GRANTS PASS,OR,97527,,,
380005,42.206403054446,-122.725509053678,https://geocoding.geo.census.gov/,"280 MAPLE ST, ASHLAND, OR, 97520",280 MAPLE STREET,ASHLAND,OR,97520,,,
300020,42.756232055359,-71.460782648024,https://geocoding.geo.census.gov/,"8 PROSPECT ST, NASHUA, NH, 03060",8 PROSPECT STREET,NASHUA,NH,03060,,,
380004,45.508995333324,-122.771632383588,https://geocoding.geo.census.gov/,"9205 SW BARNES RD, PORTLAND, OR, 97225",9205 SW BARNES ROAD,PORTLAND,OR,97225,,,
39001F,40.490217537891,-78.397677895885,https://geocoding.geo.census.gov/,"2907 PLEASANT VALLEY BLVD, ALTOONA, PA, 16602",2907 PLEASANT VALLEY BOULEVARD,ALTOONA,PA,16602,,,
300023,42.983609947872,-70.934722510531,https://geocoding.geo.census.gov/,"5 ALUMNI DR, EXETER, NH, 03833",5 ALUMNI DRIVE,EXETER,NH,03833,,,
380009,45.500160945641,-122.684656453964,https://geocoding.geo.census.gov/,"3181 SW SAM JACKSON PARK RD, PORTLAND, OR, 97239",3181 SW SAM JACKSON PARK ROAD,PORTLAND,OR,97239,,,
380007,45.542876009206,-122.669524222331,https://geocoding.geo.census.gov/,"2801 N GANTENBEIN AVE, PORTLAND, OR, 97227",2801 N GANTENBEIN AVENUE,PORTLAND,OR,97227,,,
300029,43.063697885919,-70.790735765528,https://geocoding.geo.census.gov/,"333 BORTHWICK AVE, PORTSMOUTH, NH, 03801",333 BORTHWICK AVE,PORTSMOUTH,NH,03801,,,
310070,40.502086700703,-74.459980072475,https://geocoding.geo.census.gov/,"254 EASTON AVE, NEW BRUNSWICK, NJ, 08901",254 EASTON AVE,NEW BRUNSWICK,NJ,08901,,,
390025,39.981821255907,-75.134808207137,https://geocoding.geo.census.gov/,"136 DIAMOND ST, PHILADELPHIA, PA, 19122",136 W DIAMOND STREET,PHILADELPHIA,PA,19122,,,
310073,40.207882460686,-74.038287824918,https://geocoding.geo.census.gov/,"1945 STATE RTE 33, NEPTUNE, NJ, 07753",1945 RTE 33,NEPTUNE,NJ,07754,,,
390026,40.078602518654,-75.212072612653,https://geocoding.geo.census.gov/,"8835 GERMANTOWN AVE, PHILADELPHIA, PA, 19118",8835 GERMANTOWN AVENUE,PHILADELPHIA,PA,19118,,,
310074,40.716578532652,-74.049609483785,https://geocoding.geo.census.gov/,"355 GRAND ST, JERSEY CITY, NJ, 07302",355 GRAND STREET,JERSEY CITY,NJ,07302,,,
390027,40.004736280853,-75.152150073097,https://geocoding.geo.census.gov/,"3401 N BROAD ST, PHILADELPHIA, PA, 19140",3401 NORTH BROAD STREET,PHILADELPHIA,PA,19140,,,
310075,40.295393320754,-73.983694952652,https://geocoding.geo.census.gov/,"300 2ND AVE, LONG BRANCH, NJ, 07740",300 SECOND AVENUE,LONG BRANCH,NJ,07740,,,
310076,40.765074142679,-74.301962357612,https://geocoding.geo.census.gov/,"94 OLD SHORT HILLS RD, LIVINGSTON, NJ, 07039",94 OLD SHORT HILLS ROAD,LIVINGSTON,NJ,07039,,,
334015,41.044285788879,-73.973950630343,https://geocoding.geo.census.gov/,"140 OLD ORANGEBURG RD, ORANGEBURG, NY, 10962",140 OLD ORANGEBURG RD,ORANGEBURG,NY,10962,,,
310069,39.588420069698,-75.179380205719,https://geocoding.geo.census.gov/,"501 FRONT ST, ELMER, NJ, 08318",501 WEST FRONT STREET,ELMER,NJ,08318,,,
334022,42.918335875828,-78.868318503557,https://geocoding.geo.census.gov/,"1263 DELAWARE AVE, BUFFALO, NY, 14209",1263 DELAWARE AVE,BUFFALO,NY,14209,,,
334020,43.124104316415,-77.614518844684,https://geocoding.geo.census.gov/,"1600 SOUTH AVE, ROCHESTER, NY, 14620",1600 SOUTH AVE,ROCHESTER,NY,14620,,,
381322,42.411588965529,-124.417647340252,https://geocoding.geo.census.gov/,"94220 4TH ST, GOLD BEACH, OR, 97444",94220 FOURTH STREET,GOLD BEACH,OR,97444,,,
334021,43.100799866514,-75.257272442512,https://geocoding.geo.census.gov/,"1400 NOYES ST, UTICA, NY, 13502",1400 NOYES ST,UTICA,NY,13502,,,
381321,45.319917351513,-118.105102303291,https://geocoding.geo.census.gov/,"900 SUNSET DR, LA GRANDE, OR, 97850",900 SUNSET DRIVE,LA GRANDE,OR,97850,,,
381320,46.188492728436,-123.817823041462,https://geocoding.geo.census.gov/,"2111 EXCHANGE ST, ASTORIA, OR, 97103",2111 EXCHANGE STREET,ASTORIA,OR,97103,,,
381325,45.846371355337,-119.310840823406,https://geocoding.geo.census.gov/,"610 NW 11TH ST, HERMISTON, OR, 97838",610 NW 11TH STREET,HERMISTON,OR,97838,,,
381324,44.637441777655,-121.120371564627,https://geocoding.geo.census.gov/,"470 NE A ST, MADRAS, OR, 97741",470 NE A STREET,MADRAS,OR,97741,,,
381323,44.549923746618,-122.908133911824,https://geocoding.geo.census.gov/,"525 N SANTIAM HWY, LEBANON, OR, 97355",525 N SANTIAM HIGHWAY,LEBANON,OR,97355,,,
291314,38.984064057679,-119.166825643073,https://geocoding.geo.census.gov/,"213 S WHITACRE ST, YERINGTON, NV, 89447",213 S WHITACRE/PO BOX 940,YERINGTON,NV,89447,,,
370100,34.011678479596,-95.492301067903,https://geocoding.geo.census.gov/,"1405 KIRK RD, HUGO, OK, 74743",1405 EAST KIRK ROAD,HUGO,OK,74743,,,
291311,36.214440227083,-116.023434307219,https://geocoding.geo.census.gov/,"360 LOLA, PAHRUMP, NV, 89048",360 SOUTH LOLA LANE,PAHRUMP,NV,89048,,,
291312,37.625325315269,-114.510880153961,https://geocoding.geo.census.gov/,"700 N SPRING ST, CALIENTE, NV, 89008","700 N SPRING ST, BOX 1010-C-ADM BLDG",CALIENTE,NV,89008,,,
291313,39.474945354552,-118.766082897831,https://geocoding.geo.census.gov/,"801 E WILLIAMS AVE, FALLON, NV, 89406",801 EAST WILLIAMS AVENUE,FALLON,NV,89406,,,
370106,35.42069146113,-97.530295000613,https://geocoding.geo.census.gov/,"4401 S WESTERN AVE, OKLAHOMA CITY, OK, 73109",4401 SOUTH WESTERN AVENUE,OKLAHOMA CITY,OK,73109,,,
290005,36.195750042802,-115.123408875061,https://geocoding.geo.census.gov/,"1409 E LAKE MEAD BLVD, NORTH LAS VEGAS, NV, 89030",1409 EAST LAKE MEAD BLVD,NORTH LAS VEGAS,NV,89030,,,
290007,36.158990018913,-115.167462082855,https://geocoding.geo.census.gov/,"1800 W CHARLESTON BLVD, LAS VEGAS, NV, 89102",1800 W CHARLESTON BLVD,LAS VEGAS,NV,89102,,,
290008,40.821458630125,-115.729837521739,https://geocoding.geo.census.gov/,"2001 ERRECART BLVD, ELKO, NV, 89801",2001 ERRECART BLVD,ELKO,NV,89801,,,
290001,39.523946092683,-119.794730090413,https://geocoding.geo.census.gov/,"1155 MILL ST, RENO, NV, 89502",1155 MILL STREET,RENO,NV,89502,,,
290003,36.131946350291,-115.13679604577,https://geocoding.geo.census.gov/,"3186 S MARYLAND PKWY, LAS VEGAS, NV, 89109",3186 S MARYLAND PKWY,LAS VEGAS,NV,89109,,,
290009,39.531715749049,-119.818080857191,https://geocoding.geo.census.gov/,"235 W 6TH ST, RENO, NV, 89503",235 W 6TH ST,RENO,NV,89503,,,
37012F,35.763926249638,-95.413268098668,https://geocoding.geo.census.gov/,"1011 HONOR HEIGHTS DR, MUSKOGEE, OK, 74401",1011 HONOR HEIGHTS DRIVE,MUSKOGEE,OK,74401,,,
370112,35.463513036263,-94.791873070288,https://geocoding.geo.census.gov/,"213 REDWOOD AVE, SALLISAW, OK, 74955",213 EAST REDWOOD,SALLISAW,OK,74955,,,
290019,39.203493914543,-119.78420274658,https://geocoding.geo.census.gov/,"1600 MEDICAL PKWY, CARSON CITY, NV, 89703",1600 MEDICAL PARKWAY,CARSON CITY,NV,89703,,,
290012,36.038591853961,-114.983615943599,https://geocoding.geo.census.gov/,"102 E LAKE MEAD PKWY, HENDERSON, NV, 89015",102 E LAKE MEAD DR,HENDERSON,NV,89015,,,
370114,36.134618077752,-95.967151021854,https://geocoding.geo.census.gov/,"1923 S UTICA AVE, TULSA, OK, 74104",1923 SOUTH UTICA AVENUE,TULSA,OK,74104,,,
29001F,36.24221597489,-115.051587922772,https://geocoding.geo.census.gov/,"4700 LAS VEGAS BLVD N, NELLIS AFB, NV, 89191",99 MDG 4700 Las Vegas Blvd,Nellis AFB,NV,89191,,,
370149,35.361791443224,-96.93891424775,https://geocoding.geo.census.gov/,"1102 W MACARTHUR ST, SHAWNEE, OK, 74804",1102 W MACARTHUR,SHAWNEE,OK,74801,,,
310112,40.404147571685,-74.193134222912,https://geocoding.geo.census.gov/,"727 N BEERS ST, HOLMDEL, NJ, 07733",727 N BEERS ST,HOLMDEL,NJ,07733,,,
310113,39.719153718427,-74.285137519416,https://geocoding.geo.census.gov/,"1140 STATE RTE 72, MANAHAWKIN, NJ, 08050",1140 RT 72 W,MANAHAWKIN,NJ,08050,,,
310115,40.861440582313,-74.814089190587,https://geocoding.geo.census.gov/,"651 WILLOW GROVE ST, HACKETTSTOWN, NJ, 07840",651 WILLOW GROVE ST,HACKETTSTOWN,NJ,07840,,,
37014F,35.482461926743,-97.496507189034,https://geocoding.geo.census.gov/,"921 NE 13TH ST, OKLAHOMA CITY, OK, 73104",921 NE 13TH STREET,OKLAHOMA CITY,OK,73104,,,
310118,40.792802748431,-74.071123149592,https://geocoding.geo.census.gov/,"55 MEADOWLANDS PKWY, SECAUCUS, NJ, 07094",55 MEADOWLANDS PKWY,SECAUCUS,NJ,07094,,,
310119,40.74137181791,-74.191819314871,https://geocoding.geo.census.gov/,"150 BERGEN ST, NEWARK, NJ, 07103",150 BERGEN ST,NEWARK,NJ,07103,,,
310130,40.983737559217,-74.014608851109,https://geocoding.geo.census.gov/,"250 OLD HOOK RD, WESTWOOD, NJ, 07675",250 OLD HOOK ROAD,WESTWOOD,NJ,07675,,,
330199,40.784173799248,-73.944134032542,https://geocoding.geo.census.gov/,"1901 1ST AVE, NEW YORK, NY, 10029",1901 FIRST AVENUE,NEW YORK,NY,10029,,,
360109,40.270504595558,-81.847844569339,https://geocoding.geo.census.gov/,"1460 ORANGE ST, COSHOCTON, OH, 43812",1460 ORANGE STREET,COSHOCTON,OH,43812,,,
360348,40.100336127564,-83.163158301845,https://geocoding.geo.census.gov/,"7500 HOSPITAL DR, DUBLIN, OH, 43016",7500 HOSPITAL AVENUE,DUBLIN,OH,43016,,,
360107,41.284769791549,-82.881190589184,https://geocoding.geo.census.gov/,"1400 W MAIN ST, BELLEVUE, OH, 44811",1400 WEST MAIN STREET,BELLEVUE,OH,44811,,,
370166,35.959952806326,-95.392457705573,https://geocoding.geo.census.gov/,"1200 W CHEROKEE ST, WAGONER, OK, 74467",1200 WEST CHEROKEE STREET,WAGONER,OK,74467,,,
360355,39.799913839966,-83.824135068944,https://geocoding.geo.census.gov/,"100 MAIN ST, SPRINGFIELD, OH, 45502",100 WEST MAIN STREET,SPRINGFIELD,OH,45502,,,
330195,40.753338096332,-73.706882676227,https://geocoding.geo.census.gov/,"270-05 76TH AVE, NEW HYDE PARK, NY, 11040",270 - 05 76TH AVENUE,NEW HYDE PARK,NY,11040,,,
330196,40.586634394564,-73.965790250445,https://geocoding.geo.census.gov/,"2601 OCEAN PKWY, BROOKLYN, NY, 11235",2601 OCEAN PARKWAY,BROOKLYN,NY,11235,,,
330197,44.675911327646,-74.981529247866,https://geocoding.geo.census.gov/,"50 LEROY ST, POTSDAM, NY, 13676",50 LEROY STREET,POTSDAM,NY,13676,,,
360112,41.668610751306,-83.541909294684,https://geocoding.geo.census.gov/,"2213 CHERRY ST, TOLEDO, OH, 43608",2213 CHERRY STREET,TOLEDO,OH,43608,,,
360354,39.360692109214,-84.366466233245,https://geocoding.geo.census.gov/,"7700 UNIVERSITY CT, WEST CHESTER, OH, 45069",7700 UNIVERSITY DRIVE,WEST CHESTER,OH,45069,,,
360351,41.097038595816,-81.512155980342,https://geocoding.geo.census.gov/,"444 N MAIN ST, AKRON, OH, 44310",444 NORTH MAIN STREET,AKRON,OH,44310,,,
330191,43.307263339295,-73.646098675978,https://geocoding.geo.census.gov/,"100 PARK ST, GLENS FALLS, NY, 12801",100 PARK STREET,GLENS FALLS,NY,12801,,,
360352,41.016145691162,-80.653524764694,https://geocoding.geo.census.gov/,"7630 SOUTHERN BLVD, YOUNGSTOWN, OH, 44512",7630 SOUTHERN BLVD,YOUNGSTOWN,OH,44512,,,
370170,34.620355880936,-98.385182987007,https://geocoding.geo.census.gov/,"1515 NE LAWRIE TATUM RD, LAWTON, OK, 73507",1515 LAWRIE TATUM ROAD,LAWTON,OK,73507,,,
370171,35.912498104776,-94.949206148539,https://geocoding.geo.census.gov/,"100 BLISS AVE, TAHLEQUAH, OK, 74464",100 S BLISS AVENUE,TAHLEQUAH,OK,74464,,,
360359,41.451315397094,-81.497618572666,https://geocoding.geo.census.gov/,"3999 RICHMOND RD, BEACHWOOD, OH, 44122",3999 RICHMOND ROAD,BEACHWOOD,OH,44122,,,
360118,40.753328097112,-82.52980430369,https://geocoding.geo.census.gov/,"335 GLESSNER AVE, MANSFIELD, OH, 44903",335 GLESSNER AVENUE,MANSFIELD,OH,44903,,,
360358,39.850539482266,-82.781119291892,https://geocoding.geo.census.gov/,"7911 DILEY RD, CANAL WINCHESTER, OH, 43110",7911 DILEY ROAD,CANAL WINCHESTER,OH,43110,,,
291303,40.641146222662,-116.938251995886,https://geocoding.geo.census.gov/,"535 S HUMBOLDT ST, BATTLE MOUNTAIN, NV, 89820",535 SOUTH HUMBOLDT STREET,BATTE MTN,NV,89820,,,
291304,40.176568632328,-118.483046308209,https://geocoding.geo.census.gov/,"855 6TH ST, LOVELOCK, NV, 89419",855 6TH STREET/PO BOX 661,LOVELOCK,NV,89419,,,
291306,38.918047404899,-119.718924766446,https://geocoding.geo.census.gov/,"1107 US HWY 395, GARDNERVILLE, NV, 89410",1107 HIGHWAY 395,GARDNERVILLE,NV,89410,,,
291300,38.519760349347,-118.628286140983,https://geocoding.geo.census.gov/,"200 A ST, HAWTHORNE, NV, 89415",200 SOUTH A ST,HAWTHORNE,NV,89415,,,
291301,39.250993511911,-119.955015512785,https://geocoding.geo.census.gov/,"880 ALDER AVE, INCLINE VILLAGE, NV, 89451",880 ALDER STREET,INCLINE VILLAGE,NV,89451,,,
291302,39.256091093472,-114.859822850201,https://geocoding.geo.census.gov/,"1500 AVE H, ELY, NV, 89301",1500 AVENUE H,ELY,NV,89301,,,
370158,35.02877764953,-97.365835855426,https://geocoding.geo.census.gov/,"1500 N GREEN AVE, PURCELL, OK, 73080",1500 NORTH GREEN AVENUE,PURCELL,OK,73080,,,
310110,40.216267442452,-74.675554731035,https://geocoding.geo.census.gov/,"1 HAMILTON HEALTH PL, HAMILTON, NJ, 08690",ONE HAMILTON HEALTH PLACE,HAMILTON,NJ,08690,,,
310111,40.237686587087,-74.308933517249,https://geocoding.geo.census.gov/,"901 W MAIN ST, FREEHOLD, NJ, 07728",901 WEST MAIN STREET,FREEHOLD,NJ,07728,,,
330184,40.912979217623,-73.787111783608,https://geocoding.geo.census.gov/,"16 GUION PL, NEW ROCHELLE, NY, 10801",16 GUION PLACE,NEW ROCHELLE,NY,10802,,,
360125,41.880358882927,-80.79591220293,https://geocoding.geo.census.gov/,"2420 LAKE AVE, ASHTABULA, OH, 44004",2420 LAKE AVENUE,ASHTABULA,OH,44004,,,
360367,41.464483296683,-81.497766578656,https://geocoding.geo.census.gov/,"25501 CHAGRIN BLVD, BEACHWOOD, OH, 44122",25501 CHAGRIN BOULEVARD,BEACHWOOD,OH,44122,,,
360123,41.43528451817,-81.941325308599,https://geocoding.geo.census.gov/,"29000 CENTER RIDGE RD, WESTLAKE, OH, 44145",29000 CENTER RIDGE ROAD,WESTLAKE,OH,44145,,,
360365,40.771398670447,-82.591450303196,https://geocoding.geo.census.gov/,"715 RICHLAND MALL, ONTARIO, OH, 44906",715 RICHLAND MALL,ONTARIO,OH,44906,,,
330180,42.734096503785,-73.671327320688,https://geocoding.geo.census.gov/,"2215 BURDETT AVE, TROY, NY, 12180",2215 BURDETT AVENUE,TROY,NY,12180,,,
360121,41.47454833391,-84.557029922483,https://geocoding.geo.census.gov/,"433 W HIGH ST, BRYAN, OH, 43506",433 WEST HIGH STREET,BRYAN,OH,43506,,,
330181,40.87173788388,-73.621501581455,https://geocoding.geo.census.gov/,"101 SAINT ANDREWS LN, GLEN COVE, NY, 11542",101 ST ANDREWS LANE,GLEN COVE,NY,11542,,,
360360,39.772396871654,-84.06520222962,https://geocoding.geo.census.gov/,"3535 PENTAGON BLVD, BEAVERCREEK, OH, 45431",3535 PENTAGON PARK BLVD,BEAVER CREEK,OH,45431,,,
310108,40.557751484982,-74.350744344367,https://geocoding.geo.census.gov/,"65 JAMES ST, EDISON, NJ, 08820",65 JAMES STREET,EDISON,NJ,08818,,,
330182,40.805882590016,-73.6690336584,https://geocoding.geo.census.gov/,"100 PORT WASHINGTON BLVD, ROSLYN, NY, 11576",100 PORT WASHINGTON BOULEVARD,ROSLYN,NY,11576,,,
360361,38.747108092142,-82.992807870854,https://geocoding.geo.census.gov/,"1901 ARGONNE RD, PORTSMOUTH, OH, 45662",1901 ARGONNE ROAD,PORTSMOUTH,OH,45662,,,
291307,36.808824322348,-114.115002814948,https://geocoding.geo.census.gov/,"1299 BERTHA HOWE AVE, MESQUITE, NV, 89027",1299 BERTHA HOWE AVENUE,MESQUITE,NV,89027,,,
33017F,40.736625080398,-73.977962566682,https://geocoding.geo.census.gov/,"423 E 23RD ST, NEW YORK, NY, 10010",423 EAST 23RD STREET,NEW YORK,NY,10010,,,
291308,40.971559590179,-117.728339854547,https://geocoding.geo.census.gov/,"118 E HASKELL ST, WINNEMUCCA, NV, 89445",118 EAST HASKELL STREET,WINNEMUCCA,NV,89445,,,
291309,35.968358405895,-114.843448829643,https://geocoding.geo.census.gov/,"901 ADAMS BLVD, BOULDER CITY, NV, 89005",901 ADAMS BLVD,BOULDER CITY,NV,89005,,,
360368,40.041816261462,-84.208534610029,https://geocoding.geo.census.gov/,"600 W MAIN ST, TROY, OH, 45373",600 WEST MAIN STREET,TROY,OH,45373,,,
370183,35.439712777571,-96.008757524807,https://geocoding.geo.census.gov/,"2401 W MAIN, HENRYETTA, OK, 74437",2401 W MAIN,HENRYETTA,OK,74437,,,
330169,40.732720801031,-73.981591830545,https://geocoding.geo.census.gov/,"281 1ST AVE, NEW YORK, NY, 10003",281 1ST AVE,NEW YORK,NY,10003,,,
330166,42.159383936926,-79.58920879787,https://geocoding.geo.census.gov/,"189 E MAIN ST, WESTFIELD, NY, 14787",189 EAST MAIN STREET,WESTFIELD,NY,14787,,,
290062,35.980447781491,-115.147134217181,https://geocoding.geo.census.gov/,"1155 RAIDERS WAY, HENDERSON, NV, 89052",1155 RAIDERS WAY,HENDERSON,NV,89052,,,
360133,39.769036480474,-84.203075238077,https://geocoding.geo.census.gov/,"405 W GRAND AVE, DAYTON, OH, 45405",405 GRAND AVENUE,DAYTON,OH,45405,,,
330175,42.609106705247,-76.186200668674,https://geocoding.geo.census.gov/,"134 HOMER AVE, CORTLAND, NY, 13045",134 HOMER AVENUE,CORTLAND,NY,13045,,,
360134,39.141012912462,-84.520482308181,https://geocoding.geo.census.gov/,"375 DIXMYTH AVE, CINCINNATI, OH, 45220",375 DIXMYTH AVENUE,CINCINNATI,OH,45220,,,
360131,40.90175076307,-81.103377130381,https://geocoding.geo.census.gov/,"200 E STATE ST, ALLIANCE, OH, 44601",200 EAST STATE STREET,ALLIANCE,OH,44601,,,
360132,39.415052761366,-84.573709841694,https://geocoding.geo.census.gov/,"630 EATON AVE, HAMILTON, OH, 45013",630 EATON AVENUE,HAMILTON,OH,45013,,,
360374,39.356279645751,-84.258455906486,https://geocoding.geo.census.gov/,"5440 KINGS ISLAND DR, MASON, OH, 45040",5440 KINGS ISLAND DRIVE,MASON,OH,45040,,,
370192,35.563726747984,-97.567118504544,https://geocoding.geo.census.gov/,"9204 N MAY AVE, OKLAHOMA CITY, OK, 73120",9204 NORTH MAY AVENUE,OKLAHOMA CITY,OK,73120,,,
33016F,40.86913508361,-73.903159768426,https://geocoding.geo.census.gov/,"130 W KINGSBRIDGE RD, BRONX, NY, 10468",130 WEST KINGSBRIDGE ROAD,BRONX,NY,10468,,,
360137,41.506590402617,-81.608003044736,https://geocoding.geo.census.gov/,"11100 EUCLID AVE, CLEVELAND, OH, 44106",11100 EUCLID AVENUE,CLEVELAND,OH,44106,,,
370178,35.808585597362,-94.638321818969,https://geocoding.geo.census.gov/,"1401 W LOCUST ST, STILWELL, OK, 74960",1401 WEST LOCUST,STILWELL,OK,74960,,,
370173,36.316622718863,-95.628291134385,https://geocoding.geo.census.gov/,"101 S MOORE AVE, CLAREMORE, OK, 74017",101 SOUTH MOORE AVE,CLAREMORE,OK,74017,,,
330158,41.112158791539,-74.133918755939,https://geocoding.geo.census.gov/,"255 LAFAYETTE AVE, SUFFERN, NY, 10901",255 LAFAYETTE AVENUE,SUFFERN,NY,10901,,,
360150,41.132224697594,-81.510305008095,https://geocoding.geo.census.gov/,"1900 23RD ST, CUYAHOGA FALLS, OH, 44223",1900 23RD STREET,CUYAHOGA FALLS,OH,44223,,,
330396,40.700457135294,-73.941585278736,https://geocoding.geo.census.gov/,"760 BROADWAY, BROOKLYN, NY, 11206",760 BROADWAY,BROOKLYN,NY,11206,,,
330157,43.964737466274,-75.912844982956,https://geocoding.geo.census.gov/,"830 WASHINGTON ST, WATERTOWN, NY, 13601",830 WASHINGTON STREET,WATERTOWN,NY,13601,,,
330399,40.853566687307,-73.891324791019,https://geocoding.geo.census.gov/,"4422 3RD AVE, BRONX, NY, 10457",4422 THIRD AVENUE,BRONX,NY,10457,,,
330162,41.196125158292,-73.724768598383,https://geocoding.geo.census.gov/,"400 E MAIN ST, MOUNT KISCO, NY, 10549",400 EAST MAIN STREET,MOUNT KISCO,NY,10549,,,
360147,39.431310046674,-81.464889559998,https://geocoding.geo.census.gov/,"401 MATTHEW ST, MARIETTA, OH, 45750",401 MATTHEW STREET,MARIETTA,OH,45750,,,
360144,41.449803369047,-81.53856701469,https://geocoding.geo.census.gov/,"20000 HARVARD AVE, WARRENSVILLE HEIGHTS, OH, 44122",20000 HARVARD ROAD,WARRENSVILLE HEIGHTS,OH,44122,,,
330164,43.135215710086,-77.607646256299,https://geocoding.geo.census.gov/,"1000 SOUTH AVE, ROCHESTER, NY, 14620",1000 SOUTH AVENUE,ROCHESTER,NY,14617,,,
360145,41.366696744152,-82.097911694277,https://geocoding.geo.census.gov/,"630 E RIVER ST, ELYRIA, OH, 44035",630 EAST RIVER STREET,ELYRIA,OH,44035,,,
360143,41.422356453917,-81.597055055994,https://geocoding.geo.census.gov/,"12300 MCCRACKEN RD, GARFIELD HEIGHTS, OH, 44125",12300 MCCRACKEN ROAD,GARFIELD HEIGHTS,OH,44125,,,
330160,40.583748596634,-74.08643629534,https://geocoding.geo.census.gov/,"475 SEAVIEW AVE, STATEN ISLAND, NY, 10305",475 SEAVIEW AVENUE,STATEN ISLAND,NY,10305,,,
33015F,41.245117785887,-73.926435976616,https://geocoding.geo.census.gov/,"2094 ALBANY POST RD, MONTROSE, NY, 10548",2094 ALBANY POST ROAD,MONTROSE,NY,10548,,,
340190,35.224889257873,-80.648583614073,https://geocoding.geo.census.gov/,"8201 HEALTHCARE LOOP, CHARLOTTE, NC, 28215",8201 HEALTHCARE LOOP,CHARLOTTE,NC,28215,,,
340195,35.041257883629,-80.8437177863,https://geocoding.geo.census.gov/,"10905 PROVIDENCE RD W, CHARLOTTE, NC, 28277",10905 PROVIDENCE ROAD W,CHARLOTTE,NC,28277,,,
360161,41.231428464651,-80.778268214263,https://geocoding.geo.census.gov/,"667 EASTLAND AVE SE, WARREN, OH, 44484",667 EASTLAND AVE SE,WARREN,OH,44484,,,
330151,42.314426474982,-77.6601685868,https://geocoding.geo.census.gov/,"411 CANISTEO ST, HORNELL, NY, 14843",411 CANISTEO STREET,HORNELL,NY,14843,,,
330394,42.084495979698,-75.914055371845,https://geocoding.geo.census.gov/,"42 MITCHELL AVE, BINGHAMTON, NY, 13903",10-42 MITCHELL AVENUE,BINGHAMTON,NY,13903,,,
360155,41.372021468942,-81.832629548883,https://geocoding.geo.census.gov/,"18697 BAGLEY RD, MIDDLEBURG HEIGHTS, OH, 44130",18697 BAGLEY ROAD,MIDDLEBURG HEIGHTS,OH,44130,,,
330153,42.819876549644,-73.919021275611,https://geocoding.geo.census.gov/,"1101 NOTT ST, SCHENECTADY, NY, 12308",1101 NOTT STREET,SCHENECTADY,NY,12308,,,
330395,40.598035257975,-73.753028796793,https://geocoding.geo.census.gov/,"327 BEACH 19TH ST, FAR ROCKAWAY, NY, 11691",327 BEACH 19TH STREET,FAR ROCKAWAY,NY,11691,,,
360156,41.339517652121,-83.135158406624,https://geocoding.geo.census.gov/,"715 S TAFT AVE, FREMONT, OH, 43420",715 SOUTH TAFT AVENUE,FREMONT,OH,43420,,,
360152,39.951939168324,-83.136807773688,https://geocoding.geo.census.gov/,"5100 W BROAD ST, COLUMBUS, OH, 43228",5100 WEST  BROAD STREET,COLUMBUS,OH,43228,,,
360159,39.395239710688,-82.970380880249,https://geocoding.geo.census.gov/,"272 HOSPITAL RD, CHILLICOTHE, OH, 45601",272 HOSPITAL ROAD,CHILLICOTHE,OH,45601,,,
370199,35.583328761519,-97.584965089687,https://geocoding.geo.census.gov/,"11200 N PORTLAND AVE, OKLAHOMA CITY, OK, 73120",11200 NORTH PORTLAND AVENUE,OKLAHOMA CITY,OK,73120,,,
340184,35.525323292204,-82.941865209405,https://geocoding.geo.census.gov/,"262 LEROY GEORGE DR, CLYDE, NC, 28721",262 LEROY GEORGE DRIVE,CLYDE,NC,28721,,,
330136,42.696106617697,-74.924044855056,https://geocoding.geo.census.gov/,"1 ATWELL RD, COOPERSTOWN, NY, 13326",ONE ATWELL ROAD,COOPERSTOWN,NY,13326,,,
360172,41.437438101076,-82.235349769018,https://geocoding.geo.census.gov/,"3700 KOLBE RD, LORAIN, OH, 44053",3700 KOLBE ROAD,LORAIN,OH,44053,,,
34017F,35.680512508805,-80.487491492996,https://geocoding.geo.census.gov/,"1601 BRENNER AVE, SALISBURY, NC, 28144",1601 BRENNER AVENUE,SALISBURY,NC,28144,,,
360170,39.609194088283,-82.938180298027,https://geocoding.geo.census.gov/,"600 N PICKAWAY ST, CIRCLEVILLE, OH, 43113",600 NORTH PICKAWAY STREET,CIRCLEVILLE,OH,43113,,,
330135,41.367273370003,-74.682675198223,https://geocoding.geo.census.gov/,"160 MAIN ST, PORT JERVIS, NY, 12771",160 EAST MAIN STREET,PORT JERVIS,NY,12771,,,
330140,43.055144161622,-76.148912205454,https://geocoding.geo.census.gov/,"301 PROSPECT AVE, SYRACUSE, NY, 13203",301 PROSPECT AVENUE,SYRACUSE,NY,13203,,,
330141,40.780340840758,-72.978164271941,https://geocoding.geo.census.gov/,"101 HOSPITAL RD, PATCHOGUE, NY, 11772",101 HOSPITAL ROAD,PATCHOGUE,NY,11772,,,
360163,39.121131248704,-84.508578753988,https://geocoding.geo.census.gov/,"2139 AUBURN AVE, CINCINNATI, OH, 45219",2139 AUBURN AVENUE,CINCINNATI,OH,45219,,,
340173,35.740605116835,-78.780050414777,https://geocoding.geo.census.gov/,"1900 KILDAIRE FARM RD, CARY, NC, 27518",1900 KILDARE FARM ROAD,CARY,NC,27518,,,
340171,35.12187553809,-80.714353693527,https://geocoding.geo.census.gov/,"1500 MATTHEWS TOWNSHIP PKWY, MATTHEWS, NC, 28105",1500 MATTHEWS TWNSHP PRKWY BOX 3310,MATTHEWS,NC,28106,,,
330125,43.191058017109,-77.584404674198,https://geocoding.geo.census.gov/,"1425 PORTLAND AVE, ROCHESTER, NY, 14621",1425 PORTLAND AVENUE,ROCHESTER,NY,14621,,,
330126,41.439924861501,-74.367510729361,https://geocoding.geo.census.gov/,"707 E MAIN ST, MIDDLETOWN, NY, 10940",707 EAST MAIN STREET,MIDDLETOWN,NY,10940,,,
290021,36.163920724951,-115.16551696899,https://geocoding.geo.census.gov/,"620 SHADOW LN, LAS VEGAS, NV, 89106",620 SHADOW LANE,LAS VEGAS,NV,89106,,,
330127,40.857449135615,-73.847645026799,https://geocoding.geo.census.gov/,"1400 PELHAM PKWY S, BRONX, NY, 10461",1400 PELHAM PARKWAY SOUTH,BRONX,NY,10461,,,
360180,41.503344191343,-81.62288458387,https://geocoding.geo.census.gov/,"9500 EUCLID AVE, CLEVELAND, OH, 44195",9500 EUCLID AVENUE,CLEVELAND,OH,44195,,,
360179,39.252004898708,-84.343902554335,https://geocoding.geo.census.gov/,"10500 MONTGOMERY RD, CINCINNATI, OH, 45242",10500 MONTGOMERY ROAD,CINCINNATI,OH,45242,,,
360175,39.44544206645,-83.839389167195,https://geocoding.geo.census.gov/,"610 W MAIN ST, WILMINGTON, OH, 45177",610 WEST MAIN STREET,WILMINGTON,OH,45177,,,
29002F,39.515738808439,-119.798552106747,https://geocoding.geo.census.gov/,"975 KIRMAN AVE, RENO, NV, 89502",975 KIRMAN AVENUE,RENO,NV,89502,,,
340166,35.306153989031,-80.749385206646,https://geocoding.geo.census.gov/,"8800 N TRYON ST, CHARLOTTE, NC, 28262",8800 NORTH TYRON STREET,CHARLOTTE,NC,28262,,,
33012F,42.953459043708,-78.813706969958,https://geocoding.geo.census.gov/,"3495 BAILEY AVE, BUFFALO, NY, 14215",3495 BAILEY AVENUE,BUFFALO,NY,14215,,,
340168,34.193801706333,-77.928666738064,https://geocoding.geo.census.gov/,"2520 TROY DR, WILMINGTON, NC, 28401",2520 TROY DRIVE,WILMINGTON,NC,28401,,,
290039,36.213594341954,-115.249848312314,https://geocoding.geo.census.gov/,"3100 N TENAYA WAY, LAS VEGAS, NV, 89128",3100 N TENAYA WAY,LAS VEGAS,NV,89128,,,
330119,40.774246082279,-73.961445605993,https://geocoding.geo.census.gov/,"100 E 77TH ST, NEW YORK, NY, 10075",100 EAST 77TH STREET,NEW YORK,NY,10075,,,
330115,43.078768435955,-75.655172350379,https://geocoding.geo.census.gov/,"321 GENESEE ST, ONEIDA, NY, 13421",321 GENESEE STREET,ONEIDA,NY,13421,,,
290032,39.542449984901,-119.697495600968,https://geocoding.geo.census.gov/,"2375 E PRATER WAY, SPARKS, NV, 89434",2375 E PRATER WAY,SPARKS,NV,89434,,,
330111,42.508558632565,-78.658757020274,https://geocoding.geo.census.gov/,"224 E MAIN ST, SPRINGVILLE, NY, 14141",224 EAST MAIN STREET,SPRINGVILLE,NY,14141,,,
360189,39.893755871373,-83.457314356098,https://geocoding.geo.census.gov/,"210 N MAIN ST, LONDON, OH, 43140",210 NORTH MAIN STREET,LONDON,OH,43140,,,
340155,36.037655878969,-78.897468525504,https://geocoding.geo.census.gov/,"3643 N ROXBORO ST, DURHAM, NC, 27704",3643 N ROXBORO STREET,DURHAM,NC,27704,,,
340159,36.407048989075,-78.985310155044,https://geocoding.geo.census.gov/,"615 RIDGE RD, ROXBORO, NC, 27573",615 RIDGE RD,ROXBORO,NC,27573,,,
340158,34.009978416768,-78.291464928708,https://geocoding.geo.census.gov/,"1 MEDICAL CENTER DR SW, SUPPLY, NC, 28462",1 MEDICAL CENTER DR  PO BOX 139,SUPPLY,NC,28462,,,
290049,39.436948328931,-119.758478482412,https://geocoding.geo.census.gov/,"10101 DOUBLE R BLVD, RENO, NV, 89521",10101 DOUBLE R BLVD,RENO,NV,89521,,,
290045,36.007054017448,-115.114186622136,https://geocoding.geo.census.gov/,"3001 SAINT ROSE PKWY, HENDERSON, NV, 89052",3001 ST ROSE PARKWAY,HENDERSON,NV,89052,,,
290046,36.090719016443,-115.242809529715,https://geocoding.geo.census.gov/,"5400 S RAINBOW BLVD, LAS VEGAS, NV, 89118",5400 SOUTH RAINBOW BLVD,LAS VEGAS,NV,89118,,,
290047,36.070322008288,-115.294382374128,https://geocoding.geo.census.gov/,"9300 W SUNSET RD, LAS VEGAS, NV, 89148",9300 WEST SUNSET RD,LAS VEGAS,NV,89148,,,
330103,42.089827075311,-78.426888572319,https://geocoding.geo.census.gov/,"515 MAIN ST, OLEAN, NY, 14760",515 MAIN STREET,OLEAN,NY,14760,,,
290042,36.107451213665,-115.122615862966,https://geocoding.geo.census.gov/,"2170 E HARMON AVE, LAS VEGAS, NV, 89119",2170 EAST HARMON AVENUE,LAS VEGAS,NV,89119,,,
330104,41.096702202455,-73.924787393351,https://geocoding.geo.census.gov/,"160 N MIDLAND AVE, NYACK, NY, 10960",160 NORTH MIDLAND AVENUE,NYACK,NY,10960,,,
330106,40.77619694039,-73.702964156294,https://geocoding.geo.census.gov/,"300 COMMUNITY DR, MANHASSET, NY, 11030",300 COMMUNITY DRIVE,MANHASSET,NY,11030,,,
330100,40.732121954785,-73.985018924019,https://geocoding.geo.census.gov/,"230 2ND AVE, NEW YORK, NY, 10003",230 SECOND AVE,NEW YORK,NY,10003,,,
330101,40.764256692705,-73.955377873986,https://geocoding.geo.census.gov/,"525 E 68TH ST, NEW YORK, NY, 10065",525 EAST 68TH STREET,NEW YORK,NY,10065,,,
330102,42.979189422001,-78.87874020217,https://geocoding.geo.census.gov/,"2950 ELMWOOD AVE, KENMORE, NY, 14217",2950 ELMWOOD AVENUE,KENMORE,NY,14217,,,
330350,40.654454308592,-73.946246362853,https://geocoding.geo.census.gov/,"445 LENOX RD, BROOKLYN, NY, 11203",445 LENOX ROAD,BROOKLYN,NY,11203,,,
360197,40.368987592836,-83.756017863206,https://geocoding.geo.census.gov/,"205 E PALMER AVE, BELLEFONTAINE, OH, 43311",205 PALMER AVENUE,BELLEFONTAINE,OH,43311,,,
29004F,36.288520814311,-115.098487005584,https://geocoding.geo.census.gov/,"6900 N PECOS RD, N LAS VEGAS, NV, 89086",6900 NORTH PECOS ROAD,N. LAS VEGAS,NV,89086,,,
320779,34.929611679815,-104.694383513017,https://geocoding.geo.census.gov/,"117 CAM DE VIDA, SANTA ROSA, NM, 88435","117 CAMINO DE VIDA, SUITE 100",SANTA ROSA,NM,88435,,,
281364,40.313754519837,-96.747132874846,https://geocoding.geo.census.gov/,"4800 HOSPITAL PKWY, BEATRICE, NE, 68310","P O BOX 278, 4800 HOSPITAL PARKWAY",BEATRICE,NE,68310,,,
283301,41.259737333195,-96.042869864154,https://geocoding.geo.census.gov/,"8200 DODGE ST, OMAHA, NE, 68114",8200 DODGE ST,OMAHA,NE,68114,,,
281365,41.409095922009,-99.632366228518,https://geocoding.geo.census.gov/,"145 MEMORIAL DR, BROKEN BOW, NE, 68822",145 MEMORIAL DRIVE,BROKEN BOW,NE,68822,,,
283300,41.25081548268,-96.131913990091,https://geocoding.geo.census.gov/,"14000 BOYS TOWN HOSPITAL RD, BOYS TOWN, NE, 68010",14000 BOYS TOWN HOSPITAL ROAD,BOYS TOWN,NE,68010,,,
340145,35.488207943174,-81.201672739905,https://geocoding.geo.census.gov/,"433 MCALISTER RD, LINCOLNTON, NC, 28092",433 MCALISTER RD,LINCOLNTON,NC,28092,,,
281362,40.447103093004,-99.382105819474,https://geocoding.geo.census.gov/,"1215 TIBBALS ST, HOLDREGE, NE, 68949",1215 TIBBALS ST,HOLDREGE,NE,68949,,,
340142,34.724949201704,-76.755378133627,https://geocoding.geo.census.gov/,"3500 ARENDELL ST, MOREHEAD CITY, NC, 28557",3500 ARENDELL ST,MOREHEAD CITY,NC,28557,,,
281363,40.204424291841,-100.60947368113,https://geocoding.geo.census.gov/,"1301 E H ST, MCCOOK, NE, 69001","P O BOX 1328, 1301 EAST H ST",MCCOOK,NE,69001,,,
340143,35.71369621131,-81.265109494948,https://geocoding.geo.census.gov/,"810 FAIRGROVE CHURCH RD, HICKORY, NC, 28602",810 FAIRGROVE CHURCH RD,HICKORY,NC,28602,,,
340148,36.078233076894,-80.29553265022,https://geocoding.geo.census.gov/,"1950 S HAWTHORNE RD, WINSTON SALEM, NC, 27103",1950 S HAWTHORNE RD,WINSTON-SALEM,NC,27103,,,
281361,40.785914041047,-99.75751767865,https://geocoding.geo.census.gov/,"1201 N ERIE ST, LEXINGTON, NE, 68850","P O BOX 980, 1201 NORTH ERIE ST",LEXINGTON,NE,68850,,,
340147,35.972968960835,-77.848422852113,https://geocoding.geo.census.gov/,"2460 CURTIS ELLIS DR, ROCKY MOUNT, NC, 27804",2460 CURTIS ELLIS DRIVE,ROCKY MOUNT,NC,27804,,,
290057,36.071147787744,-115.030713708723,https://geocoding.geo.census.gov/,"1050 GALLERIA DR, HENDERSON, NV, 89011",1050 WEST GALLERIA DRIVE,HENDERSON,NV,89011,,,
340141,34.204403533236,-77.923573408231,https://geocoding.geo.census.gov/,"2131 S 17TH ST, WILMINGTON, NC, 28401",2131 S 17TH ST,WILMINGTON,NC,28402,,,
290058,36.239542308703,-115.162771331191,https://geocoding.geo.census.gov/,"1550 W CRAIG RD, NORTH LAS VEGAS, NV, 89032",1550 W CRAIG RANCH,NORTH LAS VEGAS,NV,89031,,,
290053,36.055630527281,-115.272822822031,https://geocoding.geo.census.gov/,"8280 W WARM SPRINGS RD, LAS VEGAS, NV, 89113",8280 W WARM SPRINGS ROAD,LAS VEGAS,NV,89113,,,
290054,36.287264148757,-115.28777872861,https://geocoding.geo.census.gov/,"6900 N DURANGO DR, LAS VEGAS, NV, 89149",6900 N DURANGO DR,LAS VEGAS,NV,89149,,,
330331,40.774541697885,-73.477944407392,https://geocoding.geo.census.gov/,"888 OLD COUNTRY RD, PLAINVIEW, NY, 11803",888 OLD COUNTRY ROAD,PLAINVIEW,NY,11803,,,
330332,40.725864370432,-73.478510145409,https://geocoding.geo.census.gov/,"4295 HEMPSTEAD TPKE, BETHPAGE, NY, 11714",4295 HEMPSTEAD TURNPIKE,BETHPAGE,NY,11714,,,
34013F,35.088719616877,-78.878529935353,https://geocoding.geo.census.gov/,"2300 RAMSEY ST, FAYETTEVILLE, NC, 28301",2300 RAMSEY STREET,FAYETTEVILLE,NC,28301,,,
340131,35.111971707231,-77.066234755628,https://geocoding.geo.census.gov/,"2000 NEUSE BLVD, NEW BERN, NC, 28560",2000 NEUSE BLVD,NEW BERN,NC,28560,,,
420011,34.874268377486,-82.708070757446,https://geocoding.geo.census.gov/,"123 W G ACKER DR, PICKENS, SC, 29671",123 W G ACKER DRIVE,PICKENS,SC,29671,,,
420010,34.3480761477,-80.104461320957,https://geocoding.geo.census.gov/,"1304 W BOBO NEWSOM HWY, HARTSVILLE, SC, 29550",1304 W BOBO NEWSOM HWY,HARTSVILLE,SC,29550,,,
49011F,37.276749961593,-80.021762501604,https://geocoding.geo.census.gov/,"1970 ROANOKE BLVD, SALEM, VA, 24153",1970 ROANOKE BOULEVARD,SALEM,VA,24153,,,
420005,34.421370192669,-79.366097736862,https://geocoding.geo.census.gov/,"301 E JACKSON ST, DILLON, SC, 29536",301 E JACKSON STREET PO BOX 1327,DILLON,SC,29536,,,
490110,37.185695844742,-80.408642302422,https://geocoding.geo.census.gov/,"3700 S MAIN ST, BLACKSBURG, VA, 24060",3700 SOUTH MAIN STREET,BLACKSBURG,VA,24060,,,
420004,32.784961036114,-79.946430040865,https://geocoding.geo.census.gov/,"169 ASHLEY AVE, CHARLESTON, SC, 29425",169 ASHLEY AVE,CHARLESTON,SC,29425,,,
43005F,43.532987962874,-96.757638949529,https://geocoding.geo.census.gov/,"2501 W 22ND ST, SIOUX FALLS, SD, 57105",2501 WEST 22ND STREET,SIOUX FALLS,SD,57117,,,
490112,37.515745091198,-77.524962102721,https://geocoding.geo.census.gov/,"7101 JAHNKE RD, RICHMOND, VA, 23225",7101 JAHNKE ROAD,RICHMOND,VA,23225,,,
420002,34.956250978834,-81.053408059977,https://geocoding.geo.census.gov/,"1731 DR FRANK GASTON BLVD, ROCK HILL, SC, 29732",1731 FRANK GASTON BLVD,ROCK HILL,SC,29732,,,
490111,36.95332718336,-81.095688280007,https://geocoding.geo.census.gov/,"600 W RIDGE RD, WYTHEVILLE, VA, 24382",600 WEST RIDGE ROAD,WYTHEVILLE,VA,24382,,,
420009,34.694953173187,-82.985620660156,https://geocoding.geo.census.gov/,"298 MEMORIAL DR, SENECA, SC, 29672",298 MEMORIAL DR,SENECA,SC,29672,,,
420007,34.968049484387,-81.935864938283,https://geocoding.geo.census.gov/,"101 E WOOD ST, SPARTANBURG, SC, 29303",101 E WOOD ST,SPARTANBURG,SC,29303,,,
490118,37.603744321792,-77.53781355226,https://geocoding.geo.census.gov/,"1602 SKIPWITH RD, RICHMOND, VA, 23229",1602 SKIPWITH ROAD,RICHMOND,VA,23229,,,
490117,37.125593601812,-81.490798721529,https://geocoding.geo.census.gov/,"388 BEN BOLT AVE, TAZEWELL, VA, 24651",388 BEN BOLT AVENUE,TAZEWELL,VA,24651,,,
454018,33.906703439003,-98.501129651766,https://geocoding.geo.census.gov/,"1505 8TH ST, WICHITA FALLS, TX, 76301",1505 8TH ST,WICHITA FALLS,TX,76301,,,
490114,36.876521289309,-82.756783678416,https://geocoding.geo.census.gov/,"1990 HOLTON AVE E, BIG STONE GAP, VA, 24219",1990 HOLTON AVENUE EAST,BIG STONE GAP,VA,24219,,,
490113,38.635192247144,-77.285636783525,https://geocoding.geo.census.gov/,"2300 OPITZ BLVD, WOODBRIDGE, VA, 22191",2300 OPITZ BOULEVARD,WOODBRIDGE,VA,22191,,,
490116,37.069951667414,-80.756956548119,https://geocoding.geo.census.gov/,"2400 LEE HWY, PULASKI, VA, 24301",2400 LEE HIGHWAY,PULASKI,VA,24301,,,
490115,36.671759980779,-80.923824804057,https://geocoding.geo.census.gov/,"200 HOSPITAL DR, GALAX, VA, 24333",200 HOSPITAL DRIVE,GALAX,VA,24333,,,
454012,32.750276551323,-97.11374047047,https://geocoding.geo.census.gov/,"1011 N COOPER ST, ARLINGTON, TX, 76011",1011 NORTH COOPER STREET,ARLINGTON,TX,76011,,,
430048,44.498028415357,-103.86108845516,https://geocoding.geo.census.gov/,"1440 N MAIN ST, SPEARFISH, SD, 57783",1440 N MAIN ST,SPEARFISH,SD,57783,,,
454011,29.360645273333,-98.449483361861,https://geocoding.geo.census.gov/,"6711 S NEW BRAUNFELS, SAN ANTONIO, TX, 78223",6711 S NEW BRAUNFELS AVE,SAN ANTONIO,TX,78223,,,
420023,34.843309986035,-82.421905999959,https://geocoding.geo.census.gov/,"1 ST FRANCIS DR, GREENVILLE, SC, 29601",ONE ST FRANCIS DR,GREENVILLE,SC,29601,,,
420020,33.379999130273,-79.285663188538,https://geocoding.geo.census.gov/,"606 BLACK RIVER RD, GEORGETOWN, SC, 29440",606 BLACK RIVER RD DRAWER 1718,GEORGETOWN,SC,29440,,,
420015,34.840294134766,-82.605823864995,https://geocoding.geo.census.gov/,"200 FLEETWOOD DR, EASLEY, SC, 29640",200 FLEETWOOD DRIVE,EASLEY,SC,29640,,,
490101,38.884998036047,-77.378810949606,https://geocoding.geo.census.gov/,"3600 JOSEPH SIEWICK DR, FAIRFAX, VA, 22033",3600 JOSEPH SIEWICK DRIVE,FAIRFAX,VA,22033,,,
440091,35.039867149726,-85.260351456696,https://geocoding.geo.census.gov/,"2525 DESALES AVE, CHATTANOOGA, TN, 37404",2525 DESALES AVE,CHATTANOOGA,TN,37404,,,
490107,38.961460345127,-77.362876896528,https://geocoding.geo.census.gov/,"1850 TOWN CENTER PKWY, RESTON, VA, 20190",1850 TOWN CENTER PARKWAY,RESTON,VA,20190,,,
454009,31.795031062319,-95.138456193247,https://geocoding.geo.census.gov/,"805 S DICKINSON DR, RUSK, TX, 75785",805 N DICKINSON DR,RUSK,TX,75785,,,
454008,33.840543679729,-98.527921995215,https://geocoding.geo.census.gov/,"6515 KEMP BLVD, WICHITA FALLS, TX, 76308",6515 KEMP BLVD,WICHITA FALLS,TX,76308,,,
454006,32.738795094283,-96.26593228529,https://geocoding.geo.census.gov/,"1200 E BRIN ST, TERRELL, TX, 75160",1200 E BRIN STREET,TERRELL,TX,75160,,,
420030,32.921918679582,-80.670755886069,https://geocoding.geo.census.gov/,"501 ROBERTSON BLVD, WALTERBORO, SC, 29488",501 ROBERTSON BOULEVARD,WALTERBORO,SC,29488,,,
423300,34.817809399104,-82.417458408903,https://geocoding.geo.census.gov/,"950 W FARIS RD, GREENVILLE, SC, 29605",950 WEST FARIS ROAD,GREENVILLE,SC,29605,,,
444001,35.14149051951,-90.029280850701,https://geocoding.geo.census.gov/,"951 COURT AVE, MEMPHIS, TN, 38103",951 COURT AVENUE,MEMPHIS,TN,38103,,,
420033,34.926105970758,-81.967500685112,https://geocoding.geo.census.gov/,"1413 JOHN B WHITE SR BLVD, SPARTANBURG, SC, 29306",1413 JOHN B WHITE SR BLVD SUITE D,SPARTANBURG,SC,29306,,,
444003,36.024901977145,-84.243610142131,https://geocoding.geo.census.gov/,"240 W TYRONE RD, OAK RIDGE, TN, 37830",240 W TYRONE RD,OAK RIDGE,TN,37830,,,
444002,35.028153933554,-85.335425556191,https://geocoding.geo.census.gov/,"100 MOCCASIN BEND RD, CHATTANOOGA, TN, 37405",100 MOCCASIN BEND ROAD,CHATTANOOGA,TN,37405,,,
420027,34.511483510166,-82.647394680762,https://geocoding.geo.census.gov/,"800 N FANT ST, ANDERSON, SC, 29621",800 N FANT ST,ANDERSON,SC,29621,,,
420026,34.013389324073,-81.011437347482,https://geocoding.geo.census.gov/,"2435 FOREST DR, COLUMBIA, SC, 29204",2435 FOREST DRIVE,COLUMBIA,SC,29204,,,
45090F,29.508351116754,-98.580918956265,https://geocoding.geo.census.gov/,"7400 MERTON MINTER, SAN ANTONIO, TX, 78229",7400 MERTON MINTER BLVD.,SAN ANTONIO,TX,78229,,,
420043,35.091655651464,-81.63428920053,https://geocoding.geo.census.gov/,"1530 N LIMESTONE ST, GAFFNEY, SC, 29340",1530 N LIMESTONE ST,GAFFNEY,SC,29340,,,
420038,34.479924626186,-81.942295805101,https://geocoding.geo.census.gov/,"22725 US HWY 76, CLINTON, SC, 29325",22725 HIGHWAY 76 EAST,CLINTON,SC,29325,,,
420037,34.718382775903,-82.24744171094,https://geocoding.geo.census.gov/,"741 SE MAIN ST, SIMPSONVILLE, SC, 29681",741 SOUTH EAST MAIN STREET,SIMPSONVILLE,SC,29681,,,
420036,34.717084801905,-80.786268345559,https://geocoding.geo.census.gov/,"800 W MEETING ST, LANCASTER, SC, 29720",800 W MEETING ST,LANCASTER,SC,29720,,,
430077,44.05465765831,-103.210209805048,https://geocoding.geo.census.gov/,"353 E FAIRMONT BLVD, RAPID CITY, SD, 57701",353 FAIRMONT BLVD,RAPID CITY,SD,57701,,,
430012,42.872559295804,-97.40712729299,https://geocoding.geo.census.gov/,"501 SUMMIT ST, YANKTON, SD, 57078",501 SUMMIT ST,YANKTON,SD,57078,,,
430015,44.361166336705,-100.342175140613,https://geocoding.geo.census.gov/,"801 E SIOUX AVE, PIERRE, SD, 57501",801 E SIOUX,PIERRE,SD,57501,,,
430014,45.462062578912,-98.47921908974,https://geocoding.geo.census.gov/,"305 S STATE ST, ABERDEEN, SD, 57401",305 S STATE ST  POST OFFICE BOX 4450,ABERDEEN,SD,57401,,,
430016,43.534554169423,-96.711398604705,https://geocoding.geo.census.gov/,"1325 S CLIFF AVE, SIOUX FALLS, SD, 57105",1325 S CLIFF AVE  POST OFFICE BOX 5045,SIOUX FALLS,SD,57117,,,
440059,36.170114442972,-85.509457428034,https://geocoding.geo.census.gov/,"1 MEDICAL CENTER BLVD, COOKEVILLE, TN, 38501",1 MEDICAL CENTER BOULEVARD,COOKEVILLE,TN,38501,,,
440058,35.175983271536,-86.091021446226,https://geocoding.geo.census.gov/,"185 HOSPITAL RD, WINCHESTER, TN, 37398",185 HOSPITAL ROAD,WINCHESTER,TN,37398,,,
390316,40.358166171371,-75.987047881415,https://geocoding.geo.census.gov/,"2752 CENTURY BL, WYOMISSING, PA, 19610",2752 CENTURY BOULEVARD,WYOMISSING,PA,19610,,,
440056,36.107634752808,-83.518978887601,https://geocoding.geo.census.gov/,"110 HOSPITAL DR, JEFFERSON CITY, TN, 37760",110 HOSPITAL DRIVE,JEFFERSON CITY,TN,37760,,,
440063,36.308596004161,-82.386459293853,https://geocoding.geo.census.gov/,"400 N STATE OF FRANKLIN RD, JOHNSON CITY, TN, 37604",400 N STATE OF FRANKLIN RD,JOHNSON CITY,TN,37604,,,
440061,36.334262701016,-88.866866073332,https://geocoding.geo.census.gov/,"161 MOUNT PELIA RD, MARTIN, TN, 38237",161 MOUNT PELIA RD,MARTIN,TN,38237,,,
440060,35.913435443021,-88.753693738879,https://geocoding.geo.census.gov/,"4039 HIGHLAND ST, MILAN, TN, 38358",4039 HIGHLAND ST,MILAN,TN,38358,,,
431333,43.304150543381,-96.557493751995,https://geocoding.geo.census.gov/,"440 N HIAWATHA DR, CANTON, SD, 57013",440 NORTH HIAWATHA DRIVE,CANTON,SD,57013,,,
431332,44.386325617599,-97.561660705862,https://geocoding.geo.census.gov/,"306 PRAIRIE AVE, DE SMET, SD, 57231",306 PRAIRIE AVENUE SW  POST OFFICE BOX 160,DE SMET,SD,57231,,,
431335,44.361984459404,-98.211264022851,https://geocoding.geo.census.gov/,"172 4TH ST SE, HURON, SD, 57350",172 FOURTH STREET SE,HURON,SD,57350,,,
450097,29.665100011863,-95.182336438962,https://geocoding.geo.census.gov/,"4000 SPENCER HWY, PASADENA, TX, 77504",4000 SPENCER HWY,PASADENA,TX,77504,,,
431334,43.370837702253,-99.847209436983,https://geocoding.geo.census.gov/,"745 E 8TH ST, WINNER, SD, 57580",745 EAST 8TH STREET,WINNER,SD,57580,,,
431337,44.520559684479,-98.992101688865,https://geocoding.geo.census.gov/,"300 W 5TH ST, MILLER, SD, 57362",300 W 5TH ST,MILLER,SD,57362,,,
430005,44.910956698753,-97.119584716022,https://geocoding.geo.census.gov/,"401 9TH AVE NW, WATERTOWN, SD, 57201",401 9TH AVENUE NW  POST OFFICE BOX 1210,WATERTOWN,SD,57201,,,
431336,42.778545280393,-96.919854679305,https://geocoding.geo.census.gov/,"20 S PLUM ST, VERMILLION, SD, 57069",20 SOUTH PLUM STREET,VERMILLION,SD,57069,,,
430008,44.307078351833,-96.768118023024,https://geocoding.geo.census.gov/,"300 22ND AVE, BROOKINGS, SD, 57006",300 22ND AVE,BROOKINGS,SD,57006,,,
431339,45.658378672454,-97.050797249482,https://geocoding.geo.census.gov/,"205 ORCHARD DR, SISSETON, SD, 57262",205 ORCHARD DR,SISSETON,SD,57262,,,
450092,28.712233219786,-100.453967903111,https://geocoding.geo.census.gov/,"3333 FOSTER MALDONADO BLVD, EAGLE PASS, TX, 78852",3333 N FOSTER MALDONADO BLVD,EAGLE PASS,TX,78852,,,
390322,40.116066225978,-74.961295703437,https://geocoding.geo.census.gov/,"3300 TILLMAN DR, BENSALEM, PA, 19020",3300 TILLMAN DRIVE,BENSALEM,PA,19020,,,
390323,40.156998776713,-80.280771995831,https://geocoding.geo.census.gov/,"100 TRICH DR, WASHINGTON, PA, 15301",100 TRICH DRIVE,WASHINGTON,PA,15301,,,
440049,35.137080127542,-90.019655960474,https://geocoding.geo.census.gov/,"1265 UNION AVE, MEMPHIS, TN, 38104",1265 UNION AVE SUITE 700,MEMPHIS,TN,38104,,,
390324,40.216777250979,-75.554120265157,https://geocoding.geo.census.gov/,"454 ENTERPRISE DR, ROYERSFORD, PA, 19468",454 ENTERPRISE DRIVE,ROYERSFORD,PA,19468,,,
440048,35.130684801222,-89.860444128669,https://geocoding.geo.census.gov/,"6019 WALNUT GROVE RD, MEMPHIS, TN, 38120",6019 WALNUT GROVE ROAD,MEMPHIS,TN,38120,,,
390325,39.9166666795,-76.696719565001,https://geocoding.geo.census.gov/,"1861 POWDER MILL RD, YORK, PA, 17402",1861 POWDER MILL RD,YORK,PA,17402,,,
440046,36.07205452834,-87.375171322421,https://geocoding.geo.census.gov/,"111 HWY 70 E, DICKSON, TN, 37055",111 HIGHWAY 70 EAST,DICKSON,TN,37055,,,
390327,39.922948565987,-76.717843145772,https://geocoding.geo.census.gov/,"55 MONUMENT RD, YORK, PA, 17403",55 MONUMENT ROAD,YORK,PA,17403,,,
390328,40.43755533427,-79.759505323431,https://geocoding.geo.census.gov/,"2775 MOSSIDE BLVD, MONROEVILLE, PA, 15146",2775 MOSSIDE BOULEVARD,MONROEVILLE,PA,15146,,,
390329,40.150579615395,-75.341823944384,https://geocoding.geo.census.gov/,"559 W GERMANTOWN PIKE, EAST NORRITON, PA, 19403",559 WEST GERMANTOWN PIKE,EAST NORRITON,PA,19403,,,
440053,35.860394969608,-86.420853281198,https://geocoding.geo.census.gov/,"1700 MEDICAL CENTER PKWY, MURFREESBORO, TN, 37129",1700 MEDICAL CENTER PARKWAY,MURFREESBORO,TN,37129,,,
421300,32.966103482108,-81.247721319369,https://geocoding.geo.census.gov/,"1787 ALLENDALE-FAIRFAX HWY, FAIRFAX, SC, 29827",1787 ALLENDALE FAIRFAX RD,FAIRFAX,SC,29827,,,
440050,36.173569209586,-82.79315722323,https://geocoding.geo.census.gov/,"1420 TUSCULUM BLVD, GREENEVILLE, TN, 37745",1420 TUSCULUM BOULEVARD,GREENEVILLE,TN,37745,,,
421304,33.778688709385,-81.93011515867,https://geocoding.geo.census.gov/,"300 RIDGE MEDICAL PLAZA RD, EDGEFIELD, SC, 29824",300 RIDGE MEDICAL PLAZA,EDGEFIELD,SC,29384,,,
431340,43.713978575565,-98.007415674085,https://geocoding.geo.census.gov/,"525 N FOSTER ST, MITCHELL, SD, 57301",525 NORTH FOSTER STREET,MITCHELL,SD,57301,,,
450087,32.829102915739,-97.212281424845,https://geocoding.geo.census.gov/,"4401 BOOTH CALLOWAY RD, NORTH RICHLAND HILLS, TX, 76180",4401 BOOTH CALLOWAY ROAD,NORTH RICHLAND HILLS,TX,76180,,,
464012,40.728096311502,-111.877649649252,https://geocoding.geo.census.gov/,"451 BISHOP FEDERAL LN, SALT LAKE CITY, UT, 84115",451 EAST BISHOP FEDERAL LANE,SALT LAKE CITY,UT,84115,,,
440084,35.600309101248,-84.464228609402,https://geocoding.geo.census.gov/,"304 WRIGHT ST, SWEETWATER, TN, 37874",304 WRIGHT ST,SWEETWATER,TN,37874,,,
440082,36.127652375719,-86.843863833919,https://geocoding.geo.census.gov/,"4220 HARDING PIKE, NASHVILLE, TN, 37205","4220 HARDING RD, PO BOX 380",NASHVILLE,TN,37205,,,
440081,35.855087632649,-83.538381807302,https://geocoding.geo.census.gov/,"742 MIDDLE CREEK RD, SEVIERVILLE, TN, 37862",742 MIDDLECREEK ROAD,SEVIERVILLE,TN,37862,,,
430027,43.536616378386,-96.742601351617,https://geocoding.geo.census.gov/,"1305 W 18TH ST, SIOUX FALLS, SD, 57105",1305 W 18TH ST  POST OFFICE BOX 5039,SIOUX FALLS,SD,57117,,,
464014,40.311190932533,-111.664266808448,https://geocoding.geo.census.gov/,"1350 E 750 N, OREM, UT, 84097",1350 EAST 750 NORTH,OREM,UT,84097,,,
390304,40.02851924253,-75.210354651754,https://geocoding.geo.census.gov/,"5800 RIDGE AVE, PHILADELPHIA, PA, 19128",5800 RIDGE AVE,PHILADELPHIA,PA,19128,,,
440068,35.440598328591,-84.608252751885,https://geocoding.geo.census.gov/,"1114 W MADISON AVE, ATHENS, TN, 37303",1114 W MADISON AVE,ATHENS,TN,37371,,,
464013,40.688358470667,-111.871444539242,https://geocoding.geo.census.gov/,"3802 S 700 E, SALT LAKE CITY, UT, 84106",3802 SOUTH 700 EAST,SALT LAKE CITY,UT,84106,,,
390307,41.330103321276,-80.419674857496,https://geocoding.geo.census.gov/,"239 EDGEWOOD DR EXD, TRANSFER, PA, 16154",239 EDGEWOOD DRIVE EXTENSION,TRANSFER,PA,16154,,,
43002F,44.412043099396,-103.467736862421,https://geocoding.geo.census.gov/,"113 COMANCHE RD, FORT MEADE, SD, 57741",113 COMANCHE ROAD,FORT MEADE,SD,57741,,,
440073,35.607304477406,-87.064264377499,https://geocoding.geo.census.gov/,"1224 TROTWOOD AVE, COLUMBIA, TN, 38401",1224 TROTWOOD AVE,COLUMBIA,TN,38401,,,
440072,36.047366103346,-89.380906136238,https://geocoding.geo.census.gov/,"400 E TICKLE ST, DYERSBURG, TN, 38024",400 EAST TICKLE STREET,DYERSBURG,TN,38024,,,
433300,43.529366060776,-96.756115914098,https://geocoding.geo.census.gov/,"2501 W 26TH ST, SIOUX FALLS, SD, 57105",2501 W 26TH ST,SIOUX FALLS,SD,57105,,,
431300,43.992994000775,-97.117195038824,https://geocoding.geo.census.gov/,"323 10TH ST SW, MADISON, SD, 57042",323 SW 10TH ST,MADISON,SD,57042,,,
451393,31.322006245771,-95.437069196915,https://geocoding.geo.census.gov/,"1100 E LOOP 304, CROCKETT, TX, 75835",1100 E LOOP 304,CROCKETT,TX,75835,,,
451392,31.703912026724,-98.11336365777,https://geocoding.geo.census.gov/,"400 N BROWN ST, HAMILTON, TX, 76531","400 N BROWN, BUILDING 1",HAMILTON,TX,76531,,,
431302,45.067226080668,-99.797497336448,https://geocoding.geo.census.gov/,"606 W GARFIELD, GETTYSBURG, SD, 57442",606 EAST GARFIELD,GETTYSBURG,SD,57442,,,
450064,32.750080167023,-97.116112535337,https://geocoding.geo.census.gov/,"800 W RANDOL MILL RD, ARLINGTON, TX, 76012",800 W RANDOL MILL RD,ARLINGTON,TX,76012,,,
431301,45.030019658003,-99.131661064003,https://geocoding.geo.census.gov/,"1300 OAK ST, FAULKTON, SD, 57438",1300 OAK STREET  POST OFFICE BOX 100,FAULKTON,SD,57438,,,
451394,33.414044593929,-99.811839345674,https://geocoding.geo.census.gov/,"701 SE 5TH ST, KNOX CITY, TX, 79529",701 SOUTHEAST 5TH STREET,KNOX CITY,TX,79529,,,
390110,40.305886519546,-78.917394535962,https://geocoding.geo.census.gov/,"1086 FRANKLIN ST, JOHNSTOWN, PA, 15905",1086 FRANKLIN STREET,JOHNSTOWN,PA,15905,,,
431306,43.384230790986,-98.836596889148,https://geocoding.geo.census.gov/,"601 7TH ST, PLATTE, SD, 57369",601 E 7TH ST  POST OFFICE BOX 200,PLATTE,SD,57369,,,
390111,39.950398447809,-75.192672634238,https://geocoding.geo.census.gov/,"3400 SPRUCE ST, PHILADELPHIA, PA, 19104",3400 SPRUCE ST,PHILADELPHIA,PA,19104,,,
431305,43.324897372173,-98.346266446655,https://geocoding.geo.census.gov/,"708 8TH ST, ARMOUR, SD, 57313",708 8TH ST,ARMOUR,SD,57313,,,
451390,28.520018740879,-99.861547522863,https://geocoding.geo.census.gov/,"704 HOSPITAL DR, CARRIZO SPRINGS, TX, 78834",704 HOSPITAL DRIVE,CARRIZO SPRINGS,TX,78834,,,
431308,45.767251365938,-99.613204015337,https://geocoding.geo.census.gov/,"200 J AVE, EUREKA, SD, 57437",200 J AVE POST OFFICE BOX 517,EUREKA,SD,57437,,,
440018,36.34442517211,-82.24892034698,https://geocoding.geo.census.gov/,"1501 W ELK AVE, ELIZABETHTON, TN, 37643",1501 WEST ELK AVENUE,ELIZABETHTON,TN,37643,,,
390113,41.641690006308,-80.146292670224,https://geocoding.geo.census.gov/,"751 LIBERTY ST, MEADVILLE, PA, 16335",751 LIBERTY STREET,MEADVILLE,PA,16335,,,
440017,36.55229460984,-82.553328034307,https://geocoding.geo.census.gov/,"130 W RAVINE RD, KINGSPORT, TN, 37660",130 WEST RAVINE ROAD,KINGSPORT,TN,37662,,,
390114,40.437545340705,-79.960206813296,https://geocoding.geo.census.gov/,"300 HALKET ST, PITTSBURGH, PA, 15213",300 HALKET STREET,PITTSBURGH,PA,15213,,,
440016,36.023519842033,-88.413406887599,https://geocoding.geo.census.gov/,"631 R B WILSON DR, HUNTINGDON, TN, 38344",631 RB WILSON DR,HUNTINGDON,TN,38344,,,
431309,43.182354722305,-99.293743965194,https://geocoding.geo.census.gov/,"809 JACKSON ST, BURKE, SD, 57523",809 JACKSON,BURKE,SD,57523,,,
440015,35.939818769525,-83.948842678582,https://geocoding.geo.census.gov/,"1924 ALCOA HWY, KNOXVILLE, TN, 37920",1924 ALCOA HIGHWAY,KNOXVILLE,TN,37920,,,
390116,40.139516687226,-75.314843621435,https://geocoding.geo.census.gov/,"2701 DEKALB PIKE, NORRISTOWN, PA, 19401",2701 DEKALB PIKE,NORRISTOWN,PA,19401,,,
440011,35.755028716957,-83.959230554463,https://geocoding.geo.census.gov/,"907 E LAMAR ALEXANDER PKWY, MARYVILLE, TN, 37804",907 E LAMAR ALEXANDER PARKWAY,MARYVILLE,TN,37804,,,
440020,35.191209411873,-87.004318545191,https://geocoding.geo.census.gov/,"1265 E COLLEGE ST, PULASKI, TN, 38478",1265 E COLLEGE ST,PULASKI,TN,38478,,,
450058,29.433049463702,-98.492639999664,https://geocoding.geo.census.gov/,"111 DALLAS ST, SAN ANTONIO, TX, 78205",111 DALLAS STREET,SAN ANTONIO,TX,78205,,,
450055,32.453835063809,-100.398200565781,https://geocoding.geo.census.gov/,"200 E ARIZONA AVE, SWEETWATER, TX, 79556",200 E ARIZONA,SWEETWATER,TX,79556,,,
451386,35.864344860079,-101.971444233453,https://geocoding.geo.census.gov/,"224 E 2ND ST, DUMAS, TX, 79029",224 E SECOND STREET,DUMAS,TX,79029,,,
450054,31.078683889338,-97.365899898738,https://geocoding.geo.census.gov/,"2401 S 31ST ST, TEMPLE, TX, 76508",2401 S  31ST ST,TEMPLE,TX,76508,,,
450056,30.305991183863,-97.74498764669,https://geocoding.geo.census.gov/,"1201 W 38TH ST, AUSTIN, TX, 78705",1201 W 38TH ST,AUSTIN,TX,78705,,,
451387,29.216291349165,-99.764432600901,https://geocoding.geo.census.gov/,"1025 GARNER FIELD RD, UVALDE, TX, 78801",1025 GARNER FIELD ROAD,UVALDE,TX,78801,,,
450051,32.761267216358,-96.823003425122,https://geocoding.geo.census.gov/,"1441 N BECKLEY AVE, DALLAS, TX, 75203",1441 NORTH BECKLEY AVENUE,DALLAS,TX,75203,,,
451382,31.98933640647,-98.563207471625,https://geocoding.geo.census.gov/,"10201 STATE HWY 16, COMANCHE, TX, 76442",10201 HWY 16,COMANCHE,TX,76442,,,
451381,32.947971531687,-95.305127329796,https://geocoding.geo.census.gov/,"719 W COKE RD, WINNSBORO, TX, 75494",719 WEST COKE ROAD,WINNSBORO,TX,75494,,,
451384,32.688485091028,-100.917655385828,https://geocoding.geo.census.gov/,"1700 COGDELL BLVD, SNYDER, TX, 79549",1700 COGDELL BLVD,SNYDER,TX,79549,,,
440009,35.942567073352,-85.022801695404,https://geocoding.geo.census.gov/,"421 S MAIN ST, CROSSVILLE, TN, 38555",421 S MAIN ST,CROSSVILLE,TN,38555,,,
451380,32.797556355329,-95.443996459669,https://geocoding.geo.census.gov/,"117 WINNSBORO ST, QUITMAN, TX, 75783",117 WINNSBORO STREET,QUITMAN,TX,75783,,,
440008,35.654144812081,-88.398406168679,https://geocoding.geo.census.gov/,"200 W CHURCH ST, LEXINGTON, TN, 38351",200 W CHURCH ST,LEXINGTON,TN,38351,,,
390123,40.24389715057,-75.610379882891,https://geocoding.geo.census.gov/,"1600 E HIGH ST, POTTSTOWN, PA, 19464",1600 EAST HIGH STREET,POTTSTOWN,PA,19464,,,
440007,35.497799279251,-86.077945066222,https://geocoding.geo.census.gov/,"481 INTERSTATE DR, MANCHESTER, TN, 37355",481 INTERSTATE DRIVE,MANCHESTER,TN,37355,,,
440006,36.24449590253,-86.756429519622,https://geocoding.geo.census.gov/,"3441 DICKERSON PIKE, NASHVILLE, TN, 37207",3441 DICKERSON PIKE,NASHVILLE,TN,37207,,,
390125,41.576591611127,-75.259435034865,https://geocoding.geo.census.gov/,"601 W PARK ST, HONESDALE, PA, 18431",601 PARK STREET,HONESDALE,PA,18431,,,
390127,40.123966382639,-75.513937554348,https://geocoding.geo.census.gov/,"140 NUTT RD, PHOENIXVILLE, PA, 19460",140 NUTT ROAD,PHOENIXVILLE,PA,19460,,,
440003,36.391204202881,-86.435308206853,https://geocoding.geo.census.gov/,"555 HARTSVILLE PIKE, GALLATIN, TN, 37066",555 HARTSVILLE PIKE,GALLATIN,TN,37066,,,
440002,35.639497067108,-88.832892819387,https://geocoding.geo.census.gov/,"620 SKYLINE DR, JACKSON, TN, 38301",620 SKYLINE DRIVE,JACKSON,TN,38301,,,
464001,40.233722916458,-111.635763246354,https://geocoding.geo.census.gov/,"1300 E CENTER ST, PROVO, UT, 84606",1300 EAST CENTER STREET,PROVO,UT,84605,,,
453318,32.905184906068,-96.748532614877,https://geocoding.geo.census.gov/,"9525 GREENVILLE AVE, DALLAS, TX, 75243",9525 GREENVILLE AVENUE,DALLAS,TX,75243,,,
453319,30.474825120203,-97.793634841388,https://geocoding.geo.census.gov/,"9835 N LAKE CREEK PKWY, AUSTIN, TX, 78717",9835 NORTH LAKE CREEK PARKWAY BLDG A,AUSTIN,TX,78717,,,
451379,31.433623240774,-97.77613408594,https://geocoding.geo.census.gov/,"1507 W MAIN ST, GATESVILLE, TX, 76528",1507 W MAIN STREET,GATESVILLE,TX,76528,,,
453316,33.075037855961,-96.796212724705,https://geocoding.geo.census.gov/,"7601 PRESTON RD, PLANO, TX, 75024",7601 PRESTON ROAD,PLANO,TX,75024,,,
450289,29.712578916721,-95.393750521299,https://geocoding.geo.census.gov/,"1504 TAUB LOOP, HOUSTON, TX, 77030",1504 TAUB LOOP,HOUSTON,TX,77030,,,
451378,30.384498994817,-103.672435929835,https://geocoding.geo.census.gov/,"2600 STATE HWY 118, ALPINE, TX, 79830",2600 HIGHWAY 118 NORTH,ALPINE,TX,79830,,,
453314,32.801965064166,-96.814815160414,https://geocoding.geo.census.gov/,"2222 WELBORN ST, DALLAS, TX, 75219",2222 WELBORN STREET,DALLAS,TX,75219,,,
453315,29.42814718291,-98.497816444026,https://geocoding.geo.census.gov/,"333 N SANTA ROSA ST, SAN ANTONIO, TX, 78207",333 N SANTA ROSA ST,SAN ANTONIO,TX,78207,,,
450044,32.819792821696,-96.847232679976,https://geocoding.geo.census.gov/,"6201 HARRY HINES BLVD, DALLAS, TX, 75235",6201 HARRY HINES BLVD,DALLAS,TX,75390,,,
451375,30.068677123061,-94.79795640497,https://geocoding.geo.census.gov/,"1353 N TRAVIS ST, LIBERTY, TX, 77575",1353 N TRAVIS ST,LIBERTY,TX,77575,,,
451374,30.592520342718,-97.413263553033,https://geocoding.geo.census.gov/,"305 MALLARD LN, TAYLOR, TX, 76574",305 MALLARD,TAYLOR,TX,76574,,,
453313,31.770598726777,-106.433949987973,https://geocoding.geo.census.gov/,"4845 ALAMEDA AVE, EL PASO, TX, 79905",4845 ALAMEDA AVENUE,EL PASO,TX,79905,,,
451377,31.40158737066,-103.512896189762,https://geocoding.geo.census.gov/,"2323 TEXAS ST, PECOS, TX, 79772",2323 TEXAS STREET,PECOS,TX,79772,,,
453310,30.301282199733,-97.7058357398,https://geocoding.geo.census.gov/,"4900 MUELLER BLVD, AUSTIN, TX, 78723",4900 MUELLER BLVD,AUSTIN,TX,78723,,,
451376,29.460664651317,-96.939692682898,https://geocoding.geo.census.gov/,"1400 N TEXANA ST, HALLETTSVILLE, TX, 77964",1400 NORTH TEXANA STREET,HALLETTSVILLE,TX,77964,,,
453311,29.309794263098,-94.776826873798,https://geocoding.geo.census.gov/,"815 MARKET ST, GALVESTON, TX, 77550",815 MARKET STREET,GALVESTON,TX,77550,,,
431322,43.419542481613,-103.477823319384,https://geocoding.geo.census.gov/,"1201 STATE HWY 71, HOT SPRINGS, SD, 57747",1201 HIGHWAY 71 SOUTH,HOT SPRINGS,SD,57747,,,
431321,44.402262428886,-103.509059846117,https://geocoding.geo.census.gov/,"2140 JUNCTION AVE, STURGIS, SD, 57785",2140 JUNCTION AVE,STURGIS,SD,57785,,,
450083,32.338681868619,-95.291829143979,https://geocoding.geo.census.gov/,"1000 S BECKHAM AVE, TYLER, TX, 75701",1000 SOUTH BECKHAM AVE,TYLER,TX,75701,,,
431324,44.080457189883,-98.563597696137,https://geocoding.geo.census.gov/,"604 1ST ST NE, WESSINGTON SPRINGS, SD, 57382",604 1ST ST NE,WESSINGTON SPRINGS,SD,57382,,,
431325,45.54630623968,-100.448360597545,https://geocoding.geo.census.gov/,"1401 10TH AVE W, MOBRIDGE, SD, 57601",1401 10TH AVE WEST,MOBRIDGE,SD,57601,,,
390330,40.997317873431,-75.261333851614,https://geocoding.geo.census.gov/,"100 ST LUKES LN, STROUDSBURG, PA, 18360",100 ST LUKE'S LANE,STROUDSBURG,PA,18360,,,
431328,43.173615420559,-97.084463735811,https://geocoding.geo.census.gov/,"315 N WASHINGTON ST, VIBORG, SD, 57070",315 N WASHINGTON AVE  POST OFFICE BOX 368,VIBORG,SD,57070,,,
450082,28.407921843132,-97.732609060128,https://geocoding.geo.census.gov/,"1500 E HOUSTON ST, BEEVILLE, TX, 78102",1500 E HOUSTON HWY,BEEVILLE,TX,78102,,,
390331,39.948239954969,-75.155903022016,https://geocoding.geo.census.gov/,"840 WALNUT ST, PHILADELPHIA, PA, 19107",840 WALNUT STREET,PHILADELPHIA,PA,19107,,,
431327,42.991279688336,-97.867666308479,https://geocoding.geo.census.gov/,"410 W 16TH AVE, TYNDALL, SD, 57066",410 W 16TH AVE,TYNDALL,SD,57066,,,
390333,40.310166695427,-79.600193636828,https://geocoding.geo.census.gov/,"6321 US HWY 30, GREENSBURG, PA, 15601",6321 ROUTE 30,GREENSBURG,PA,15601,,,
431329,43.786244373168,-99.323872022577,https://geocoding.geo.census.gov/,"300 S BYRON BLVD, CHAMBERLAIN, SD, 57325",300 S BYRON,CHAMBERLAIN,SD,57325,,,
440039,36.142652657974,-86.801328874778,https://geocoding.geo.census.gov/,"1211 MEDICAL CENTER DR, NASHVILLE, TN, 37232",1211 MEDICAL CENTER DRIVE,NASHVILLE,TN,37232,,,
390334,40.634107553617,-80.060370502814,https://geocoding.geo.census.gov/,"12351 PERRY HWY, WEXFORD, PA, 15090",12351 PERRY HIGHWAY,WEXFORD,PA,15090,,,
390336,40.291824230591,-76.986582856668,https://geocoding.geo.census.gov/,"2200 N GOOD HOPE RD, ENOLA, PA, 17025",2200 GOOD HOPE ROAD,ENOLA,PA,17025,,,
390337,41.238912925541,-76.80589776628,https://geocoding.geo.census.gov/,"255 US HWY 220, MUNCY, PA, 17756",255 ROUTE 220 HIGHWAY,MUNCY,PA,17756,,,
440035,36.580095529605,-87.27058595668,https://geocoding.geo.census.gov/,"651 DUNLOP LN, CLARKSVILLE, TN, 37040",651 DUNLOP LANE,CLARKSVILLE,TN,37040,,,
390338,41.453616213788,-75.632876517618,https://geocoding.geo.census.gov/,"330 MAIN ST, DICKSON CITY, PA, 18519",330 MAIN STREET,DICKSON CITY,PA,18519,,,
440034,36.024089115657,-84.243175635055,https://geocoding.geo.census.gov/,"990 OAK RIDGE TPKE, OAK RIDGE, TN, 37830",990 OAK RIDGE TURNPIKE BOX 529,OAK RIDGE,TN,37830,,,
390339,40.081371697434,-76.382024008006,https://geocoding.geo.census.gov/,"2160 STATE RD, LANCASTER, PA, 17601",2160 STATE ROAD,LANCASTER,PA,17601,,,
440033,36.388023987197,-84.112680149412,https://geocoding.geo.census.gov/,"923 E CENTRAL AVE, LA FOLLETTE, TN, 37766",923 EAST CENTRAL AVENUE,LA FOLLETTE,TN,37766,,,
443302,35.148766829627,-90.043169736035,https://geocoding.geo.census.gov/,"262 N DANNY THOMAS BLVD, MEMPHIS, TN, 38105",262 DANNY THOMAS PLACE,MEMPHIS,TN,38105,,,
443303,35.956503082174,-83.93778372363,https://geocoding.geo.census.gov/,"2018 CLINCH AVE SW, KNOXVILLE, TN, 37916",2018 CLINCH AVE SW,KNOXVILLE,TN,37916,,,
474004,44.222177418963,-72.564931769599,https://geocoding.geo.census.gov/,"350 FISHER RD, BERLIN, VT, 05602",350 FISHER ROAD,BERLIN,VT,05602,,,
431331,43.828332833988,-96.715434391745,https://geocoding.geo.census.gov/,"909 IOWA AVE, DELL RAPIDS, SD, 57022",909 N IOWA AVE,DELL RAPIDS,SD,57022,,,
431330,43.399001818265,-97.990178479503,https://geocoding.geo.census.gov/,"401 W GLYNN DR, PARKSTON, SD, 57366",401 WEST GLYNN DRIVE,PARKSTON,SD,57366,,,
431311,45.339418138998,-97.521540538132,https://geocoding.geo.census.gov/,"1401 W 1ST ST, WEBSTER, SD, 57274",1401 W FIRST ST POST OFFICE BOX 489,WEBSTER,SD,57274,,,
431310,44.050569951402,-96.591522358096,https://geocoding.geo.census.gov/,"214 N PRAIRIE ST, FLANDREAU, SD, 57028",214 NORTH PRAIRIE STREET,FLANDREAU,SD,57028,,,
450072,29.027549334335,-95.450451014372,https://geocoding.geo.census.gov/,"100 MEDICAL DR, LAKE JACKSON, TX, 77566",100 MEDICAL DRIVE,LAKE JACKSON,TX,77566,,,
431313,43.347587252836,-97.430968011147,https://geocoding.geo.census.gov/,"510 E 8TH ST, FREEMAN, SD, 57029",510 E 8TH ST  POST OFFICE BOX 370,FREEMAN,SD,57029,,,
431312,45.78909102068,-97.745997810737,https://geocoding.geo.census.gov/,"413 9TH ST, BRITTON, SD, 57430",413 9TH STREET,BRITTON,SD,57430,,,
431315,43.078980211261,-98.301078878299,https://geocoding.geo.census.gov/,"513 3RD ST, WAGNER, SD, 57380",513 3RD ST SW,WAGNER,SD,57380,,,
431314,43.169255596218,-101.731736719866,https://geocoding.geo.census.gov/,"102 MAJOR ALLEN ST, MARTIN, SD, 57551",102 MAJOR ALLEN   POST OFFICE BOX 70D,MARTIN,SD,57551,,,
390100,40.047118828646,-76.305297671094,https://geocoding.geo.census.gov/,"555 N DUKE ST, LANCASTER, PA, 17602",555 NORTH DUKE STREET,LANCASTER,PA,17602,,,
431316,44.871895477699,-98.520282539992,https://geocoding.geo.census.gov/,"111 W 10TH AVE, REDFIELD, SD, 57469",111 W 10TH AVE  POST OFFICE BOX 420,REDFIELD,SD,57469,,,
431319,44.039479573741,-101.67034344798,https://geocoding.geo.census.gov/,"503 W PINE ST, PHILIP, SD, 57567",503 W PINE  POST OFFICE BOX 790,PHILIP,SD,57567,,,
440029,35.917674823262,-86.817000850004,https://geocoding.geo.census.gov/,"4321 CAROTHERS PKWY, FRANKLIN, TN, 37067",4321 CAROTHERS PARKWAY,FRANKLIN,TN,37067,,,
390102,40.487544910665,-79.896260310652,https://geocoding.geo.census.gov/,"815 FREEPORT RD, PITTSBURGH, PA, 15215",815 FREEPORT ROAD,PITTSBURGH,PA,15215,,,
431318,45.448489716739,-99.659557646971,https://geocoding.geo.census.gov/,"8001 5TH ST, BOWDLE, SD, 57428",8001 W 5TH  POST OFFICE BOX 556,BOWDLE,SD,57428,,,
390107,40.576306566079,-80.014282685708,https://geocoding.geo.census.gov/,"9100 BABCOCK BLVD, PITTSBURGH, PA, 15237",9100 BABCOCK BOULEVARD,PITTSBURGH,PA,15237,,,
440032,36.399171808578,-83.01406415049,https://geocoding.geo.census.gov/,"851 LOCUST ST, ROGERSVILLE, TN, 37857",851 LOCUST STREET,ROGERSVILLE,TN,37857,,,
440031,35.889439296622,-84.555798210589,https://geocoding.geo.census.gov/,"8045 ROANE MEDICAL CENTER DR, HARRIMAN, TN, 37748",8045 ROANE MEDICAL CENTER DRIVE,HARRIMAN,TN,37748,,,
440030,36.211977834118,-83.304421012086,https://geocoding.geo.census.gov/,"908 W 4TH NORTH ST, MORRISTOWN, TN, 37814",908 W 4TH NORTH ST,MORRISTOWN,TN,37814,,,
451397,30.145989632,-96.398533817299,https://geocoding.geo.census.gov/,"700 MEDICAL PKWY, BRENHAM, TX, 77833",700 MEDICAL PARKWAY,BRENHAM,TX,77833,,,
451396,30.74328658308,-98.677143631044,https://geocoding.geo.census.gov/,"200 W OLLIE ST, LLANO, TX, 78643",200 W OLLIE,LLANO,TX,78643,,,
431320,44.370086371397,-103.728184001504,https://geocoding.geo.census.gov/,"61 CHARLES ST, DEADWOOD, SD, 57732",61 CHARLES STREET,DEADWOOD,SD,57732,,,
450068,29.71509482743,-95.396526728592,https://geocoding.geo.census.gov/,"6411 FANNIN ST, HOUSTON, TX, 77030",6411 FANNIN,HOUSTON,TX,77030,,,
451399,33.592203319674,-99.247683161691,https://geocoding.geo.census.gov/,"200 STADIUM DR, SEYMOUR, TX, 76380",200 STADIUM DRIVE,SEYMOUR,TX,76380,,,
390150,39.900630409758,-80.173863630905,https://geocoding.geo.census.gov/,"350 BONAR AVE, WAYNESBURG, PA, 15370",350 BONAR AVENUE,WAYNESBURG,PA,15370,,,
451351,33.166559286167,-101.815185480962,https://geocoding.geo.census.gov/,"2600 LOCKWOOD ST, TAHOKA, TX, 79373",2600 LOCKWOOD STREET,TAHOKA,TX,79373,,,
390151,39.934873574858,-77.647365591546,https://geocoding.geo.census.gov/,"112 N 7TH ST, CHAMBERSBURG, PA, 17201",112 NORTH SEVENTH STREET,CHAMBERSBURG,PA,17201,,,
451350,34.555630750385,-102.315171673887,https://geocoding.geo.census.gov/,"310 W HALSELL ST, DIMMITT, TX, 79027",310 WEST HALSELL STREET,DIMMITT,TX,79027,,,
441309,35.464462352151,-86.786602707849,https://geocoding.geo.census.gov/,"1080 N ELLINGTON PKWY, LEWISBURG, TN, 37091",1080 NORTH ELLINGTON PARKWAY,LEWISBURG,TN,37091,,,
390153,40.042186136148,-75.50050912048,https://geocoding.geo.census.gov/,"255 W LANCASTER AVE, PAOLI, PA, 19301",255 WEST LANCASTER AVENUE,PAOLI,PA,19301,,,
440218,36.155776149965,-86.8037469453,https://geocoding.geo.census.gov/,"2011 MURPHY AVE, NASHVILLE, TN, 37203",2011 MURPHY AVENUE,NASHVILLE,TN,37203,,,
441307,36.263311933774,-85.949512686162,https://geocoding.geo.census.gov/,"158 HOSPITAL DR, CARTHAGE, TN, 37030",158 HOSPITAL DRIVE,CARTHAGE,TN,37030,,,
441306,35.621692911463,-85.189271444332,https://geocoding.geo.census.gov/,"71 WHEELER TOWN AVE, PIKEVILLE, TN, 37367",71 WHEELERTOWN AVENUE,PIKEVILLE,TN,37367,,,
390156,39.926537729621,-75.268067611271,https://geocoding.geo.census.gov/,"1500 LANSDOWNE AVE, DARBY, PA, 19023",1500 LANSDOWNE  AVE,DARBY,PA,19023,,,
441305,36.519692857207,-86.025452023852,https://geocoding.geo.census.gov/,"204 MEDICAL DR, LAFAYETTE, TN, 37083",204 MEDICAL DRIVE,LAFAYETTE,TN,37083,,,
441304,36.4503054878,-81.798021623272,https://geocoding.geo.census.gov/,"1901 S SHADY ST, MOUNTAIN CITY, TN, 37683",1901 S SHADY ST,MOUNTAIN CITY,TN,37683,,,
441301,36.387817055417,-86.167767274999,https://geocoding.geo.census.gov/,"500 CHURCH ST, HARTSVILLE, TN, 37074",500 CHURCH STREET,HARTSVILLE,TN,37074,,,
441300,35.781352003881,-87.461677500006,https://geocoding.geo.census.gov/,"135 E SWAN ST, CENTERVILLE, TN, 37033",135 EAST SWAN STREET,CENTERVILLE,TN,37033,,,
450018,29.310374542715,-94.774535017524,https://geocoding.geo.census.gov/,"301 UNIVERSITY BLVD, GALVESTON, TX, 77550",301 UNIVERSITY BOULEVARD,GALVESTON,TX,77555,,,
451349,34.535662132936,-101.756415281589,https://geocoding.geo.census.gov/,"539 SE 2ND ST, TULIA, TX, 79088",539 SOUTHEAST 2ND,TULIA,TX,79088,,,
450015,32.811585784755,-96.836791663022,https://geocoding.geo.census.gov/,"5200 HARRY HINES BLVD, DALLAS, TX, 75235",5200 HARRY HINES BLVD,DALLAS,TX,75235,,,
451346,29.307943638951,-97.13151880161,https://geocoding.geo.census.gov/,"1200 CARL RAMERT DR, YOAKUM, TX, 77995",1200 CARL RAMERT DRIVE,YOAKUM,TX,77995,,,
451347,31.829035692405,-99.42526896552,https://geocoding.geo.census.gov/,"310 S PECOS ST, COLEMAN, TX, 76834",310 SOUTH PECOS STREET,COLEMAN,TX,76834,,,
450011,30.65558102421,-96.347295348647,https://geocoding.geo.census.gov/,"2801 FRANCISCAN DR, BRYAN, TX, 77802",2801 FRANCISCAN DR,BRYAN,TX,77802,,,
450253,29.950380837351,-96.261746117606,https://geocoding.geo.census.gov/,"44 N CUMMINGS ST, BELLVILLE, TX, 77418",44 N CUMMINGS ST,BELLVILLE,TX,77418,,,
450010,33.902962827316,-98.500423942087,https://geocoding.geo.census.gov/,"1600 11TH ST, WICHITA FALLS, TX, 76301",1600 11TH STREET,WICHITA FALLS,TX,76301,,,
451341,33.156852737055,-99.744214688036,https://geocoding.geo.census.gov/,"1 AVENUE N, HASKELL, TX, 79521",1 NORTH AVENUE N  PO BOX 1117,HASKELL,TX,79521,,,
451344,36.190808722595,-101.200126132396,https://geocoding.geo.census.gov/,"707 ROLAND ST, SPEARMAN, TX, 79081",707 ROLAND ST,SPEARMAN,TX,79081,,,
451343,34.019846447876,-98.92412568633,https://geocoding.geo.census.gov/,"1207 S BAILEY ST, ELECTRA, TX, 76360",1207 S BAILEY STREET,ELECTRA,TX,76360,,,
390160,40.248792955773,-80.190043985079,https://geocoding.geo.census.gov/,"100 MEDICAL BLVD, CANONSBURG, PA, 15317",100 MEDICAL BOULEVARD,CANONSBURG,PA,15317,,,
451340,35.199746105971,-100.249111658698,https://geocoding.geo.census.gov/,"1000 S MAIN ST, SHAMROCK, TX, 79079",1000 SOUTH MAIN STREET,SHAMROCK,TX,79079,,,
390162,40.685931938048,-75.242738240711,https://geocoding.geo.census.gov/,"250 S 21ST ST, EASTON, PA, 18042",250 SOUTH 21ST STREET,EASTON,PA,18042,,,
390163,40.811036283897,-79.562519152792,https://geocoding.geo.census.gov/,"1 NOLTE DR, KITTANNING, PA, 16201",ONE NOLTE DRIVE,KITTANNING,PA,16201,,,
390164,40.441899354048,-79.96075043797,https://geocoding.geo.census.gov/,"200 LOTHROP ST, PITTSBURGH, PA, 15213",200 LOTHROP STREET,PITTSBURGH,PA,15213,,,
440200,35.832448380088,-86.072943454426,https://geocoding.geo.census.gov/,"324 DOOLITTLE RD, WOODBURY, TN, 37190",324 DOOLITTLE ROAD,WOODBURY,TN,37190,,,
451339,33.190890817789,-99.177208511693,https://geocoding.geo.census.gov/,"802 N MINTER AVE, THROCKMORTON, TX, 76483",802 N MINTER AVENUE,THROCKMORTON,TX,76483,,,
450007,30.04341378384,-99.150825801638,https://geocoding.geo.census.gov/,"551 HILL COUNTRY DR, KERRVILLE, TX, 78028",551 HILL COUNTRY DRIVE,KERRVILLE,TX,78028,,,
451335,33.654710273233,-97.379906792631,https://geocoding.geo.census.gov/,"605 N MAPLE ST, MUENSTER, TX, 76252",605 N MAPLE STREET,MUENSTER,TX,76252,,,
451334,35.439790194109,-100.270799330537,https://geocoding.geo.census.gov/,"901 S SWEETWATER ST, WHEELER, TX, 79096",901 S. SWEETWATER,WHEELER,TX,79096,,,
451337,34.12725505107,-101.441620317893,https://geocoding.geo.census.gov/,"320 N MAIN ST, LOCKNEY, TX, 79241",320 NORTH MAIN,LOCKNEY,TX,79241,,,
451331,36.052225682409,-102.521745457717,https://geocoding.geo.census.gov/,"1411 DENVER AVE, DALHART, TX, 79022",1411 DENVER AVENUE,DALHART,TX,79022,,,
451330,29.335842490641,-99.133486087251,https://geocoding.geo.census.gov/,"3100 AVENUE E, HONDO, TX, 78861",3100 AVENUE E,HONDO,TX,78861,,,
450002,31.771311437765,-106.499570438158,https://geocoding.geo.census.gov/,"2001 N OREGON ST, EL PASO, TX, 79902",2001 N OREGON ST,EL PASO,TX,79902,,,
451332,28.717387393669,-96.212878380351,https://geocoding.geo.census.gov/,"311 GREEN AVE, PALACIOS, TX, 77465",311 GREEN AVENUE,PALACIOS,TX,77465,,,
450040,33.57775471673,-101.892188715623,https://geocoding.geo.census.gov/,"3615 19TH ST, LUBBOCK, TX, 79410",3615 19TH STREET,LUBBOCK,TX,79410,,,
451371,29.672642837306,-97.653939687426,https://geocoding.geo.census.gov/,"130 HAYS ST, LULING, TX, 78648",130 HAYS STREET,LULING,TX,78648,,,
451370,33.57667825603,-96.1674524436,https://geocoding.geo.census.gov/,"504 LIPSCOMB ST, BONHAM, TX, 75418",504 LIPSCOMB STREET,BONHAM,TX,75418,,,
450042,31.514610676213,-97.197997135281,https://geocoding.geo.census.gov/,"6901 MEDICAL PKWY, WACO, TX, 76712",6901 MEDICAL PARKWAY,WACO,TX,76712,,,
451373,31.593947266201,-102.884494237411,https://geocoding.geo.census.gov/,"406 S GARY AVE, MONAHANS, TX, 79756",406 SOUTH GARY ST,MONAHANS,TX,79756,,,
390133,40.567151709054,-75.518739226522,https://geocoding.geo.census.gov/,"1200 S CEDAR CREST BLVD, ALLENTOWN, PA, 18103",1200 SOUTH CEDAR CREST BOULEVARD,ALLENTOWN,PA,18103,,,
440238,35.609794893804,-89.241965746952,https://geocoding.geo.census.gov/,"2545 N WASHINGTON AVE, BROWNSVILLE, TN, 38012",2545 NORTH WASHINGTON AVENUE,BROWNSVILLE,TN,38012,,,
460044,40.577915564485,-111.853198499076,https://geocoding.geo.census.gov/,"9660 S 1300 E, SANDY, UT, 84094",9660 SOUTH 1300 EAST,SANDY,UT,84094,,,
460043,40.303654583941,-111.705444582584,https://geocoding.geo.census.gov/,"331 N 400 W, OREM, UT, 84057",331 NORTH 400 WEST,OREM,UT,84057,,,
390137,41.257850109344,-75.868267883526,https://geocoding.geo.census.gov/,"575 N RIVER ST, WILKES BARRE, PA, 18702",575 NORTH RIVER STREET,WILKES-BARRE,PA,18764,,,
460042,40.8865184993,-111.867996224732,https://geocoding.geo.census.gov/,"630 E MEDICAL DR S, BOUNTIFUL, UT, 84010",630 EAST MEDICAL DRIVE,BOUNTIFUL,UT,84010,,,
390138,39.751608673616,-77.569765523228,https://geocoding.geo.census.gov/,"501 E MAIN ST, WAYNESBORO, PA, 17268",501 EAST MAIN ST,WAYNESBORO,PA,17268,,,
441323,36.503756870102,-84.515446835332,https://geocoding.geo.census.gov/,"18797 ALBERTA AVE, ONEIDA, TN, 37841",18797 ALBERTA STREET,ONEIDA,TN,37841,,,
390139,40.019061553183,-75.319957154767,https://geocoding.geo.census.gov/,"130 S BRYN MAWR AVE, BRYN MAWR, PA, 19010",130 SOUTH BRYN MAWR AVE,BRYN MAWR,PA,19010,,,
441322,36.319468660166,-87.690921783178,https://geocoding.geo.census.gov/,"5001 E MAIN ST, ERIN, TN, 37061",5001 EAST MAIN STREET,ERIN,TN,37061,,,
460047,40.68699668923,-111.857060064343,https://geocoding.geo.census.gov/,"1200 E 3900 S, SALT LAKE CITY, UT, 84124",1200 EAST 3900 SOUTH,SALT LAKE CITY,UT,84124,,,
440231,35.876960737633,-86.42434974016,https://geocoding.geo.census.gov/,"1009 N THOMPSON LN, MURFREESBORO, TN, 37129",1009 NORTH THOMPSON LANE,MURFREESBORO,TN,37129,,,
441320,35.267835443063,-89.000509836538,https://geocoding.geo.census.gov/,"650 NUCKOLLS RD, BOLIVAR, TN, 38008",650 NUCKOLLS ROAD,BOLIVAR,TN,38008,,,
453309,29.732318374332,-95.580592963979,https://geocoding.geo.census.gov/,"2929 WOODLAND PARK DR, HOUSTON, TX, 77082",2929 WOODLAND PARK DRIVE,HOUSTON,TX,77082,,,
460052,40.312082171128,-111.714240887936,https://geocoding.geo.census.gov/,"750 W 800 N, OREM, UT, 84057",750 WEST 800 NORTH,OREM,UT,84057,,,
460051,40.587878697175,-111.976923840772,https://geocoding.geo.census.gov/,"3580 W 9000 S, WEST JORDAN, UT, 84088",3580 WEST 9000 SOUTH,WEST JORDAN,UT,84088,,,
451367,33.031257428662,-94.961901939445,https://geocoding.geo.census.gov/,"2701 US HWY 271 N, PITTSBURG, TX, 75686",2701 US HWY 271 N,PITTSBURG,TX,75686,,,
453306,33.57404703863,-101.900969248971,https://geocoding.geo.census.gov/,"4015 22ND PL, LUBBOCK, TX, 79410",4015 22ND PLACE,LUBBOCK,TX,79410,,,
39013F,41.249261999311,-75.836187727424,https://geocoding.geo.census.gov/,"1111 E END BLVD, WILKES BARRE, PA, 18702",1111 EAST END BOULEVARD,WILKES-BARRE,PA,18711,,,
450039,32.728136109652,-97.326474392496,https://geocoding.geo.census.gov/,"1500 S MAIN ST, FORT WORTH, TX, 76104",1500 S MAIN ST,FORT WORTH,TX,76104,,,
451369,35.653847937226,-101.409014946595,https://geocoding.geo.census.gov/,"100 MEDICAL LOOP, BORGER, TX, 79007",100 MEDICAL DRIVE,BORGER,TX,79007,,,
453304,29.708926381281,-95.40141348495,https://geocoding.geo.census.gov/,"6621 FANNIN ST, HOUSTON, TX, 77030",6621 FANNIN STREET,HOUSTON,TX,77030,,,
450033,26.174462724648,-97.671526184329,https://geocoding.geo.census.gov/,"2101 PEASE ST, HARLINGEN, TX, 78550",2101 PEASE ST,HARLINGEN,TX,78550,,,
451364,28.848179049524,-97.877758992903,https://geocoding.geo.census.gov/,"3349 US HWY 181, KENEDY, TX, 78119",3349 S HIGHWAY 181,KENEDY,TX,78119,,,
453301,27.748350057032,-97.384411294889,https://geocoding.geo.census.gov/,"3533 S ALAMEDA ST, CORPUS CHRISTI, TX, 78411",3533 S ALAMEDA,CORPUS CHRISTI,TX,78411,,,
450032,32.501458959026,-94.731366823301,https://geocoding.geo.census.gov/,"700 E MARSHALL AVE, LONGVIEW, TX, 75601",700 E MARSHALL AVE,LONGVIEW,TX,75601,,,
451363,28.970063408295,-96.636115966673,https://geocoding.geo.census.gov/,"1013 S WELLS ST, EDNA, TX, 77957",1013 S WELLS,EDNA,TX,77957,,,
453302,32.808944424578,-96.836126340058,https://geocoding.geo.census.gov/,"1935 MEDICAL DISTRICT DR, DALLAS, TX, 75235",1935 MEDICAL DISTRICT DRIVE,DALLAS,TX,75235,,,
450035,29.748168893632,-95.366705240565,https://geocoding.geo.census.gov/,"1401 ST JOSEPH PKWY, HOUSTON, TX, 77002",1401 ST. JOSEPH PARKWAY,HOUSTON,TX,77002,,,
451366,33.719341366792,-102.7579849339,https://geocoding.geo.census.gov/,"205 E GRANT AVE, MORTON, TX, 79346",205 E GRANT STREET,MORTON,TX,79346,,,
450034,30.085651028868,-94.131275303159,https://geocoding.geo.census.gov/,"2830 CALDER AVE, BEAUMONT, TX, 77702",2830 CALDER AVENUE,BEAUMONT,TX,77702,,,
453300,32.73842279375,-97.341899005821,https://geocoding.geo.census.gov/,"801 7TH AVE, FORT WORTH, TX, 76104",801 SEVENTH AVENUE,FORT WORTH,TX,76104,,,
451362,33.81394836785,-98.197532668975,https://geocoding.geo.census.gov/,"310 W SOUTH ST, HENRIETTA, TX, 76365",310 W SOUTH STREET,HENRIETTA,TX,76365,,,
450272,29.852360620885,-97.947671605423,https://geocoding.geo.census.gov/,"1301 WONDER WORLD DR, SAN MARCOS, TX, 78666",1301 WONDER WORLD DRIVE,SAN MARCOS,TX,78666,,,
451361,31.359160682296,-93.80315632551,https://geocoding.geo.census.gov/,"2301 FM 83, HEMPHILL, TX, 75948","PO BOX 750, 2301 HWY 83 W",HEMPHILL,TX,75948,,,
440228,35.206811285678,-89.802275065523,https://geocoding.geo.census.gov/,"2986 KATE BOND RD, BARTLETT, TN, 38133",2986 KATE BOND RD,BARTLETT,TN,38133,,,
390145,40.301122509611,-79.555110793359,https://geocoding.geo.census.gov/,"532 W PITTSBURGH ST, GREENSBURG, PA, 15601",532 WEST PITTSBURGH STREET,GREENSBURG,PA,15601,,,
440227,35.972471899895,-86.563992744867,https://geocoding.geo.census.gov/,"200 STONECREST BLVD, SMYRNA, TN, 37167",200 STONECREST BOULEVARD,SMYRNA,TN,37167,,,
441316,36.055643315528,-88.108369828109,https://geocoding.geo.census.gov/,"175 HOSPITAL DR, CAMDEN, TN, 38320",175 HOSPITAL DRIVE,CAMDEN,TN,38320,,,
390146,41.842851941441,-79.156707725782,https://geocoding.geo.census.gov/,"2 CRESCENT PARK, WARREN, PA, 16365",2 CRESCENT PARK WEST,WARREN,PA,16365,,,
390147,40.181465649782,-79.916179609804,https://geocoding.geo.census.gov/,"1163 COUNTRY CLUB RD, MONONGAHELA, PA, 15063",1163 COUNTRY CLUB ROAD,MONONGAHELA,PA,15063,,,
441314,35.721746798139,-89.56607122201,https://geocoding.geo.census.gov/,"340 ASBURY RD, RIPLEY, TN, 38063",340 ASBURY AVENUE,RIPLEY,TN,38063,,,
460054,41.775907011,-111.822977683113,https://geocoding.geo.census.gov/,"2380 N 400 E, NORTH LOGAN, UT, 84341",2380 NORTH 400 EAST,NORTH LOGAN,UT,84341,,,
441313,36.532134980908,-83.214831421394,https://geocoding.geo.census.gov/,"1519 MAIN ST, SNEEDVILLE, TN, 37869",1519 MAIN STREET HWY 33,SNEEDVILLE,TN,37869,,,
441310,35.529778984971,-84.982991421001,https://geocoding.geo.census.gov/,"9400 RHEA COUNTY HWY, DAYTON, TN, 37321",9400 RHEA COUNTY HIGHWAY,DAYTON,TN,37321,,,
460058,40.522193706741,-111.979731111319,https://geocoding.geo.census.gov/,"3741 W 12600 S, RIVERTON, UT, 84065",3741 WEST 12600 SOUTH,RIVERTON,UT,84065,,,
460063,40.884366291629,-111.870457960138,https://geocoding.geo.census.gov/,"485 E 500 S, BOUNTIFUL, UT, 84010",485 EAST 500 SOUTH,BOUNTIFUL,UT,84010,,,
450029,27.530636690605,-99.479367678336,https://geocoding.geo.census.gov/,"1700 E SAUNDERS ST, LAREDO, TX, 78041",1700 EAST SAUNDERS,LAREDO,TX,78044,,,
460061,41.052903335277,-111.971432836867,https://geocoding.geo.census.gov/,"201 LAYTON PKWY, LAYTON, UT, 84041",201 WEST LAYTON PARKWAY,LAYTON,UT,84041,,,
460060,40.534300091223,-111.891389453254,https://geocoding.geo.census.gov/,"11925 STATE ST, DRAPER, UT, 84020",11925 SOUTH STATE STREET,DRAPER,UT,84020,,,
451356,28.610022506144,-96.621909425979,https://geocoding.geo.census.gov/,"701 SOUTH VIRGINIA ST, PORT LAVACA, TX, 77979",701 N VIRGINIA ST,PORT LAVACA,TX,77979,,,
450028,25.917471490511,-97.511417674185,https://geocoding.geo.census.gov/,"1040 W JEFFERSON ST, BROWNSVILLE, TX, 78520",1040 W JEFFERSON ST,BROWNSVILLE,TX,78520,,,
451359,36.370343036686,-100.799732398686,https://geocoding.geo.census.gov/,"3101 GARRETT DR, PERRYTON, TX, 79070",3101 GARRETT DRIVE,PERRYTON,TX,79070,,,
451358,32.721409908961,-102.65378172142,https://geocoding.geo.census.gov/,"209 NW 8TH ST, SEMINOLE, TX, 79360",209 NORTHWEST 8TH STREET,SEMINOLE,TX,79360,,,
451353,31.390530395129,-102.349387109559,https://geocoding.geo.census.gov/,"1310 S ALFORD ST, CRANE, TX, 79731",1310 S ALFORD ST,CRANE,TX,79731,,,
450021,32.790471386554,-96.780903601446,https://geocoding.geo.census.gov/,"3500 GASTON AVE, DALLAS, TX, 75246",3500 GASTON AVE,DALLAS,TX,75246,,,
451352,34.296895035501,-99.741006172346,https://geocoding.geo.census.gov/,"402 MERCER ST, QUANAH, TX, 79252",402 MERCER ST,QUANAH,TX,79252,,,
450024,31.77073358236,-106.434348417828,https://geocoding.geo.census.gov/,"4815 ALAMEDA AVE, EL PASO, TX, 79905",4815 ALAMEDA AVE,EL PASO,TX,79905,,,
451355,34.849031531548,-100.211922397042,https://geocoding.geo.census.gov/,"1013 15TH ST, WELLINGTON, TX, 79095",1013 15TH ST,WELLINGTON,TX,79095,,,
450023,28.813160746865,-96.976686158543,https://geocoding.geo.census.gov/,"2701 HOSPITAL DR, VICTORIA, TX, 77901",2701 HOSPITAL DRIVE,VICTORIA,TX,77901,,,
450460,30.775351275507,-94.428221715023,https://geocoding.geo.census.gov/,"1100 W BLUFF ST, WOODVILLE, TX, 75979",1100 WEST BLUFF,WOODVILLE,TX,75979,,,
460023,40.380800308803,-111.769042559927,https://geocoding.geo.census.gov/,"170 N 1100 E, AMERICAN FORK, UT, 84003",170 NORTH 1100 EAST,AMERICAN FORK,UT,84003,,,
45069F,29.459458945911,-98.417020268014,https://geocoding.geo.census.gov/,"3551 ROGER BROOKE DR, FORT SAM HOUSTON, TX, 78234",3551 Roger Brooke Dr,Fort Sam Houston,TX,78234,,,
460026,38.782056063664,-112.084682455922,https://geocoding.geo.census.gov/,"1000 N MAIN ST, RICHFIELD, UT, 84701",1000 NORTH MAIN STREET,RICHFIELD,UT,84701,,,
451306,30.50008319749,-99.78254847712,https://geocoding.geo.census.gov/,"349 REID RD, JUNCTION, TX, 76849",349 REID ROAD,JUNCTION,TX,76849,,,
460030,40.457176541411,-109.531368875663,https://geocoding.geo.census.gov/,"150 W 100 N, VERNAL, UT, 84078",150 WEST 100 NORTH,VERNAL,UT,84078,,,
451305,30.520764271,-96.715848088777,https://geocoding.geo.census.gov/,"1101 WOODSON DR, CALDWELL, TX, 77836",1101 WOODSON DRIVE,CALDWELL,TX,77836,,,
451308,32.96811248944,-102.836333368458,https://geocoding.geo.census.gov/,"412 MUSTANG DR, DENVER CITY, TX, 79323",412 MUSTANG AVENUE,DENVER CITY,TX,79323,,,
450213,29.509014391269,-98.574033613545,https://geocoding.geo.census.gov/,"4502 MEDICAL DR, SAN ANTONIO, TX, 78229",4502 MEDICAL DR,SAN ANTONIO,TX,78229,,,
451301,31.202345437976,-101.461426584273,https://geocoding.geo.census.gov/,"1300 N MAIN AVE, BIG LAKE, TX, 76932",1300 N MAIN AVENUE,BIG LAKE,TX,76932,,,
451304,30.869891130633,-100.590419623191,https://geocoding.geo.census.gov/,"102 N US HWY 277, ELDORADO, TX, 76936",102 NORTH US HIGHWAY 277,ELDORADO,TX,76936,,,
450698,33.912502003168,-102.345373786547,https://geocoding.geo.census.gov/,"1500 S SUNSET AVE, LITTLEFIELD, TX, 79339",1500 S SUNSET,LITTLEFIELD,TX,79339,,,
451303,31.531414110162,-96.52995359214,https://geocoding.geo.census.gov/,"701 MCCLINTIC DR, GROESBECK, TX, 76642",701 MCCLINTIC DRIVE,GROESBECK,TX,76642,,,
450451,32.241183586391,-97.747534325471,https://geocoding.geo.census.gov/,"1021 HOLDEN ST, GLEN ROSE, TX, 76043",1021 HOLDEN STREET,GLEN ROSE,TX,76043,,,
46002F,40.756175592631,-111.834687299485,https://geocoding.geo.census.gov/,"500 FOOTHILL DR, SALT LAKE CITY, UT, 84113",500 FOOTHILL BLVD.,SALT LAKE CITY,UT,84148,,,
450211,31.337524343092,-94.741714336098,https://geocoding.geo.census.gov/,"1201 W FRANK AVE, LUFKIN, TX, 75904",1201 WEST FRANK STREET,LUFKIN,TX,75901,,,
451300,34.643394884565,-102.721154836386,https://geocoding.geo.census.gov/,"1307 CLEVELAND AVE, FRIONA, TX, 79035",1307 CLEVELAND STREET,FRIONA,TX,79035,,,
450210,32.167029987996,-94.346000007628,https://geocoding.geo.census.gov/,"409 COTTAGE RD, CARTHAGE, TX, 75633",409 COTTAGE RD,CARTHAGE,TX,75633,,,
450694,29.220101043825,-96.290240445429,https://geocoding.geo.census.gov/,"303 SANDY CORNER RD, EL CAMPO, TX, 77437",303 SANDY CORNER RD,EL CAMPO,TX,77437,,,
460039,41.722403501466,-112.181440705127,https://geocoding.geo.census.gov/,"905 N 1000 W, TREMONTON, UT, 84337",905 NORTH 1000 WEST,TREMONTON,UT,84337,,,
390086,41.11390770242,-78.774888423135,https://geocoding.geo.census.gov/,"100 HOSPITAL AVE, DUBOIS, PA, 15801",100 HOSPITAL AVENUE,DUBOIS,PA,15801,,,
450209,35.199367620724,-101.9217963287,https://geocoding.geo.census.gov/,"1501 COULTER ST, AMARILLO, TX, 79106",1501 S  COULTER ST,AMARILLO,TX,79106,,,
460041,41.089213312322,-111.995461043145,https://geocoding.geo.census.gov/,"1600 W ANTELOPE DR, LAYTON, UT, 84041",1600 WEST ANTELOPE DRIVE,LAYTON,UT,84041,,,
450686,33.590821655057,-101.888052221799,https://geocoding.geo.census.gov/,"602 INDIANA AVE, LUBBOCK, TX, 79415",602 INDIANA AVENUE,LUBBOCK,TX,79415,,,
450688,32.778328021583,-96.600011680928,https://geocoding.geo.census.gov/,"1011 N GALLOWAY AVE, MESQUITE, TX, 75149",1011 NORTH GALLOWAY AVENUE,MESQUITE,TX,75149,,,
450203,32.747556847867,-97.787140541697,https://geocoding.geo.census.gov/,"713 E ANDERSON ST, WEATHERFORD, TX, 76086",713 E ANDERSON ST,WEATHERFORD,TX,76086,,,
390090,40.462392786329,-79.946779398326,https://geocoding.geo.census.gov/,"4800 FRIENDSHIP AVE, PITTSBURGH, PA, 15224",4800 FRIENDSHIP AVENUE,PITTSBURGH,PA,15224,,,
390091,41.359822409121,-79.702448681796,https://geocoding.geo.census.gov/,"100 FAIRFIELD DR, SENECA, PA, 16346",100 FAIRFIELD DRIVE,SENECA,PA,16346,,,
450200,33.428023522198,-94.04681114566,https://geocoding.geo.census.gov/,"1000 PINE ST, TEXARKANA, TX, 75501",1000 PINE STREET,TEXARKANA,TX,75501,,,
450684,29.99629896939,-95.274790214094,https://geocoding.geo.census.gov/,"18951 N MEMORIAL DR, HUMBLE, TX, 77338",18951 MEMORIAL NORTH,HUMBLE,TX,77338,,,
460009,40.768884271967,-111.837489966775,https://geocoding.geo.census.gov/,"50 MEDICAL DR, SALT LAKE CITY, UT, 84132",50 NORTH MEDICAL DRIVE,SALT LAKE CITY,UT,84132,,,
460007,37.7011542117,-113.063889672479,https://geocoding.geo.census.gov/,"1303 N MAIN ST, CEDAR CITY, UT, 84721",1303 NORTH MAIN STREET,CEDAR CITY,UT,84721,,,
460006,40.778511981477,-111.8805550267,https://geocoding.geo.census.gov/,"8TH AVE & C ST, SALT LAKE CITY, UT, 84103",8TH AVENUE AND C STREET,SALT LAKE CITY,UT,84143,,,
460001,40.247143806977,-111.667342342791,https://geocoding.geo.census.gov/,"1034 N 500 W, PROVO, UT, 84604",1034 NORTH 500 WEST,PROVO,UT,84604,,,
461333,37.8259639564,-112.427820673523,https://geocoding.geo.census.gov/,"200 N 400 EAST ST, PANGUITCH, UT, 84759",200 NORTH 400 EAST,PANGUITCH,UT,84759,,,
461335,38.289288739061,-112.643213944276,https://geocoding.geo.census.gov/,"1109 N 100 WEST ST, BEAVER, UT, 84713",1109 NORTH 100 WEST,BEAVER,UT,84713,,,
460004,41.182750788532,-111.949178781971,https://geocoding.geo.census.gov/,"4401 HARRISON BLVD, OGDEN, UT, 84403",4401 HARRISON BOULEVARD,OGDEN,UT,84403,,,
460003,40.769295695856,-111.860978377839,https://geocoding.geo.census.gov/,"1050 E SOUTH TEMPLE, SALT LAKE CITY, UT, 84102",1050 EAST SOUTH TEMPLE,SALT LAKE CITY,UT,84102,,,
451328,29.820468470782,-94.376396315084,https://geocoding.geo.census.gov/,"538 BROADWAY AVE, WINNIE, TX, 77665",538 BROADWAY,WINNIE,TX,77665,,,
450235,29.519219489497,-97.450767408938,https://geocoding.geo.census.gov/,"1110 N SARAH DEWITT DR, GONZALES, TX, 78629",1110 NORTH SARAH DEWITT DRIVE,GONZALES,TX,78629,,,
451324,30.563816601548,-100.634742745529,https://geocoding.geo.census.gov/,"308 HUDSPETH ST, SONORA, TX, 76950",308 HUDSPETH,SONORA,TX,76950,,,
451323,31.071829983621,-98.18552768431,https://geocoding.geo.census.gov/,"608 N KEY AVE, LAMPASAS, TX, 76550",608 NORTH KEY AVENUE,LAMPASAS,TX,76550,,,
450236,33.156160221936,-95.599269622225,https://geocoding.geo.census.gov/,"115 AIRPORT RD, SULPHUR SPRINGS, TX, 75482",115 AIRPORT RD,SULPHUR SPRINGS,TX,75482,,,
450231,35.194930058385,-101.919819997233,https://geocoding.geo.census.gov/,"1600 WALLACE BLVD, AMARILLO, TX, 79106",1600 WALLACE BLVD,AMARILLO,TX,79106,,,
451320,29.752105564925,-94.686804513212,https://geocoding.geo.census.gov/,"200 HOSPITAL DR, ANAHUAC, TX, 77514",200 HOSPITAL DRIVE,ANAHUAC,TX,77514,,,
450475,32.16156415839,-94.796358397142,https://geocoding.geo.census.gov/,"300 WILSON ST, HENDERSON, TX, 75652",300 WILSON STREET,HENDERSON,TX,75652,,,
451322,30.393164106493,-96.077347931362,https://geocoding.geo.census.gov/,"210 JUDSON ST, NAVASOTA, TX, 77868",210 JUDSON ST,NAVASOTA,TX,77868,,,
460019,40.303459278532,-109.996116099419,https://geocoding.geo.census.gov/,"250 W 300 N, ROOSEVELT, UT, 84066",250 WEST 300 NORTH,ROOSEVELT,UT,84066,,,
460017,41.492025656942,-112.024148469117,https://geocoding.geo.census.gov/,"950 S MEDICAL DR, BRIGHAM CITY, UT, 84302",950 SOUTH MEDICAL DRIVE,BRIGHAM CITY,UT,84302,,,
460011,39.604948338113,-110.831632345265,https://geocoding.geo.census.gov/,"300 HOSPITAL DR, PRICE, UT, 84501",300 NORTH HOSPITAL DRIVE,PRICE,UT,84501,,,
460010,40.659437784691,-111.893986247547,https://geocoding.geo.census.gov/,"5121 COTTONWOOD ST, MURRAY, UT, 84107",5121 SOUTH COTTONWOOD STREET,MURRAY,UT,84107,,,
460015,41.756953993014,-111.821185431534,https://geocoding.geo.census.gov/,"1400 N 500 E, LOGAN, UT, 84341",1400 NORTH 500 EAST,LOGAN,UT,84341,,,
460013,40.042740667452,-111.715846210411,https://geocoding.geo.census.gov/,"1000 E 100 S, PAYSON, UT, 84651",1000 EAST 100 NORTH,PAYSON,UT,84651,,,
451317,28.30604983304,-97.279567065063,https://geocoding.geo.census.gov/,"107 SWIFT ST, REFUGIO, TX, 78377",107 SWIFT STREET,REFUGIO,TX,78377,,,
450469,33.63784989191,-96.623598995115,https://geocoding.geo.census.gov/,"500 N HIGHLAND AVE, SHERMAN, TX, 75092",500 N HIGHLAND AVENUE,SHERMAN,TX,75092,,,
451316,30.942087243099,-95.910006425107,https://geocoding.geo.census.gov/,"100 W CROSS ST, MADISONVILLE, TX, 77864",100 WEST CROSS STREET,MADISONVILLE,TX,77864,,,
451319,31.937407090994,-95.248896386934,https://geocoding.geo.census.gov/,"2026 S JACKSON ST, JACKSONVILLE, TX, 75766",2026 S JACKSON STREET,JACKSONVILLE,TX,75766,,,
450229,32.471641068462,-99.731187212822,https://geocoding.geo.census.gov/,"1900 PINE ST, ABILENE, TX, 79601",1900 PINE,ABILENE,TX,79601,,,
451318,33.150948813334,-100.227473613364,https://geocoding.geo.census.gov/,"821 BROADWAY ST, ASPERMONT, TX, 79502",821 NORTH BROADWAY,ASPERMONT,TX,79502,,,
451313,32.839378033818,-100.442536848496,https://geocoding.geo.census.gov/,"774 STATE HWY 70, ROTAN, TX, 79546",774 STATE HIGHWAY 70 N,ROTAN,TX,79546,,,
450465,28.834194181198,-95.938444096659,https://geocoding.geo.census.gov/,"104 7TH ST, BAY CITY, TX, 77414",104 7TH STREET,BAY CITY,TX,77414,,,
451312,29.5878920145,-96.34598091874,https://geocoding.geo.census.gov/,"600 AUSTIN RD, EAGLE LAKE, TX, 77434",600 SOUTH AUSTIN ROAD,EAGLE LAKE,TX,77434,,,
451315,31.949676932547,-99.957991003779,https://geocoding.geo.census.gov/,"7821 STATE HWY 153, WINTERS, TX, 79567",7821 EAST HIGHWAY 153,WINTERS,TX,79567,,,
451314,31.850053465852,-103.090065428387,https://geocoding.geo.census.gov/,"821 JEFFEE DR, KERMIT, TX, 79745",821 JEFFEE DRIVE,KERMIT,TX,79745,,,
450462,32.883201653359,-96.76226802055,https://geocoding.geo.census.gov/,"8200 WALNUT HILL LN, DALLAS, TX, 75231",8200 WALNUT HILL LANE,DALLAS,TX,75231,,,
450222,30.284524183012,-95.466241624246,https://geocoding.geo.census.gov/,"504 MEDICAL CENTER BLVD, CONROE, TX, 77304",504 MEDICAL CENTER BLVD,CONROE,TX,77304,,,
451311,29.048161582247,-95.691087907698,https://geocoding.geo.census.gov/,"305 N MCKINNEY ST, SWEENY, TX, 77480",305 NORTH MCKINNEY,SWEENY,TX,77480,,,
451310,31.750356750462,-99.96197312103,https://geocoding.geo.census.gov/,"608 AVE B, BALLINGER, TX, 76821",608 AVENUE B,BALLINGER,TX,76821,,,
450419,32.880687103799,-97.534373740422,https://geocoding.geo.census.gov/,"108 DENVER TRL, AZLE, TX, 76020",108 DENVER TRAIL,AZLE,TX,76020,,,
450656,31.652097867397,-94.654868267589,https://geocoding.geo.census.gov/,"4920 NE STALLINGS DR, NACOGDOCHES, TX, 75965",4920 NE STALLINGS DRIVE,NACOGDOCHES,TX,75965,,,
450659,29.722505364611,-95.388137544682,https://geocoding.geo.census.gov/,"1313 HERMANN DR, HOUSTON, TX, 77004",1313 HERMANN DR,HOUSTON,TX,77004,,,
450658,31.7250550028,-96.16965105789,https://geocoding.geo.census.gov/,"125 NEWMAN ST, FAIRFIELD, TX, 75840",125 NEWMAN ST,FAIRFIELD,TX,75840,,,
450653,32.240019083786,-101.492068364962,https://geocoding.geo.census.gov/,"1601 W 11TH PL, BIG SPRING, TX, 79720",1601 W 11TH PLACE,BIG SPRING,TX,79720,,,
450895,33.175782679931,-97.088210031776,https://geocoding.geo.census.gov/,"2813 MAYHILL RD, DENTON, TX, 76208",2813 S MAYHILL ROAD,DENTON,TX,76208,,,
450654,26.376200830518,-98.860084835393,https://geocoding.geo.census.gov/,"128 FM 3167, RIO GRANDE CITY, TX, 78582",128  N FM RD 3167,RIO GRANDE CITY,TX,78582,,,
450891,33.04508053817,-96.830912123855,https://geocoding.geo.census.gov/,"6020 W PARKER RD, PLANO, TX, 75093",6020 W PARKER ROAD,PLANO,TX,75093,,,
470024,44.806565934848,-73.072678611826,https://geocoding.geo.census.gov/,"133 FAIRFIELD ST, SAINT ALBANS, VT, 05478",133 FAIRFIELD STREET,SAINT ALBANS,VT,05478,,,
450890,33.014302020632,-96.791507110552,https://geocoding.geo.census.gov/,"4700 ALLIANCE BLVD, PLANO, TX, 75093",4700 ALLIANCE BOULEVARD,PLANO,TX,75093,,,
450651,33.019439918561,-96.765761634768,https://geocoding.geo.census.gov/,"3901 W 15TH ST, PLANO, TX, 75075",3901 W 15TH ST,PLANO,TX,75075,,,
450893,33.177344588028,-97.088105437621,https://geocoding.geo.census.gov/,"2801 MAYHILL RD, DENTON, TX, 76208",2801 SOUTH MAYHILL ROAD,DENTON,TX,76208,,,
394001,40.129212389327,-75.348159060184,https://geocoding.geo.census.gov/,"1001 STERIGERE ST, NORRISTOWN, PA, 19401",1001 STERIGERE STREET,NORRISTOWN,PA,19401,,,
394004,40.948341083487,-76.596490546671,https://geocoding.geo.census.gov/,"50 KIRKBRIDE DR, DANVILLE, PA, 17821",50 KIRKBRIDE DRIVE,DANVILLE,PA,17821,,,
394008,40.026928102602,-75.098564375881,https://geocoding.geo.census.gov/,"4641 E ROOSEVELT BLVD, PHILADELPHIA, PA, 19124",4641 ROOSEVELT BOULEVARD,PHILADELPHIA,PA,19124,,,
450888,32.9409269165,-97.127555555126,https://geocoding.geo.census.gov/,"1545 E SOUTHLAKE BLVD, SOUTHLAKE, TX, 76092",1545 E SOUTHLAKE BLVD,SOUTHLAKE,TX,76092,,,
450403,33.161488887789,-96.635522125223,https://geocoding.geo.census.gov/,"4500 MEDICAL CENTER DR, MCKINNEY, TX, 75069",4500 MEDICAL CENTER DRIVE,MCKINNEY,TX,75069,,,
450647,32.909511874931,-96.77215182227,https://geocoding.geo.census.gov/,"7777 FOREST LN, DALLAS, TX, 75230",7777 FOREST LANE,DALLAS,TX,75230,,,
450889,32.876241510522,-96.761809313955,https://geocoding.geo.census.gov/,"7115 GREENVILLE AVE, DALLAS, TX, 75231",7115 GREENVILLE AVENUE SUITE 100,DALLAS,TX,75231,,,
450400,31.673126128897,-96.479775513898,https://geocoding.geo.census.gov/,"600 S BONHAM ST, MEXIA, TX, 76667",600 SOUTH BONHAM STREET,MEXIA,TX,76667,,,
450641,33.777711529466,-97.731613917394,https://geocoding.geo.census.gov/,"100 PARK RD, NOCONA, TX, 76255",100 PARK ROAD,NOCONA,TX,76255,,,
450644,29.730658047184,-95.593010390299,https://geocoding.geo.census.gov/,"12141 RICHMOND AVE, HOUSTON, TX, 77082",12141 RICHMOND AVE,HOUSTON,TX,77082,,,
450643,27.604207969444,-99.477112895275,https://geocoding.geo.census.gov/,"10700 MCPHERSON RD, LAREDO, TX, 78045",10700 MCPHERSON ROAD,LAREDO,TX,78041,,,
450885,33.115838264839,-96.771581872265,https://geocoding.geo.census.gov/,"12505 LEBANON RD, FRISCO, TX, 75035",12505 LEBANON ROAD,FRISCO,TX,75035,,,
450880,32.72584598537,-97.346102640798,https://geocoding.geo.census.gov/,"1800 PARK PLACE AVE, FORT WORTH, TX, 76110",1800 PARK PLACE AVENUE,FORT WORTH,TX,76110,,,
390096,40.377527678282,-75.980051623046,https://geocoding.geo.census.gov/,"2500 BERNVILLE RD, READING, PA, 19605",2500 BERNVILLE ROAD,READING,PA,19605,,,
390097,40.108933016011,-75.081205803138,https://geocoding.geo.census.gov/,"1648 HUNTINGDON PIKE, MEADOWBROOK, PA, 19046",1648 HUNTINGDON PIKE,MEADOWBROOK,PA,19046,,,
470005,43.59899245202,-72.956705791647,https://geocoding.geo.census.gov/,"160 ALLEN ST, RUTLAND, VT, 05701",160 ALLEN ST,RUTLAND,VT,05701,,,
490098,36.747992844484,-78.103240706706,https://geocoding.geo.census.gov/,"1755 N MECKLENBURG AVE, SOUTH HILL, VA, 23950",1755 NORTH MECKLENBURG AVENUE,SOUTH HILL,VA,23970,,,
39009F,39.949686794261,-75.201452395459,https://geocoding.geo.census.gov/,"3900 WOODLAND AVE, PHILADELPHIA, PA, 19104",3900 WOODLAND AVENUE,PHILADELPHIA,PA,19104,,,
450678,32.835490222503,-96.704915436432,https://geocoding.geo.census.gov/,"9440 POPPY DR, DALLAS, TX, 75218",9440 POPPY DRIVE,DALLAS,TX,75218,,,
490094,37.540339333459,-77.406260431592,https://geocoding.geo.census.gov/,"1500 N 28TH ST, RICHMOND, VA, 23223",1500 N. 28TH STREET,RICHMOND,VA,23223,,,
490097,36.702083882776,-77.535789959533,https://geocoding.geo.census.gov/,"727 N MAIN ST, EMPORIA, VA, 23847",727 NORTH MAIN STREET,EMPORIA,VA,23847,,,
450675,32.692705534812,-97.114720018561,https://geocoding.geo.census.gov/,"3301 MATLOCK RD, ARLINGTON, TX, 76015",3301 MATLOCK ROAD,ARLINGTON,TX,76015,,,
450674,29.692303818106,-95.401790211856,https://geocoding.geo.census.gov/,"7600 FANNIN ST, HOUSTON, TX, 77054",7600 FANNIN,HOUSTON,TX,77054,,,
450670,30.089348580473,-95.62401472583,https://geocoding.geo.census.gov/,"605 HOLDERRIETH BLVD, TOMBALL, TX, 77375",605 HOLDERRIETH,TOMBALL,TX,77375,,,
450431,30.290795703294,-97.726748144738,https://geocoding.geo.census.gov/,"919 E 32ND ST, AUSTIN, TX, 78705",919 E 32ND ST,AUSTIN,TX,78705,,,
450672,32.735532227109,-97.343741818877,https://geocoding.geo.census.gov/,"900 8TH AVE, FORT WORTH, TX, 76104",900 EIGHTH AVENUE,FORT WORTH,TX,76104,,,
470003,44.481920869737,-73.193266904174,https://geocoding.geo.census.gov/,"111 COLCHESTER AVE, BURLINGTON, VT, 05401",111 COLCHESTER AVE,BURLINGTON,VT,05401,,,
461308,37.874160590607,-109.348130843587,https://geocoding.geo.census.gov/,"380 W 100 N, MONTICELLO, UT, 84535",380 WEST 100 NORTH,MONTICELLO,UT,84535,,,
461309,37.054377551503,-112.528618800995,https://geocoding.geo.census.gov/,"355 MAIN ST, KANAB, UT, 84741",355 NORTH MAIN STREET,KANAB,UT,84741,,,
47001F,43.648029874599,-72.342670308748,https://geocoding.geo.census.gov/,"163 VETERANS DR, WHITE RIVER JUNCTION, VT, 05001",163 VETERANS DRIVE,WHITE RIVER JUNCTION,VT,05009,,,
461304,39.73064389928,-111.837016574044,https://geocoding.geo.census.gov/,"48 W 1500 N, NEPHI, UT, 84648",48 WEST 1500 NORTH,NEPHI,UT,84648,,,
461306,39.156607963983,-111.816896725885,https://geocoding.geo.census.gov/,"64 E 100 NORTH ST, GUNNISON, UT, 84634",64 EAST 100 NORTH,GUNNISON,UT,84634,,,
49008F,36.84338740558,-76.304999808087,https://geocoding.geo.census.gov/,"620 JOHN PAUL JONES CIR, PORTSMOUTH, VA, 23708",620 John Paul Jones Cir,Portsmouth,VA,23708,,,
461300,39.352178700861,-112.560568167526,https://geocoding.geo.census.gov/,"126 S WHITE SAGE AVE E, DELTA, UT, 84624",126 SOUTH WHITE SAGE AVENUE,DELTA,UT,84624,,,
461301,38.954137513717,-112.339508047002,https://geocoding.geo.census.gov/,"674 STATE RTE 99, FILLMORE, UT, 84631",674 SOUTH HIGHWAY 99,FILLMORE,UT,84631,,,
45066F,32.691659746987,-96.791887868321,https://geocoding.geo.census.gov/,"4500 S LANCASTER RD, DALLAS, TX, 75216",4500 S. LANCASTER ROAD,DALLAS,TX,75216,,,
461302,38.574335786491,-109.560381448867,https://geocoding.geo.census.gov/,"450 WILLIAMS WAY, MOAB, UT, 84532",450 WEST WILLIAMS WAY,MOAB,UT,84532,,,
490093,37.063586468796,-76.397576596973,https://geocoding.geo.census.gov/,"3000 COLISEUM DR, HAMPTON, VA, 23666",3000 COLISEUM DRIVE,HAMPTON,VA,23666,,,
461303,39.532202351342,-111.461259780884,https://geocoding.geo.census.gov/,"1100 S MEDICAL DR, MOUNT PLEASANT, UT, 84647",1100 SOUTH MEDICAL DRIVE,MOUNT PLEASANT,UT,84647,,,
490092,36.690979868321,-76.936321174721,https://geocoding.geo.census.gov/,"100 FAIRVIEW DR, FRANKLIN, VA, 23851",100 FAIRVIEW DRIVE - PO BOX 817,FRANKLIN,VA,23851,,,
490088,37.352255648629,-79.516358550232,https://geocoding.geo.census.gov/,"1613 OAKWOOD ST, BEDFORD, VA, 24523",1613 OAKWOOD STREET,BEDFORD,VA,24523,,,
490089,36.994492629134,-79.89035124105,https://geocoding.geo.census.gov/,"180 FLOYD AVE, ROCKY MOUNT, VA, 24151",180 FLOYD AVENUE,ROCKY MOUNT,VA,24151,,,
450668,31.777234715362,-106.479725712088,https://geocoding.geo.census.gov/,"1625 MEDICAL CENTER ST, EL PASO, TX, 79902",1625 MEDICAL CENTER DR,EL PASO,TX,79902,,,
490084,37.900514697767,-76.877091507023,https://geocoding.geo.census.gov/,"618 HOSPITAL RD, TAPPAHANNOCK, VA, 22560",618 HOSPITAL ROAD,TAPPAHANNOCK,VA,22560,,,
450669,33.046263036749,-97.004238726859,https://geocoding.geo.census.gov/,"500 W MAIN ST, LEWISVILLE, TX, 75057",500 WEST MAIN STREET,LEWISVILLE,TX,75057,,,
450422,32.804073633494,-96.794425292279,https://geocoding.geo.census.gov/,"2727 LEMMON AVE E, DALLAS, TX, 75204",2727 EAST LEMMON AVENUE BUILDING I,DALLAS,TX,75204,,,
450424,29.769007413772,-94.977602979673,https://geocoding.geo.census.gov/,"4401 GARTH RD, BAYTOWN, TX, 77521",4401 GARTH ROAD,BAYTOWN,TX,77521,,,
470011,42.842342978937,-72.565762657309,https://geocoding.geo.census.gov/,"17 BELMONT AVE, BRATTLEBORO, VT, 05301",17 BELMONT AVE,BRATTLEBORO,VT,05301,,,
470012,42.873352569755,-73.206869339494,https://geocoding.geo.census.gov/,"100 HOSPITAL DR, BENNINGTON, VT, 05201",100 HOSPITAL DRIVE,BENNINGTON,VT,05201,,,
450662,25.978979465599,-97.516099677108,https://geocoding.geo.census.gov/,"100 E ALTON GLOOR BLVD, BROWNSVILLE, TX, 78526",100 A ALTON GLOOR,BROWNSVILLE,TX,78526,,,
450661,31.851203061754,-102.366331528454,https://geocoding.geo.census.gov/,"520 E 6TH ST, ODESSA, TX, 79761",520 E 6TH STREET,ODESSA,TX,79761,,,
394033,40.136912648156,-75.352057537258,https://geocoding.geo.census.gov/,"50 BEECH DR, NORRISTOWN, PA, 19403",50 BEECH DRIVE,NORRISTOWN,PA,19403,,,
394038,40.29969168121,-75.156484762439,https://geocoding.geo.census.gov/,"833 E BUTLER AVE, DOYLESTOWN, PA, 18901",833 EAST BUTLER AVE,DOYLESTOWN,PA,18901,,,
400123,18.200078522835,-67.14053515816,https://geocoding.geo.census.gov/,"15 CLL DR BASORA, MAYAGUEZ, PR, 00680",15 DR BASORA STREET,MAYAGUEZ,PR,00681,,,
400122,18.361075304608,-66.097103644746,https://geocoding.geo.census.gov/,"8 AVE LAS CUMBRES, GUAYNABO, PR, 00969",8 AVE LAS CUMBRES,GUAYNABO,PR,00970,,,
490077,38.024082237514,-78.442154722878,https://geocoding.geo.census.gov/,"500 MARTHA JEFFERSON DR, CHARLOTTESVILLE, VA, 22911",500 MARTHA JEFFERSON DRIVE,CHARLOTTESVILLE,VA,22911,,,
400117,18.473327697371,-66.716594521045,https://geocoding.geo.census.gov/,"55 CLL PALMA, ARECIBO, PR, 00612",CALLE  PALMA  NUM 55,ARECIBO,PR,00612,,,
490075,36.577333198946,-79.404742502888,https://geocoding.geo.census.gov/,"142 S MAIN ST, DANVILLE, VA, 24541",142 SOUTH MAIN STREET,DANVILLE,VA,24541,,,
450856,29.613060113931,-98.478434558052,https://geocoding.geo.census.gov/,"18600 HARDY OAK BLVD, SAN ANTONIO, TX, 78258",18600 NORTH HARDY OAK BLVD,SAN ANTONIO,TX,78258,,,
450851,32.78788703999,-96.780311163172,https://geocoding.geo.census.gov/,"621 HALL ST, DALLAS, TX, 75226",621 NORTH HALL STREET,DALLAS,TX,75226,,,
450853,33.10666410066,-96.838690598395,https://geocoding.geo.census.gov/,"5601 WARREN PKWY, FRISCO, TX, 75034",5601 WARREN PARKWAY,FRISCO,TX,75034,,,
450610,29.780120490088,-95.544550256667,https://geocoding.geo.census.gov/,"921 GESSNER DR, HOUSTON, TX, 77024",921 GESSNER,HOUSTON,TX,77024,,,
45060F,35.202807694345,-101.90570426805,https://geocoding.geo.census.gov/,"6010 W AMARILLO BLVD, AMARILLO, TX, 79106",6010 AMARILLO BLVD. WEST,AMARILLO,TX,79106,,,
49006F,37.022480747127,-76.330755914841,https://geocoding.geo.census.gov/,"100 EMANCIPATION DR, HAMPTON, VA, 23667",100 EMANCIPATION DRIVE,HAMPTON,VA,23667,,,
394043,41.190165628273,-79.396885510395,https://geocoding.geo.census.gov/,"2 HOSPITAL DR, CLARION, PA, 16214",TWO HOSPITAL DR RD#3 BOX 188,CLARION,PA,16214,,,
394049,40.134987869951,-75.216177525659,https://geocoding.geo.census.gov/,"7170 LAFAYETTE AVE, FORT WASHINGTON, PA, 19034",7170 LAFAYETTE AVENUE,FORT WASHINGTON,PA,19034,,,
450848,29.566585323192,-95.687656336925,https://geocoding.geo.census.gov/,"17500 GRAND PKWY, SUGAR LAND, TX, 77479",17500 W GRAND PARKWAY SOUTH,SUGAR LAND,TX,77479,,,
490067,37.183145298328,-77.362357343865,https://geocoding.geo.census.gov/,"200 MEDICAL PARK BLVD, PETERSBURG, VA, 23805",200 MEDICAL PARK BOULEVARD,PETERSBURG,VA,23805,,,
450604,30.262080293889,-98.880799876677,https://geocoding.geo.census.gov/,"1020 STATE HWY 16, FREDERICKSBURG, TX, 78624",1020 SOUTH STATE HIGHWAY 16,FREDERICKSBURG,TX,78624,,,
450840,33.080609173738,-96.683857619388,https://geocoding.geo.census.gov/,"1105 CENTRAL EXPY, ALLEN, TX, 75013",1105 CENTRAL EXPRESSWAY NORTH,ALLEN,TX,75013,,,
394051,40.285580071384,-76.898694096265,https://geocoding.geo.census.gov/,"2501 N 3RD ST, HARRISBURG, PA, 17110",2501 NORTH THIRD STREET,HARRISBURG,PA,17110,,,
394052,40.337611490471,-75.925763701464,https://geocoding.geo.census.gov/,"145 N 6TH ST, READING, PA, 19601",145 NORTH 6TH STREET,READING,PA,19601,,,
490069,37.628978407675,-77.388160770066,https://geocoding.geo.census.gov/,"8260 ATLEE RD, MECHANICSVILLE, VA, 23116",8260 ATLEE ROAD,MECHANICSVILLE,VA,23116,,,
394050,40.054479825456,-77.538839205572,https://geocoding.geo.census.gov/,"601 ROXBURY RD, SHIPPENSBURG, PA, 17257",601 ROXBURY ROAD,SHIPPENSBURG,PA,17257,,,
394012,41.478105422524,-75.742280759735,https://geocoding.geo.census.gov/,"1451 HILLSIDE DR, CLARKS SUMMIT, PA, 18411",1451 HILLSIDE DRIVE,CLARKS SUMMIT,PA,18411,,,
394016,41.879378718862,-79.143733603269,https://geocoding.geo.census.gov/,"33 MAIN DR, NORTH WARREN, PA, 16365",33 MAIN DRIVE,NORTH WARREN,PA,16365,,,
490060,37.094006372425,-81.82110456913,https://geocoding.geo.census.gov/,"6801 GOVERNOR G C PEERY HWY, RICHLANDS, VA, 24641",6801 Governor GC Perry Highway,RICHLANDS,VA,24641,,,
450639,32.832812803426,-97.125216466928,https://geocoding.geo.census.gov/,"1600 HOSPITAL PKWY, BEDFORD, TX, 76022",1600 HOSPITAL PARKWAY,BEDFORD,TX,76022,,,
490057,36.863659882377,-76.028020840409,https://geocoding.geo.census.gov/,"1060 FIRST COLONIAL RD, VIRGINIA BEACH, VA, 23454",1060 FIRST COLONIAL ROAD,VIRGINIA BEACH,VA,23454,,,
450634,33.175765690151,-97.092384019556,https://geocoding.geo.census.gov/,"3535 S I- 35 E, DENTON, TX, 76210",3535 SOUTH I35 EAST,DENTON,TX,76210,,,
450876,33.602452558652,-101.914463889828,https://geocoding.geo.census.gov/,"4810 N LOOP 289, LUBBOCK, TX, 79416",4810 NORTH LOOP 289,LUBBOCK,TX,79416,,,
490050,38.890021075497,-77.1288737573,https://geocoding.geo.census.gov/,"1701 N GEORGE MASON DR, ARLINGTON, VA, 22205",1701 NORTH GEORGE MASON DRIVE,ARLINGTON,VA,22205,,,
490052,37.064903287648,-76.484637151657,https://geocoding.geo.census.gov/,"500 J CLYDE MORRIS BLVD, NEWPORT NEWS, VA, 23601",500 J CLYDE MORRIS BLVD,NEWPORT NEWS,VA,23601,,,
450872,32.6792482495,-97.115656556377,https://geocoding.geo.census.gov/,"801 W I- 20, ARLINGTON, TX, 76017",801 W INTERSTATE 20,ARLINGTON,TX,76017,,,
450875,35.210456745106,-101.913366562661,https://geocoding.geo.census.gov/,"6819 PLUM CREEK DR, AMARILLO, TX, 79124",6819 PLUM CREEK,AMARILLO,TX,79124,,,
490059,37.584632605922,-77.512887337036,https://geocoding.geo.census.gov/,"5801 BREMO RD, RICHMOND, VA, 23226",5801 BREMO RD,RICHMOND,VA,23226,,,
394023,40.001034057212,-75.215351638515,https://geocoding.geo.census.gov/,"4200 MONUMENT RD, PHILADELPHIA, PA, 19131",4200 MONUMENT ROAD,PHILADELPHIA,PA,19131,,,
394026,40.415262623667,-79.238008488948,https://geocoding.geo.census.gov/,"121 LONGVIEW DR, TORRANCE, PA, 15779",121 LONGVIEW DRIVE,TORRANCE,PA,15779,,,
394027,40.042864365428,-75.222994289401,https://geocoding.geo.census.gov/,"561 FAIRTHORNE AVE, PHILADELPHIA, PA, 19128",561 FAIRTHORNE AVENUE,PHILADELPHIA,PA,19128,,,
471305,44.554107592219,-72.591230672736,https://geocoding.geo.census.gov/,"528 WASHINGTON HWY, MORRISVILLE, VT, 05661",528 WASHINGTON HIGHWAY,MORRISVILLE,VT,05661,,,
490044,36.775098127084,-76.582817020663,https://geocoding.geo.census.gov/,"2800 GODWIN BLVD, SUFFOLK, VA, 23434",2800 GODWIN BOULEVARD,SUFFOLK,VA,23434,,,
450869,26.252734623771,-98.204163266588,https://geocoding.geo.census.gov/,"5501 MCCOLL RD, EDINBURG, TX, 78539",5501 SOUTH MCCOLL,EDINBURG,TX,78539,,,
490043,39.077050800281,-77.478171029737,https://geocoding.geo.census.gov/,"44045 RIVERSIDE PKWY, LEESBURG, VA, 20176",44045 RIVERSIDE PARKWAY,LEESBURG,VA,20176,,,
471303,44.445336691614,-72.009428698173,https://geocoding.geo.census.gov/,"1315 HOSPITAL DR, SAINT JOHNSBURY, VT, 05819",1315 HOSPITAL DRIVE,SAINT JOHNSBURY,VT,05819,,,
471304,44.954666822519,-72.200380343219,https://geocoding.geo.census.gov/,"189 PROUTY DR, NEWPORT, VT, 05855",189 PROUTY DRIVE,NEWPORT,VT,05855,,,
490045,38.767382118779,-77.484907929616,https://geocoding.geo.census.gov/,"8700 SUDLEY RD, MANASSAS, VA, 20110",8700 SUDLEY RD,MANASSAS,VA,20110,,,
490040,38.824070827611,-77.104480746742,https://geocoding.geo.census.gov/,"4320 SEMINARY RD, ALEXANDRIA, VA, 22304",4320 SEMINARY RD,ALEXANDRIA,VA,22304,,,
450865,30.228313109204,-97.888744959715,https://geocoding.geo.census.gov/,"7900 FM 1826, AUSTIN, TX, 78737",7900 FM 1826,AUSTIN,TX,78737,,,
471307,43.99931592265,-73.169140689279,https://geocoding.geo.census.gov/,"115 PORTER DR, MIDDLEBURY, VT, 05753",115 PORTER DRIVE,MIDDLEBURY,VT,05753,,,
490042,37.089549311545,-80.507346630746,https://geocoding.geo.census.gov/,"2900 LAMB CIR, CHRISTIANSBURG, VA, 24073",2900 LAMB CIRCLE,CHRISTIANSBURG,VA,24073,,,
450867,30.404879847391,-97.744939867831,https://geocoding.geo.census.gov/,"11113 RESEARCH BLVD, AUSTIN, TX, 78759",11113 RESEARCH BOULEVARD,AUSTIN,TX,78759,,,
490041,37.14438187538,-76.51229727728,https://geocoding.geo.census.gov/,"2 BERNARDINE DR, NEWPORT NEWS, VA, 23602",2 BERNARDINE DRIVE,NEWPORT NEWS,VA,23602,,,
450862,30.204839513046,-95.459683402794,https://geocoding.geo.census.gov/,"17200 ST LUKES WAY, THE WOODLANDS, TX, 77384",17200 ST LUKE'S WAY,THE WOODLANDS,TX,77384,,,
450864,32.329686147171,-95.299389927139,https://geocoding.geo.census.gov/,"1814 ROSELAND BLVD, TYLER, TX, 75701",1814 ROSELAND BOULEVARD,TYLER,TX,75701,,,
471301,43.915407242738,-72.665290093874,https://geocoding.geo.census.gov/,"44 S MAIN ST, RANDOLPH, VT, 05060",44 SOUTH MAIN STREET,RANDOLPH,VT,05060,,,
490048,37.264076532275,-80.03322268626,https://geocoding.geo.census.gov/,"1900 ELECTRIC RD, SALEM, VA, 24153",1900 ELECTRIC ROAD,SALEM,VA,24153,,,
471302,43.488407541878,-72.401689207303,https://geocoding.geo.census.gov/,"289 COUNTY RD, WINDSOR, VT, 05089",289 COUNTY ROAD,WINDSOR,VT,05089,,,
490032,37.539999056941,-77.43016422944,https://geocoding.geo.census.gov/,"1250 E MARSHALL ST, RICHMOND, VA, 23298",1250 EAST MARSHALL STREET,RICHMOND,VA,23298,,,
490037,37.700044270758,-75.721496293593,https://geocoding.geo.census.gov/,"20480 MARKET ST, ONANCOCK, VA, 23417",20480 MARKET STREET,ONANCOCK,VA,23417,,,
490038,36.851190790569,-81.489277824036,https://geocoding.geo.census.gov/,"245 MEDICAL PARK DR, MARION, VA, 24354",245 MEDICAL PARK DRIVE,MARION,VA,24354,,,
450808,30.350466767009,-97.751158000816,https://geocoding.geo.census.gov/,"6818 AUSTIN CENTER BLVD, AUSTIN, TX, 78731",6818 AUSTIN CTR BLVD SUITE 100,AUSTIN,TX,78731,,,
450809,30.412592217419,-97.70758234746,https://geocoding.geo.census.gov/,"12221 N MOPAC EXPY, AUSTIN, TX, 78758",12221 MOPAC EXPRESSWAY NORTH,AUSTIN,TX,78758,,,
450804,29.701172463426,-95.408982185605,https://geocoding.geo.census.gov/,"7401 MAIN ST, HOUSTON, TX, 77030",7401 SOUTH MAIN STREET,HOUSTON,TX,77030,,,
490022,38.309922910368,-77.482233930845,https://geocoding.geo.census.gov/,"1001 SAM PERRY BLVD, FREDERICKSBURG, VA, 22401",1001 SAM PERRY BOULEVARD,FREDERICKSBURG,VA,22401,,,
490021,37.418324866671,-79.169718155257,https://geocoding.geo.census.gov/,"1901 TATE SPRINGS RD, LYNCHBURG, VA, 24501",1901 TATE SPRINGS ROAD,LYNCHBURG,VA,24501,,,
490024,37.251993392835,-79.942290805787,https://geocoding.geo.census.gov/,"1906 BELLEVIEW AVE SE, ROANOKE, VA, 24014","1906 BELLEVIEW AVENUE, SE",ROANOKE,VA,24014,,,
490020,37.307110987821,-77.29145485176,https://geocoding.geo.census.gov/,"411 W RANDOLPH RD, HOPEWELL, VA, 23860",411 WEST RANDOLPH ROAD,HOPEWELL,VA,23860,,,
450801,33.461995397658,-94.076104670981,https://geocoding.geo.census.gov/,"2600 ST MICHAEL DR, TEXARKANA, TX, 75503",2600 ST MICHAEL DR,TEXARKANA,TX,75503,,,
394055,40.048258943055,-76.314371149603,https://geocoding.geo.census.gov/,"333 HARRISBURG AVE, LANCASTER, PA, 17603",333 HARRISBURG AVENUE,LANCASTER,PA,17603,,,
394053,40.010571182225,-75.181300989296,https://geocoding.geo.census.gov/,"3300 HENRY AVE, PHILADELPHIA, PA, 19129",3300 HENRY AVENUE UNIT 4,PHILADELPHIA,PA,19129,,,
394059,41.358190700373,-75.676749315793,https://geocoding.geo.census.gov/,"60 GLENMAURA NATIONAL BLVD, MOOSIC, PA, 18507",60 GLENMAURA NATIONAL BOULEVARD,MOOSIC,PA,18507,,,
394057,39.926423208275,-75.169387928538,https://geocoding.geo.census.gov/,"1930 S BROAD ST, PHILADELPHIA, PA, 19145",1930 SOUTH BROAD STREET,PHILADELPHIA,PA,19145,,,
394058,41.070172164716,-76.23098480824,https://geocoding.geo.census.gov/,"701 E SIXTEENTH ST, BERWICK, PA, 18603",701 EAST 16TH STREET,BERWICK,PA,18603,,,
400141,18.337161202578,-65.654292783774,https://geocoding.geo.census.gov/,"404 AVE GENERAL VALERO, FAJARDO, PR, 00738",404 AVE GENERAL VALERO,FAJARDO,PR,00738,,,
490013,36.713716847561,-78.913507053025,https://geocoding.geo.census.gov/,"2204 WILBORN AVE, SOUTH BOSTON, VA, 24592",2204 WILBORN AVENUE,SOUTH BOSTON,VA,24592,,,
450833,32.308471203901,-96.641983799926,https://geocoding.geo.census.gov/,"2201 W LAMPASAS ST, ENNIS, TX, 75119",2201 WEST LAMPASAS STREET,ENNIS,TX,75119,,,
450834,30.648424662905,-96.298018554434,https://geocoding.geo.census.gov/,"3131 UNIVERSITY DR E, BRYAN, TX, 77802",3131 UNIVERSITY DRIVE EAST,BRYAN,TX,77802,,,
490019,38.454897327382,-78.011365251408,https://geocoding.geo.census.gov/,"501 SUNSET LN, CULPEPER, VA, 22701",501 SUNSET LANE,CULPEPER,VA,22701,,,
490018,38.094123802293,-78.984241222063,https://geocoding.geo.census.gov/,"78 MEDICAL CENTER CIR, FISHERSVILLE, VA, 22939",78 MEDICAL CENTER DRIVE,FISHERSVILLE,VA,22939,,,
450831,29.65867289084,-95.177966824746,https://geocoding.geo.census.gov/,"4301 VISTA RD, PASADENA, TX, 77504",4301 B VISTA,PASADENA,TX,77504,,,
394062,39.969108624897,-75.602192752545,https://geocoding.geo.census.gov/,"400 E MARSHALL ST, WEST CHESTER, PA, 19380",400 EAST MARSHALL STREET,WEST CHESTER,PA,19380,,,
490017,36.836319889085,-76.348279485922,https://geocoding.geo.census.gov/,"3636 HIGH ST, PORTSMOUTH, VA, 23707",3636 HIGH STREET,PORTSMOUTH,VA,23707,,,
400134,18.4475667979,-66.062771292555,https://geocoding.geo.census.gov/,"258 CLL SAN JORGE, SAN JUAN, PR, 00912",258 SAN JORGE STREET,SAN JUAN,PR,00912,,,
400131,18.331791820878,-65.649147182575,https://geocoding.geo.census.gov/,"151 AVE OSVALDO MOLINA, FAJARDO, PR, 00738",151 AVE OSVALDO MOLINA,FAJARDO,PR,00738,,,
450825,26.26452551073,-98.198585934454,https://geocoding.geo.census.gov/,"2302 CORNERSTONE BLVD, EDINBURG, TX, 78539",2302 CORNERSTONE BOULEVARD,EDINBURG,TX,78539,,,
490002,36.898902134304,-82.078533359731,https://geocoding.geo.census.gov/,"58 CAROLL ST, LEBANON, VA, 24266",58 CARROLL STREET,LEBANON,VA,24266,,,
450822,32.902009668062,-96.958610739364,https://geocoding.geo.census.gov/,"6800 N MACARTHUR BLVD, IRVING, TX, 75039",6800 N MACARTHUR BLVD,IRVING,TX,75039,,,
400128,18.419897568063,-66.056285007995,https://geocoding.geo.census.gov/,"435 AVE PONCE DE LEON, HATO REY, PR, 00917",AVE PONCE DE LEON 435,HATO REY,PR,00919,,,
490007,36.862541024645,-76.304923727376,https://geocoding.geo.census.gov/,"600 GRESHAM DR, NORFOLK, VA, 23507",600 GRESHAM DR,NORFOLK,VA,23507,,,
490004,38.407495451379,-78.854839718757,https://geocoding.geo.census.gov/,"2010 HEALTH CAMPUS DR, HARRISONBURG, VA, 22801",2010 HEALTH CAMPUS DRIVE,HARRISONBURG,VA,22801,,,
490005,39.191740360879,-78.191189301707,https://geocoding.geo.census.gov/,"1840 AMHERST ST, WINCHESTER, VA, 22601",1840 AMHERST ST,WINCHESTER,VA,22601,,,
454144,30.228481303221,-95.539719354368,https://geocoding.geo.census.gov/,"15860 OLD CONROE RD, CONROE, TX, 77384",15860 OLD CONROE ROAD,CONROE,TX,77384,,,
454139,29.692219061695,-95.401701435333,https://geocoding.geo.census.gov/,"7601 FANNIN ST, HOUSTON, TX, 77054",7601 FANNIN STREET,HOUSTON,TX,77054,,,
454136,29.778027673708,-95.749438041253,https://geocoding.geo.census.gov/,"455 PARK GROVE LN, KATY, TX, 77450",455 PARK GROVE LANE,KATY,TX,77450,,,
454135,29.825048724046,-95.545330691752,https://geocoding.geo.census.gov/,"2801 GESSNER RD, HOUSTON, TX, 77080",2801 GESSNER ROAD,HOUSTON,TX,77080,,,
454133,30.338190258286,-97.676545869613,https://geocoding.geo.census.gov/,"8402 CROSS PARK DR, AUSTIN, TX, 78754",8402 CROSS PARK DRIVE,AUSTIN,TX,78754,,,
454132,29.516763072852,-98.606654292153,https://geocoding.geo.census.gov/,"8550 HUEBNER RD, SAN ANTONIO, TX, 78240",8550 HUEBNER ROAD,SAN ANTONIO,TX,78240,,,
454129,30.614232013407,-97.682573428717,https://geocoding.geo.census.gov/,"3101 S AUSTIN AVE, GEORGETOWN, TX, 78626",3101 S AUSTIN AVENUE,GEORGETOWN,TX,78626,,,
454128,32.678603779555,-97.419052733913,https://geocoding.geo.census.gov/,"6200 OVERTON RIDGE BLVD, FORT WORTH, TX, 76132",6200 OVERTON RIDGE BLVD,FORT WORTH,TX,76132,,,
454126,32.642836716668,-96.874643059153,https://geocoding.geo.census.gov/,"800 KIRNWOOD DR, DESOTO, TX, 75115",800 KIRNWOOD DRIVE,DE SOTO,TX,75115,,,
454124,32.640151004954,-97.410760228288,https://geocoding.geo.census.gov/,"5560 MESA SPRINGS DR, FORT WORTH, TX, 76123",5560 MESA SPRINGS DRIVE,FORT WORTH,TX,76123,,,
454161,33.150516342047,-96.837476366891,https://geocoding.geo.census.gov/,"5680 FRISCO SQUARE BLVD, FRISCO, TX, 75034",5680 FRISCO SQUARE BLVD SUITE 3000,FRISCO,TX,75034,,,
491300,37.993148652888,-79.831594348618,https://geocoding.geo.census.gov/,"106 PARK DR, HOT SPRINGS, VA, 24445",106 PARK DRIVE- PO DRAWER Z,HOT SPRINGS,VA,24445,,,
454159,29.499173039668,-98.577139226681,https://geocoding.geo.census.gov/,"1975 BABCOCK RD, SAN ANTONIO, TX, 78229",1975 BABCOCK RD,SAN ANTONIO,TX,78229,,,
454157,33.616314708702,-101.902139662631,https://geocoding.geo.census.gov/,"4202 PRINCETON ST, LUBBOCK, TX, 79415",4202 PRINCETON STREET,LUBBOCK,TX,79415,,,
454154,35.194510592006,-101.925447575477,https://geocoding.geo.census.gov/,"7501 WALLACE BLVD, AMARILLO, TX, 79124",7501 WALLACE BLVD STE 200,AMARILLO,TX,79124,,,
454153,33.670593608624,-96.633041608422,https://geocoding.geo.census.gov/,"1724 W HWY 82, SHERMAN, TX, 75092",1724 W US HIGHWAY 82 SUITE 200,SHERMAN,TX,75092,,,
454152,31.060261222409,-97.36866390214,https://geocoding.geo.census.gov/,"1201 CANYON CREEK DR, TEMPLE, TX, 76502",1201 CANYON CREEK DR,TEMPLE,TX,76502,,,
454151,29.556182370048,-95.117070031098,https://geocoding.geo.census.gov/,"16850 BUCCANEER LN, HOUSTON, TX, 77058",16850 BUCCANEER LN,CLEAR LAKE CITY,TX,77058,,,
454150,31.488602830187,-97.161658024802,https://geocoding.geo.census.gov/,"5931 CROSSLAKE PKWY, WACO, TX, 76712",5931 CROSSLAKE PARKWAY,WACO,TX,76712,,,
454149,32.916469609599,-96.66901199978,https://geocoding.geo.census.gov/,"2696 W WALNUT ST, GARLAND, TX, 75042",2696 W WALNUT STREET,GARLAND,TX,75042,,,
454147,29.650912771096,-95.171310764369,https://geocoding.geo.census.gov/,"4001 PRESTON RD, PASADENA, TX, 77505",4001 PRESTON AVENUE,PASADENA,TX,77505,,,
454146,31.874457041825,-106.573755732352,https://geocoding.geo.census.gov/,"1390 NORTHWESTERN DR, EL PASO, TX, 79912",1390 NORTHWESTERN DR.,EL PASO,TX,79912,,,
454101,34.206672827315,-101.730943449641,https://geocoding.geo.census.gov/,"2601 DIMMITT RD, PLAINVIEW, TX, 79072","2601 DIMMITT ROAD, SUITE 400",PLAINVIEW,TX,79072,,,
454100,31.771476923323,-106.436528659891,https://geocoding.geo.census.gov/,"4615 ALAMEDA AVE, EL PASO, TX, 79905",4615 ALAMEDA AVENUE,EL PASO,TX,79905,,,
390430,40.518725337731,-75.56333693616,https://geocoding.geo.census.gov/,"3369 STATE RTE 100, MACUNGIE, PA, 18062",3369 STATE ROUTE 100,MACUNGIE,PA,18062,,,
440176,36.551005613544,-82.517886827922,https://geocoding.geo.census.gov/,"2000 BROOKSIDE DR, KINGSPORT, TN, 37660",2000 BROOKSIDE DR,KINGSPORT,TN,37660,,,
440185,35.17609247841,-84.868977275865,https://geocoding.geo.census.gov/,"2305 CHAMBLISS AVE NW, CLEVELAND, TN, 37311",2305 CHAMBLISS AVE NW,CLEVELAND,TN,37311,,,
440184,36.339907789785,-82.403845730114,https://geocoding.geo.census.gov/,"300 MED TECH PKWY, JOHNSON CITY, TN, 37604",300 MED TECH PARKWAY,JOHNSON CITY,TN,37604,,,
440183,35.099849875541,-89.864251581448,https://geocoding.geo.census.gov/,"5959 PARK AVE, MEMPHIS, TN, 38119",5959 PARK AVE,MEMPHIS,TN,38119,,,
390201,40.992262997897,-75.174739270062,https://geocoding.geo.census.gov/,"206 E BROWN ST, EAST STROUDSBURG, PA, 18301",206 EAST BROWN STREET,EAST STROUDSBURG,PA,18301,,,
390203,40.304621618527,-75.143821790067,https://geocoding.geo.census.gov/,"595 W STATE ST, DOYLESTOWN, PA, 18901",595 WEST STATE ST,DOYLESTOWN,PA,18901,,,
390204,40.058337251942,-75.04275282398,https://geocoding.geo.census.gov/,"2601 HOLME AVE, PHILADELPHIA, PA, 19152",2601 HOLME AVE,PHILADELPHIA,PA,19152,,,
440175,35.260094062722,-87.324432587818,https://geocoding.geo.census.gov/,"1607 N LOCUST AVE, LAWRENCEBURG, TN, 38464",1607 SOUTH LOCUST AVENUE,LAWRENCEBURG,TN,38464,,,
454123,31.306893108756,-94.745039713152,https://geocoding.geo.census.gov/,"302 GOBBLERS KNOB RD, LUFKIN, TX, 75904",302 GOBBLERS KNOB RD,LUFKIN,TX,75904,,,
454122,32.400867019648,-99.739904980037,https://geocoding.geo.census.gov/,"4225 WOODS PL, ABILENE, TX, 79602",4225 WOODS PLACE,ABILENE,TX,79602,,,
420104,32.875900655374,-79.770124196576,https://geocoding.geo.census.gov/,"3510 N US HWY 17, MOUNT PLEASANT, SC, 29466",3510 HIGHWAY 17 NORTH SUITE 140,MOUNT PLEASANT,SC,29466,,,
420103,34.863536018137,-82.218003861957,https://geocoding.geo.census.gov/,"250 WESTMORELAND RD, GREER, SC, 29651",250 WESTMORELAND ROAD,GREER,SC,29651,,,
420108,34.711686450924,-81.626549082043,https://geocoding.geo.census.gov/,"322 W SOUTH ST, UNION, SC, 29379",322 WEST SOUTH STREET,UNION,SC,29379,,,
420107,34.694062678056,-79.913540389553,https://geocoding.geo.census.gov/,"711 CHESTERFIELD HWY, CHERAW, SC, 29520",711 CHESTERFIELD HIGHWAY,CHERAW,SC,29520,,,
420105,34.057310996535,-78.898104118907,https://geocoding.geo.census.gov/,"3655 MITCHELL ST, LORIS, SC, 29569",3655 MITCHELL STREET,LORIS,SC,29569,,,
454119,33.04468556856,-96.867961302517,https://geocoding.geo.census.gov/,"2225 PARKER RD, CARROLLTON, TX, 75010",2225 PARKER ROAD,CARROLLTON,TX,75010,,,
454118,30.024369464102,-95.664342131688,https://geocoding.geo.census.gov/,"16303 GRANT RD, CYPRESS, TX, 77429",16303 GRANT ROAD,CYPRESS,TX,77429,,,
420109,33.687831916935,-80.211262465076,https://geocoding.geo.census.gov/,"10 E HOSPITAL ST, MANNING, SC, 29102",10 EAST HOSPITAL STREET,MANNING,SC,29102,,,
454117,32.536673316519,-94.733177092408,https://geocoding.geo.census.gov/,"615 CLINIC, LONGVIEW, TX, 75605",615 CLINIC DR,LONGVIEW,TX,75605,,,
44018F,36.14235476789,-86.804736748126,https://geocoding.geo.census.gov/,"1310 24TH AVE S, NASHVILLE, TN, 37212",1310 24TH AVENUE SOUTH,NASHVILLE,TN,37212,,,
42011F,33.980000480252,-80.961896335762,https://geocoding.geo.census.gov/,"6439 GARNERS FERRY RD, COLUMBIA, SC, 29209",6439 GARNERS FERRY ROAD,COLUMBIA,SC,29209,,,
440187,36.384457436579,-85.327940867543,https://geocoding.geo.census.gov/,"315 OAK ST, LIVINGSTON, TN, 38570",315 OAK ST BOX 550,LIVINGSTON,TN,38570,,,
440197,36.078487146559,-86.722121136973,https://geocoding.geo.census.gov/,"391 WALLACE RD, NASHVILLE, TN, 37211",391 WALLACE RD,NASHVILLE,TN,37211,,,
440194,36.323499741099,-86.620675034797,https://geocoding.geo.census.gov/,"355 NEW SHACKLE ISLAND RD, HENDERSONVILLE, TN, 37075",355 NEW SHACKLE ISLAND RD,HENDERSONVILLE,TN,37075,,,
440193,36.219212668754,-86.328256296137,https://geocoding.geo.census.gov/,"1411 W BADDOUR PKWY, LEBANON, TN, 37087",1411 BADDOUR PARKWAY,LEBANON,TN,37087,,,
440192,35.948148577949,-85.477141639269,https://geocoding.geo.census.gov/,"401 SEWELL DR, SPARTA, TN, 38583",401 SEWELL DR,SPARTA,TN,38583,,,
454109,31.781393490118,-106.476046796366,https://geocoding.geo.census.gov/,"1900 DENVER AVE, EL PASO, TX, 79902",1900 DENVER AVE,EL PASO,TX,79902,,,
454108,30.024625681572,-95.445963489602,https://geocoding.geo.census.gov/,"17750 CALI DR, HOUSTON, TX, 77090",17750 CALI DRIVE,HOUSTON,TX,77090,,,
454107,29.707528140746,-95.472800065053,https://geocoding.geo.census.gov/,"5314 DASHWOOD DR, HOUSTON, TX, 77081","5314 DASHWOOD, SUITE 200",HOUSTON,TX,77081,,,
454104,33.229713975091,-97.15662010302,https://geocoding.geo.census.gov/,"2026 W UNIVERSITY DR, DENTON, TX, 76201",2026 WEST UNIVERSITY DRIVE,DENTON,TX,76201,,,
454103,30.044161042524,-95.228562162159,https://geocoding.geo.census.gov/,"2001 LADBROOK DR, KINGWOOD, TX, 77339",2001 LADBROOK,KINGWOOD,TX,77339,,,
450184,29.812257148738,-95.429509726379,https://geocoding.geo.census.gov/,"1635 N LOOP W SVC RD, HOUSTON, TX, 77008",1635  NORTH LOOP WEST,HOUSTON,TX,77008,,,
390231,40.117451126977,-75.120313289723,https://geocoding.geo.census.gov/,"1200 OLD YORK RD, ABINGTON, PA, 19001",1200 OLD YORK ROAD,ABINGTON,PA,19001,,,
390233,39.80805257905,-76.983657018926,https://geocoding.geo.census.gov/,"300 HIGHLAND AVE, HANOVER, PA, 17331",300 HIGHLAND AVE,HANOVER,PA,17331,,,
440137,35.56069794031,-86.447020117541,https://geocoding.geo.census.gov/,"2835 US HWY 231 N, SHELBYVILLE, TN, 37160",2835 HWY 231 NORTH,SHELBYVILLE,TN,37160,,,
390237,41.412823707816,-75.65398961492,https://geocoding.geo.census.gov/,"746 JEFFERSON AVE, SCRANTON, PA, 18510",746 JEFFERSON AVENUE,SCRANTON,PA,18501,,,
440132,36.267340446565,-88.426947986834,https://geocoding.geo.census.gov/,"301 TYSON RD, PARIS, TN, 38242",301 TYSON AVENUE,PARIS,TN,38242,,,
44013F,35.145266990016,-90.028215113481,https://geocoding.geo.census.gov/,"116 N PAULINE ST, MEMPHIS, TN, 38105",116 N PAULINE ST,MEMPHIS,TN,38105,,,
450176,26.197551742209,-98.312591706819,https://geocoding.geo.census.gov/,"900 S BRYAN RD, MISSION, TX, 78572",900 SOUTH BRYAN ROAD,MISSION,TX,78572,,,
452114,29.648288116195,-95.592509372842,https://geocoding.geo.census.gov/,"11929 W AIRPORT BLVD, STAFFORD, TX, 77477","11929 W AIRPORT BLVD, SUITE 110",STAFFORD,TX,77477,,,
440125,35.957199278222,-83.93630426022,https://geocoding.geo.census.gov/,"1901 CLINCH AVE, KNOXVILLE, TN, 37916",1901 W CLINCH AVE,KNOXVILLE,TN,37916,,,
440131,35.534579854604,-89.67720579961,https://geocoding.geo.census.gov/,"1995 HWY 51 S, COVINGTON, TN, 38019",1995 HIGHWAY 51 S,COVINGTON,TN,38019,,,
440130,36.414791866731,-89.044759311565,https://geocoding.geo.census.gov/,"1201 BISHOP ST, UNION CITY, TN, 38261","1201 BISHOP ST, PO BOX 310",UNION CITY,TN,38261,,,
450165,28.920934508767,-98.577608897179,https://geocoding.geo.census.gov/,"1905 STATE HWY 97, JOURDANTON, TX, 78026",1905 HWY 97 EAST,JOURDANTON,TX,78026,,,
390211,41.232952734371,-80.496027754205,https://geocoding.geo.census.gov/,"740 E STATE ST, SHARON, PA, 16146",740 EAST STATE STREET,SHARON,PA,16146,,,
391301,41.208681914356,-76.776564329605,https://geocoding.geo.census.gov/,"215 E WATER ST, MUNCY, PA, 17756",215 EAST WATER STREET,MUNCY,PA,17756,,,
391300,41.201699401474,-77.267992603234,https://geocoding.geo.census.gov/,"1020 THOMPSON ST, JERSEY SHORE, PA, 17740",1020 THOMPSON STREET,JERSEY SHORE,PA,17740,,,
391303,39.938482545389,-78.009132831765,https://geocoding.geo.census.gov/,"214 PEACH ORCHARD RD, MC CONNELLSBURG, PA, 17233",214 PEACH ORCHARD ROAD,MCCONNELLSBURG,PA,17233,,,
440159,35.067886427654,-89.932135628724,https://geocoding.geo.census.gov/,"3000 GETWELL RD, MEMPHIS, TN, 38118",3000 GETWELL RD,MEMPHIS,TN,38118,,,
391302,39.809532835221,-79.025065523662,https://geocoding.geo.census.gov/,"200 HOSPITAL DR, MEYERSDALE, PA, 15552",200 HOSPITAL DRIVE,MEYERSDALE,PA,15552,,,
391305,41.79248978048,-76.795194440392,https://geocoding.geo.census.gov/,"275 GUTHRIE DR, TROY, PA, 16947",275 GUTHRIE DRIVE,TROY,PA,16947,,,
391304,41.326841275424,-77.73801867125,https://geocoding.geo.census.gov/,"1001 PINE ST, RENOVO, PA, 17764",1001 PINE STREET,RENOVO,PA,17764,,,
440156,35.033808786893,-85.268871944923,https://geocoding.geo.census.gov/,"2333 MCCALLIE AVE, CHATTANOOGA, TN, 37404",2333 MCCALLIE AVE,CHATTANOOGA,TN,37404,,,
390217,40.146076057004,-79.548150299203,https://geocoding.geo.census.gov/,"508 S CHURCH ST, MOUNT PLEASANT, PA, 15666",508 SOUTH CHURCH STREET,MOUNT PLEASANT,PA,15666,,,
391307,40.674873217621,-78.251959308863,https://geocoding.geo.census.gov/,"187 HOSPITAL DR, TYRONE, PA, 16686",187 HOSPITAL DRIVE,TYRONE,PA,16686,,,
391309,41.946233073562,-75.593739807859,https://geocoding.geo.census.gov/,"2872 TURNPIKE ST, SUSQUEHANNA, PA, 18847",2872 TURNPIKE STREET,SUSQUEHANNA,PA,18847,,,
391308,41.93523562628,-79.612555986945,https://geocoding.geo.census.gov/,"965 SHAMROCK LN, CORRY, PA, 16407",965 SHAMROCK LANE,CORRY,PA,16407,,,
440161,36.152931106189,-86.80769951943,https://geocoding.geo.census.gov/,"2300 PATTERSON ST, NASHVILLE, TN, 37203",2300 PATTERSON STREET,NASHVILLE,TN,37203,,,
450194,31.961367398922,-95.270580350415,https://geocoding.geo.census.gov/,"501 S RAGSDALE ST, JACKSONVILLE, TX, 75766",501 S RAGSDALE,JACKSONVILLE,TX,75766,,,
450193,29.708569811682,-95.399138877233,https://geocoding.geo.census.gov/,"6720 BERTNER ST, HOUSTON, TX, 77030","6720 BERTNER AVE, STE MC1-266",HOUSTON,TX,77030,,,
450196,33.686103545301,-95.545804132735,https://geocoding.geo.census.gov/,"865 DESHONG DR, PARIS, TX, 75460",865 DESHONG DR,PARIS,TX,75460,,,
390222,39.91422838342,-75.43019112501,https://geocoding.geo.census.gov/,"1068 BALTIMORE PIKE, MEDIA, PA, 19063",1068 WEST BALTIMORE PIKE,MEDIA,PA,19063,,,
391312,41.156639994959,-79.092888963449,https://geocoding.geo.census.gov/,"100 HOSPITAL RD, BROOKVILLE, PA, 15825",100 HOSPITAL ROAD,BROOKVILLE,PA,15825,,,
390223,39.95721529676,-75.199469401099,https://geocoding.geo.census.gov/,"51 N 39TH ST, PHILADELPHIA, PA, 19104",51 NORTH 39TH STREET,PHILADELPHIA,PA,19104,,,
391314,41.633210859264,-79.679297850469,https://geocoding.geo.census.gov/,"406 W OAK ST, TITUSVILLE, PA, 16354",406 WEST OAK STREET,TITUSVILLE,PA,16354,,,
440148,35.959414608794,-85.829464086795,https://geocoding.geo.census.gov/,"520 W MAIN ST, SMITHVILLE, TN, 37166",520 W MAIN ST,SMITHVILLE,TN,37166,,,
390225,40.186494214562,-76.184041862539,https://geocoding.geo.census.gov/,"169 MARTIN AVE, EPHRATA, PA, 17522",169 MARTIN AVENUE,EPHRATA,PA,17522,,,
391313,41.769288586311,-77.97770540959,https://geocoding.geo.census.gov/,"1001 E 2ND ST, COUDERSPORT, PA, 16915",1001 EAST SECOND STREET,COUDERSPORT,PA,16915,,,
390226,39.945681733999,-75.154844877876,https://geocoding.geo.census.gov/,"800 SPRUCE ST, PHILADELPHIA, PA, 19107",800 SPRUCE STREET,PHILADELPHIA,PA,19107,,,
391316,41.746250704435,-77.300508638657,https://geocoding.geo.census.gov/,"36 CENTRAL AVE, WELLSBORO, PA, 16901",32-36 CENTRAL AVENUE,WELLSBORO,PA,16901,,,
391315,41.427148493449,-78.57702798295,https://geocoding.geo.census.gov/,"763 JOHNSONBURG RD, SAINT MARYS, PA, 15857",763 JOHNSONBURG ROAD,SAINT MARYS,PA,15857,,,
390228,40.378033953025,-80.065128573745,https://geocoding.geo.census.gov/,"1000 BOWER HILL RD, PITTSBURGH, PA, 15243",1000 BOWER HILL ROAD,PITTSBURGH,PA,15243,,,
440144,35.383504133378,-86.231158301596,https://geocoding.geo.census.gov/,"1801 N JACKSON ST, TULLAHOMA, TN, 37388",1801 N JACKSON ST BOX 460,TULLAHOMA,TN,37388,,,
440153,35.965013381892,-83.18165340712,https://geocoding.geo.census.gov/,"435 2ND ST, NEWPORT, TN, 37821",435 2ND ST,NEWPORT,TN,37821,,,
440152,35.142573960736,-90.031449701956,https://geocoding.geo.census.gov/,"877 JEFFERSON AVE, MEMPHIS, TN, 38103",877 JEFFERSON AVENUE,MEMPHIS,TN,38103,,,
440151,35.699021356477,-85.741948997355,https://geocoding.geo.census.gov/,"1559 SPARTA ST, MCMINNVILLE, TN, 37110",1559 SPARTA STREET,MCMINNVILLE,TN,37110,,,
390270,41.256882342873,-75.811713098727,https://geocoding.geo.census.gov/,"1000 E MOUNTAIN DR, WILKES BARRE, PA, 18702",1000 EAST MOUNTAIN BOULEVARD,WILKES BARRE,PA,18711,,,
390272,40.156543063261,-75.368814283442,https://geocoding.geo.census.gov/,"1033 W GERMANTOWN PIKE, NORRISTOWN, PA, 19403",1033 WEST GERMANTOWN PIKE,NORRISTOWN,PA,19403,,,
393304,40.464534127617,-79.938033777595,https://geocoding.geo.census.gov/,"5324 PENN AVE, PITTSBURGH, PA, 15224",5324 PENN AVENUE,PITTSBURGH,PA,15224,,,
430779,43.149467002917,-97.728099727632,https://geocoding.geo.census.gov/,"600 BILLARS ST, SCOTLAND, SD, 57059",600 BILLARS ST,SCOTLAND,SD,57059,,,
393303,39.94785606447,-75.193774622955,https://geocoding.geo.census.gov/,"3401 CIVIC CENTER BLVD, PHILADELPHIA, PA, 19104",3401 CIVIC CENTER BLVD,PHILADELPHIA,PA,19104,,,
393309,40.006920969901,-75.151684650588,https://geocoding.geo.census.gov/,"3551 N BROAD ST, PHILADELPHIA, PA, 19140",3551 N BROAD STREET,PHILADELPHIA,PA,19104,,,
393307,40.007169227289,-75.129416220313,https://geocoding.geo.census.gov/,"160 E ERIE AVE, PHILADELPHIA, PA, 19140",160 EAST ERIE AVE,PHILADELPHIA,PA,19134,,,
450135,32.738430419663,-97.338808230785,https://geocoding.geo.census.gov/,"1301 PENNSYLVANIA AVE, FORT WORTH, TX, 76104",1301 PENNSYLVANIA AVENUE,FORT WORTH,TX,76104,,,
450137,32.729621329384,-97.34377312841,https://geocoding.geo.census.gov/,"1400 8TH AVE, FORT WORTH, TX, 76104",1400 EIGHTH AVE,FORT WORTH,TX,76104,,,
450379,32.914781468009,-96.87124984841,https://geocoding.geo.census.gov/,"7 MEDICAL PKWY, DALLAS, TX, 75234",7 MEDICAL PARKWAY,DALLAS,TX,75234,,,
450132,31.84965666509,-102.364572351263,https://geocoding.geo.census.gov/,"500 E 4TH ST, ODESSA, TX, 79761",500 W 4TH STREET,ODESSA,TX,79761,,,
450370,29.694709088406,-96.540935209425,https://geocoding.geo.census.gov/,"110 SHULT DR, COLUMBUS, TX, 78934",110 SHULT DR,COLUMBUS,TX,78934,,,
450128,26.152073293334,-97.978613200369,https://geocoding.geo.census.gov/,"1401 E 8TH ST, WESLACO, TX, 78596",1401 EAST EIGHT STREET,WESLACO,TX,78596,,,
450124,30.27540939175,-97.73435426009,https://geocoding.geo.census.gov/,"601 E 15TH ST, AUSTIN, TX, 78701",601 E 15TH STREET,AUSTIN,TX,78701,,,
450163,27.491344884575,-97.851686158117,https://geocoding.geo.census.gov/,"1311 E GENERAL CAVAZOS BLVD, KINGSVILLE, TX, 78363",1311 EAST GENERAL CAVAZOS BLVD,KINGSVILLE,TX,78363,,,
450162,33.548790347396,-101.868530569142,https://geocoding.geo.census.gov/,"2412 50TH ST, LUBBOCK, TX, 79412",2412 50TH ST,LUBBOCK,TX,79412,,,
440111,36.166308983791,-86.805595720036,https://geocoding.geo.census.gov/,"1818 ALBION ST, NASHVILLE, TN, 37208",1818 ALBION STREET,NASHVILLE,TN,37208,,,
440110,35.82538057051,-84.271103025119,https://geocoding.geo.census.gov/,"550 FORT LOUDON MEDICAL CENTER DR, LENOIR CITY, TN, 37772",550 FORT LOUDON MEDICAL CENTER DR,LENOIR CITY,TN,37772,,,
440120,36.056189339003,-83.998245100549,https://geocoding.geo.census.gov/,"7565 DANNAHER LN, POWELL, TN, 37849",7565 DANNAHER WAY POWELL,POWELL,TN,37849,,,
450399,33.187123785369,-102.268169317067,https://geocoding.geo.census.gov/,"705 E FELT ST, BROWNFIELD, TX, 79316",705 EAST FELT STREET,BROWNFIELD,TX,79316,,,
450154,29.374072359958,-100.892481287149,https://geocoding.geo.census.gov/,"801 N BEDELL AVE, DEL RIO, TX, 78840",801 BEDELL AVE,DEL RIO,TX,78840,,,
450155,34.820363931501,-102.391826576541,https://geocoding.geo.census.gov/,"801 E 3RD ST, HEREFORD, TX, 79045",801 EAST THIRD,HEREFORD,TX,79045,,,
450152,31.116477265396,-97.798366344365,https://geocoding.geo.census.gov/,"2201 CLEAR CREEK RD, KILLEEN, TX, 76549",2201 S CLEAR CREEK ROAD,KILLEEN,TX,76542,,,
440109,35.227204987461,-88.230475647628,https://geocoding.geo.census.gov/,"935 WAYNE RD, SAVANNAH, TN, 38372",935 WAYNE ROAD,SAVANNAH,TN,38372,,,
390265,40.319658086678,-79.933745961088,https://geocoding.geo.census.gov/,"565 COAL VALLEY RD, JEFFERSON HILLS, PA, 15025",565 COAL VALLEY ROAD,JEFFERSON HILLS,PA,15025,,,
390267,40.426618429444,-79.750815710589,https://geocoding.geo.census.gov/,"2570 HAYMAKER RD, MONROEVILLE, PA, 15146",2570 HAYMAKER ROAD,MONROEVILLE,PA,15146,,,
440104,35.047831972411,-85.290548383661,https://geocoding.geo.census.gov/,"975 E 3RD ST, CHATTANOOGA, TN, 37403",975 E 3RD ST,CHATTANOOGA,TN,37403,,,
440102,35.148011309455,-86.554896470114,https://geocoding.geo.census.gov/,"106 MEDICAL CENTER BLVD, FAYETTEVILLE, TN, 37334",106 MEDICAL CENTER BLVD,FAYETTEVILLE,TN,37334,,,
450147,28.807679866969,-97.00796149611,https://geocoding.geo.census.gov/,"506 W SAN ANTONIO ST, VICTORIA, TX, 77901",506 E SAN ANTONIO ST,VICTORIA,TX,77901,,,
450389,32.171330782304,-95.844035051436,https://geocoding.geo.census.gov/,"2000 S PALESTINE ST, ATHENS, TX, 75751",2000 SOUTH PALESTINE ST,ATHENS,TX,75751,,,
450388,29.507373474259,-98.573449257102,https://geocoding.geo.census.gov/,"7700 FLOYD CURL DR, SAN ANTONIO, TX, 78229",7700 FLOYD CURL DR,SAN ANTONIO,TX,78229,,,
450148,32.332717262267,-97.438953129121,https://geocoding.geo.census.gov/,"201 WALLS DR, CLEBURNE, TX, 76033",201 WALLS DRIVE,CLEBURNE,TX,76031,,,
450144,32.338480835991,-102.547376824474,https://geocoding.geo.census.gov/,"720 HOSPITAL DR, ANDREWS, TX, 79714",720 HOSPITAL DRIVE,ANDREWS,TX,79714,,,
390195,39.990264405134,-75.258042891652,https://geocoding.geo.census.gov/,"100 E LANCASTER AVE, WYNNEWOOD, PA, 19096",100 LANCASTER AVE,WYNNEWOOD,PA,19096,,,
390198,42.073511092307,-80.093533057419,https://geocoding.geo.census.gov/,"5515 PEACH ST, ERIE, PA, 16509",5515 PEACH STREET,ERIE,PA,16509,,,
440779,36.276788278354,-87.065753230732,https://geocoding.geo.census.gov/,"313 N MAIN ST, ASHLAND CITY, TN, 37015",313 NORTH MAIN ST,ASHLAND CITY,TN,37015,,,
390199,40.960235278936,-78.999979534689,https://geocoding.geo.census.gov/,"81 HILLCREST DR, PUNXSUTAWNEY, PA, 15767",81 HILLCREST DRIVE,PUNXSUTAWNEY,PA,15767,,,
400087,18.46066251997,-66.738956307799,https://geocoding.geo.census.gov/,"1 AVE SAN LUIS, ARECIBO, PR, 00612",CARRETERA 129 KM.1 AVENIDA SAN LUIS,ARECIBO,PR,00612,,,
440780,35.325865628694,-87.75635662472,https://geocoding.geo.census.gov/,"103 J V MANGUBAI, WAYNESBORO, TN, 38485",103 J V MANGUBAT DR,WAYNESBORO,TN,38485,,,
450330,29.578268587252,-95.770558563932,https://geocoding.geo.census.gov/,"1705 JACKSON ST, RICHMOND, TX, 77469",1705 JACKSON ST,RICHMOND,TX,77469,,,
450571,31.464524638743,-100.435162223013,https://geocoding.geo.census.gov/,"120 E HARRIS AVE, SAN ANGELO, TX, 76903",120 E HARRIS AVE.,SAN ANGELO,TX,76903,,,
450573,30.914187526551,-94.008185555857,https://geocoding.geo.census.gov/,"1275 MARVIN HANCOCK DR, JASPER, TX, 75951",1275 MARVIN HANCOCK DRIVE,JASPER,TX,75951,,,
450565,32.789113694603,-98.115533075351,https://geocoding.geo.census.gov/,"400 SW 25TH ST, MINERAL WELLS, TX, 76067",400 SOUTHWEST 25 AVE,MINERAL WELLS,TX,76067,,,
390173,40.60808684126,-79.158900501578,https://geocoding.geo.census.gov/,"835 HOSPITAL RD, INDIANA, PA, 15701",835 HOSPITAL ROAD,INDIANA,PA,15701,,,
390174,39.949675017413,-75.158672170605,https://geocoding.geo.census.gov/,"111 S 11TH ST, PHILADELPHIA, PA, 19107",111 SOUTH 11TH STREET,PHILADELPHIA,PA,19107,,,
390178,41.411161257006,-80.372426017275,https://geocoding.geo.census.gov/,"110 N MAIN ST, GREENVILLE, PA, 16125",110 NORTH MAIN STREET,GREENVILLE,PA,16125,,,
390179,39.97047952644,-75.601360350236,https://geocoding.geo.census.gov/,"701 E MARSHALL ST, WEST CHESTER, PA, 19380",701 EAST MARSHALL STREET,WEST CHESTER,PA,19380,,,
450119,26.263324365812,-98.183138046401,https://geocoding.geo.census.gov/,"1102 W TRENTON RD, EDINBURG, TX, 78539",1102 W TRENTON ROAD,EDINBURG,TX,78539,,,
450597,29.112733862761,-97.281674028101,https://geocoding.geo.census.gov/,"2550 N ESPLANADE ST, CUERO, TX, 77954",2550 N ESPLANADE,CUERO,TX,77954,,,
450358,29.711314009215,-95.399530276451,https://geocoding.geo.census.gov/,"6565 FANNIN ST, HOUSTON, TX, 77030",6565 FANNIN,HOUSTON,TX,77030,,,
450352,33.122963341348,-96.122090772753,https://geocoding.geo.census.gov/,"4215 JOE RAMSEY BLVD E, GREENVILLE, TX, 75401",4215 JOE RAMSEY BLVD E,GREENVILLE,TX,75401,,,
450351,32.222254533392,-98.204160179433,https://geocoding.geo.census.gov/,"411 N BELKNAP ST, STEPHENVILLE, TX, 76401",411 N BELKNAP ST,STEPHENVILLE,TX,76401,,,
450596,32.413661003552,-97.801692624275,https://geocoding.geo.census.gov/,"1310 PALUXY TRL, GRANBURY, TX, 76048",1310 PALUXY RD,GRANBURY,TX,76048,,,
390180,39.857178838224,-75.366531874054,https://geocoding.geo.census.gov/,"1 MEDICAL CENTER BLVD, CHESTER, PA, 19013",ONE MEDICAL CENTER BOULEVARD,UPLAND,PA,19013,,,
390184,40.023123746951,-79.587293144286,https://geocoding.geo.census.gov/,"401 E MURPHY AVE, CONNELLSVILLE, PA, 15425",401 EAST MURPHY AVENUE,CONNELLSVILLE,PA,15425,,,
390185,40.95010769157,-75.962998527524,https://geocoding.geo.census.gov/,"700 E BROAD ST, HAZLETON, PA, 18201",700 EAST BROAD STREET,HAZLETON,PA,18201,,,
450107,31.769899462108,-106.498324381914,https://geocoding.geo.census.gov/,"1801 N OREGON ST, EL PASO, TX, 79902",1801 NORTH OREGON STREET,EL PASO,TX,79902,,,
450108,29.162600149763,-98.176503666007,https://geocoding.geo.census.gov/,"499 10TH ST, FLORESVILLE, TX, 78114",499 10TH STREET,FLORESVILLE,TX,78114,,,
450587,31.680334638752,-98.9883018944,https://geocoding.geo.census.gov/,"1501 BURNEY DR, BROWNWOOD, TX, 76801",1501 BURNET DR,BROWNWOOD,TX,76801,,,
450102,32.342288248679,-95.292637814188,https://geocoding.geo.census.gov/,"800 E DAWSON ST, TYLER, TX, 75701",800 EAST DAWSON,TYLER,TX,75701,,,
450104,29.56903851381,-97.94725304181,https://geocoding.geo.census.gov/,"1215 E COURT ST, SEGUIN, TX, 78155",1215 E COURT ST,SEGUIN,TX,78155,,,
450346,30.068523527012,-94.120064345901,https://geocoding.geo.census.gov/,"3080 COLLEGE ST, BEAUMONT, TX, 77701",3080 COLLEGE STREET,BEAUMONT,TX,77701,,,
450584,34.159589391992,-99.3133796916,https://geocoding.geo.census.gov/,"920 HILLCREST DR, VERNON, TX, 76384",920 HILLCREST DR,VERNON,TX,76384,,,
404007,18.080325291122,-67.144263315644,https://geocoding.geo.census.gov/,"108 CLL MUNOZ RIVERA, CABO ROJO, PR, 00623",108 MUNOZ RIVERA STREET,CABO ROJO,PR,00623,,,
424014,34.865305951763,-80.802867975241,https://geocoding.geo.census.gov/,"134 E REBOUND RD, LANCASTER, SC, 29720",134 EAST REBOUND ROAD,LANCASTER,SC,29720,,,
424010,34.869365490421,-82.227396445841,https://geocoding.geo.census.gov/,"2700 E PHILLIPS RD, GREER, SC, 29650",2700 E PHILLIPS RD,GREER,SC,29650,,,
424011,34.479250836318,-82.568452814472,https://geocoding.geo.census.gov/,"130 STATE HWY 252, ANDERSON, SC, 29621",130 HIGHWAY 252,ANDERSON,SC,29622,,,
450539,34.206672827315,-101.730943449641,https://geocoding.geo.census.gov/,"2601 DIMMITT RD, PLAINVIEW, TX, 79072",2601 DIMMITT RD,PLAINVIEW,TX,79072,,,
424006,32.839073686049,-79.9750731485,https://geocoding.geo.census.gov/,"2777 SPEISSEGGER DR, CHARLESTON, SC, 29405",2777 SPEISSEGGER DRIVE,CHARLESTON,SC,29405,,,
424007,34.962419424018,-82.455458818338,https://geocoding.geo.census.gov/,"1 HAVENWOOD LN, TRAVELERS REST, SC, 29690",ONE HAVENWOOD LANE  PO BOX 1005,TRAVELERS REST,SC,29690,,,
424008,34.005693210476,-81.119267912931,https://geocoding.geo.census.gov/,"2900 SUNSET BLVD, WEST COLUMBIA, SC, 29169",2900 SUNSET BOULEVARD,WEST COLUMBIA,SC,29169,,,
450537,32.995271628904,-96.668508949189,https://geocoding.geo.census.gov/,"2831 N PRESIDENT GEORGE BUSH HWY, RICHARDSON, TX, 75082",2831 E PRESIDENT GEORGE BUSH HIGHWAY,RICHARDSON,TX,75082,,,
450779,32.659969341994,-97.420318145176,https://geocoding.geo.census.gov/,"6100 HARRIS PKWY, FORT WORTH, TX, 76132",6100 HARRIS PKWY,FORT WORTH,TX,76132,,,
450774,30.018897376803,-95.444961662084,https://geocoding.geo.census.gov/,"17080 RED OAK DR, HOUSTON, TX, 77090",17080 RED OAK DRIVE,HOUSTON,TX,77090,,,
450775,30.050453704105,-95.252980641047,https://geocoding.geo.census.gov/,"22999 US HWY 59 N, KINGWOOD, TX, 77339",22999 US HWY 59,KINGWOOD,TX,77325,,,
450771,33.045078724335,-96.83587384628,https://geocoding.geo.census.gov/,"6200 W PARKER RD, PLANO, TX, 75093",6200 W PARKER RD,PLANO,TX,75093,,,
450788,27.752309943387,-97.38704172249,https://geocoding.geo.census.gov/,"3315 S ALAMEDA ST, CORPUS CHRISTI, TX, 78411",3315 S ALAMEDA ST,CORPUS CHRISTI,TX,78411,,,
414003,41.792195396928,-71.365824588392,https://geocoding.geo.census.gov/,"1011 VETERANS MEMORIAL PKWY, RIVERSIDE, RI, 02915",1011 VETERANS MEMORIAL PARKWAY,EAST PROVIDENCE,RI,02915,,,
414000,41.844404540183,-71.386372350148,https://geocoding.geo.census.gov/,"345 BLACKSTONE BLVD, PROVIDENCE, RI, 02906",345 BLACKSTONE BLVD,PROVIDENCE,RI,02906,,,
420091,34.157419799603,-79.752438860844,https://geocoding.geo.census.gov/,"805 PAMPLICO HWY, FLORENCE, SC, 29505",805 PAMPLICO HWY BOX 100550,FLORENCE,SC,29505,,,
400001,18.454808262236,-66.065166346183,https://geocoding.geo.census.gov/,"1451 AVE ASHFORD, SAN JUAN, PR, 00907","1451 ASHFORD AVENUE, EL CONDADO",SAN JUAN,PR,00907,,,
420098,33.559617169931,-79.041426323186,https://geocoding.geo.census.gov/,"4070 US HWY 17, MURRELLS INLET, SC, 29576",4070 HWY 17,MURRELLS INLET,SC,29576,,,
450730,33.028269965314,-96.884444676174,https://geocoding.geo.census.gov/,"4343 N JOSEY LN, CARROLLTON, TX, 75010",4343 NORTH JOSEY LANE,CARROLLTON,TX,75010,,,
454094,32.913483764541,-96.770929453383,https://geocoding.geo.census.gov/,"7808 CLODUS FIELDS DR, DALLAS, TX, 75251",7808 CLODUS FIELDS DRIVE,DALLAS,TX,75251,,,
454093,33.573986748632,-101.806910712053,https://geocoding.geo.census.gov/,"1950 ASPEN AVE, LUBBOCK, TX, 79404",1950 ASPEN AVENUE,LUBBOCK,TX,79408,,,
41005F,41.833575206798,-71.435659970153,https://geocoding.geo.census.gov/,"830 CHALKSTONE AVE, PROVIDENCE, RI, 02908",830 CHALKSTONE AVENUE,PROVIDENCE,RI,02908,,,
450723,32.647399730123,-96.876339094062,https://geocoding.geo.census.gov/,"3500 W WHEATLAND RD, DALLAS, TX, 75237",3500 W WHEATLAND ROAD,DALLAS,TX,75237,,,
42009F,32.393795926555,-80.685109729115,https://geocoding.geo.census.gov/,"1 PINKNEY BLVD, BEAUFORT, SC, 29902",1 Pinckney Blvd,Beaufort,SC,29902,,,
450755,33.573092401917,-102.367830410759,https://geocoding.geo.census.gov/,"1900 COLLEGE AVE, LEVELLAND, TX, 79336",1900 COLLEGE AVE,LEVELLAND,TX,79336,,,
45074F,29.705917076104,-95.390066952977,https://geocoding.geo.census.gov/,"2002 HOLCOMBE BLVD, HOUSTON, TX, 77030",2002 HOLCOMBE BLVD.,HOUSTON,TX,77030,,,
424002,33.787758513393,-78.997647508643,https://geocoding.geo.census.gov/,"152 WACCAMAN MEDICAL PARK DR, CONWAY, SC, 29526",152 WACCAMAW MEDICAL PARK DRIVE,CONWAY,SC,29526,,,
424005,34.084067560138,-80.981307803451,https://geocoding.geo.census.gov/,"220 FAISON DR, COLUMBIA, SC, 29203",220 FAISON DR,COLUMBIA,SC,29203,,,
450508,31.613359431411,-94.649387395536,https://geocoding.geo.census.gov/,"1204 N MOUND ST, NACOGDOCHES, TX, 75961",1204 MOUND ST,NACOGDOCHES,TX,75961,,,
450747,31.734018894288,-95.627585537147,https://geocoding.geo.census.gov/,"2900 LOOP 256, PALESTINE, TX, 75801",2900 S LOOP 256,PALESTINE,TX,75801,,,
450742,32.923220874629,-96.509327764279,https://geocoding.geo.census.gov/,"6800 SCENIC DR, ROWLETT, TX, 75088",6800 SCENIC DR,ROWLETT,TX,75088,,,
410008,41.432224310496,-71.496753304018,https://geocoding.geo.census.gov/,"100 KENYON AVE, WAKEFIELD, RI, 02879",100 KENYON AVE,WAKEFIELD,RI,02879,,,
410009,41.704627817484,-71.478100692995,https://geocoding.geo.census.gov/,"455 TOLL GATE RD, WARWICK, RI, 02886",455 TOLL GATE RD,WARWICK,RI,02886,,,
454065,32.62809431083,-96.865613168394,https://geocoding.geo.census.gov/,"2000 OLD HICKORY TRL, DESOTO, TX, 75115",2000 N OLD HICKORY TRAIL,DESOTO,TX,75115,,,
410004,41.8340485775,-71.434324466013,https://geocoding.geo.census.gov/,"825 CHALKSTONE AVE, PROVIDENCE, RI, 02908",825 CHALKSTONE AVENUE,PROVIDENCE,RI,02908,,,
454064,31.445949305863,-100.511277745282,https://geocoding.geo.census.gov/,"1636 HUNTERS GLEN RD, SAN ANGELO, TX, 76901",1636 HUNTERS GLEN ROAD,SAN ANGELO,TX,76904,,,
410006,41.497625124605,-71.305999334297,https://geocoding.geo.census.gov/,"11 FRIENDSHIP ST, NEWPORT, RI, 02840",11 FRIENDSHIP STREET,NEWPORT,RI,02840,,,
410005,41.856684008685,-71.460662326516,https://geocoding.geo.census.gov/,"200 HIGH SERVICE AVE, NORTH PROVIDENCE, RI, 02904",200 HIGH SERVICE AVENUE,NORTH PROVIDENCE,RI,02904,,,
454060,29.602815252579,-98.439503815892,https://geocoding.geo.census.gov/,"17720 CORPORATE WOODS DR, SAN ANTONIO, TX, 78259",17720 CORPORATE WOODS DRIVE,SAN ANTONIO,TX,78259,,,
420051,34.195961823829,-79.759203257242,https://geocoding.geo.census.gov/,"555 E CHEVES ST, FLORENCE, SC, 29506",555 E CHEVES ST BOX 8700,FLORENCE,SC,29506,,,
444021,35.605406964645,-87.059380136248,https://geocoding.geo.census.gov/,"1400 ROSEWOOD DR, COLUMBIA, TN, 38401",1400 ROSEWOOD DRIVE,COLUMBIA,TN,38401,,,
444023,35.65481044094,-88.831776993323,https://geocoding.geo.census.gov/,"49 OLD HICKORY BLVD, JACKSON, TN, 38305",49 OLD HICKORY BLVD,JACKSON,TN,38305,,,
444025,35.04243738598,-89.746757234149,https://geocoding.geo.census.gov/,"9485 CRESTWYN HILLS COVE, MEMPHIS, TN, 38125",9485 CRESTWYN HILLS COVE,MEMPHIS,TN,38125,,,
420053,34.290753949925,-81.604064264694,https://geocoding.geo.census.gov/,"2669 KINARD ST, NEWBERRY, SC, 29108",2669 KINARD ST PO BOX 497,NEWBERRY,SC,29108,,,
444024,35.182370265187,-90.044963086618,https://geocoding.geo.census.gov/,"1505 N 2ND ST, MEMPHIS, TN, 38107",1505 N SECOND STREET,MEMPHIS,TN,38107,,,
420049,33.786530436338,-79.002614020538,https://geocoding.geo.census.gov/,"300 SINGLETON RIDGE RD, CONWAY, SC, 29526",300 SINGLETON RIDGE ROAD,CONWAY,SC,29526,,,
420048,34.252417526229,-80.589426660245,https://geocoding.geo.census.gov/,"1315 ROBERTS ST, CAMDEN, SC, 29020",1315 ROBERTS STREET,CAMDEN,SC,29020,,,
444019,36.574321829651,-87.271940693461,https://geocoding.geo.census.gov/,"930 PROFESSIONAL PARK DR, CLARKSVILLE, TN, 37040",930 PROFESSIONAL PARK DRIVE,CLARKSVILLE,TN,37040,,,
410011,42.005241861839,-71.496284308135,https://geocoding.geo.census.gov/,"115 CASS AVE, WOONSOCKET, RI, 02895",115 CASS AVENUE,WOONSOCKET,RI,02895,,,
410010,41.810273845304,-71.411296751357,https://geocoding.geo.census.gov/,"101 DUDLEY ST, PROVIDENCE, RI, 02905",101 DUDLEY STREET,PROVIDENCE,RI,02905,,,
410013,41.362834173182,-71.824789051267,https://geocoding.geo.census.gov/,"25 WELLS ST, WESTERLY, RI, 02891",25 WELLS STREET,WESTERLY,RI,02891,,,
410012,41.851210858072,-71.397911186154,https://geocoding.geo.census.gov/,"164 SUMMIT AVE, PROVIDENCE, RI, 02906",164 SUMMIT AVENUE,PROVIDENCE,RI,02906,,,
430089,42.504843254847,-96.49682595845,https://geocoding.geo.census.gov/,"600 SIOUX POINT RD, DAKOTA DUNES, SD, 57049",600 N SIOUX POINT ROAD,DAKOTA DUNES,SD,57049,,,
454050,33.12489640044,-96.081305353705,https://geocoding.geo.census.gov/,"301 DIVISION ST, GREENVILLE, TX, 75401",301 E DIVISION STREET,GREENVILLE,TX,75401,,,
444010,35.636752478082,-88.834239208014,https://geocoding.geo.census.gov/,"238 SUMMAR DR, JACKSON, TN, 38301",238 SUMMAR DR,JACKSON,TN,38301,,,
420067,32.417770775584,-80.688474039759,https://geocoding.geo.census.gov/,"955 RIBAUT RD, BEAUFORT, SC, 29902",955 RIBAUT RD,BEAUFORT,SC,29902,,,
420065,32.803244872053,-80.039336103246,https://geocoding.geo.census.gov/,"2095 HENRY TECKLENBURG DR, CHARLESTON, SC, 29414",2095 HENRY TECKLENBURG DRIVE,CHARLESTON,SC,29414,,,
444014,36.163051634526,-86.648419318416,https://geocoding.geo.census.gov/,"221 STEWARTS FERRY PIKE, NASHVILLE, TN, 37214",221 STEWARTS FERRY PIKE,NASHVILLE,TN,37214,,,
444005,36.33746154334,-88.870664366778,https://geocoding.geo.census.gov/,"458 HANNINGS LN, MARTIN, TN, 38237","458 HANNINGS LANE, P O BOX 1006",MARTIN,TN,38237,,,
444004,35.20620987677,-89.769775750354,https://geocoding.geo.census.gov/,"2911 BRUNSWICK RD, MEMPHIS, TN, 38133",2911 BRUNSWICK RD,MEMPHIS,TN,38133,,,
444007,35.914500651908,-86.816653647309,https://geocoding.geo.census.gov/,"2014 QUAIL HOLLOW CIR, FRANKLIN, TN, 37067",2014 QUAIL HOLLOW CIRCLE,FRANKLIN,TN,37067,,,
490145,38.942265490697,-77.542565742552,https://geocoding.geo.census.gov/,"24440 STONE SPRINGS BLVD, DULLES, VA, 20166",24440 STONE SPRINGS BOULEVARD,DULLES,VA,20166,,,
490144,38.822051886187,-77.641539679846,https://geocoding.geo.census.gov/,"15225 HEATHCOTE BLVD, HAYMARKET, VA, 20169",15225 HEALTHCOTE BOULEVARD,HAYMARKET,VA,20169,,,
444008,35.277743610249,-89.030078872108,https://geocoding.geo.census.gov/,"11100 OLD HWY 64, BOLIVAR, TN, 38008",11100 OLD HWY 64 WEST,BOLIVAR,TN,38008,,,
430091,44.046135905544,-103.222840747101,https://geocoding.geo.census.gov/,"216 ANAMARIA DR, RAPID CITY, SD, 57701",216 ANAMARIA DR,RAPID CITY,SD,57703,,,
490141,38.219425579668,-77.496315680291,https://geocoding.geo.census.gov/,"4600 SPOTSYLVANIA PKWY, FREDERICKSBURG, VA, 22408",4600 SPOTSYLVANIA PARKWAY,FREDERICKSBURG,VA,22408,,,
430090,43.534885431791,-96.714323065666,https://geocoding.geo.census.gov/,"910 E 20TH ST, SIOUX FALLS, SD, 57105",910 EAST 20TH STREET,SIOUX FALLS,SD,57105,,,
490140,38.414013438441,-77.408698722333,https://geocoding.geo.census.gov/,"101 HOSPITAL CENTER BLVD, STAFFORD, VA, 22554",101 HOSPITAL CENTER BOULEVARD,STAFFORD,VA,22554,,,
430093,44.059114474901,-103.229230591833,https://geocoding.geo.census.gov/,"651 CATHEDRAL DR, RAPID CITY, SD, 57701",651 CATHEDRAL DRIVE,RAPID CITY,SD,57701,,,
430095,43.489991676887,-96.781540428516,https://geocoding.geo.census.gov/,"4500 W 69TH ST, SIOUX FALLS, SD, 57108",4500 W 69TH ST,SIOUX FALLS,SD,57108,,,
430097,45.462206279757,-98.448258546433,https://geocoding.geo.census.gov/,"2905 3RD AVE SE, ABERDEEN, SD, 57401",2905 3RD AVE SE,ABERDEEN,SD,57402,,,
42029F,32.785072656226,-79.953888257447,https://geocoding.geo.census.gov/,"109 BEE ST, CHARLESTON, SC, 29401",109 BEE STREET,CHARLESTON,SC,29401,,,
490148,36.869497113658,-76.44096658283,https://geocoding.geo.census.gov/,"1020 BON SECOURS DR, SUFFOLK, VA, 23435",1020 BON SECOURS DRIVE,SUFFOLK,VA,23435,,,
454088,26.16007809842,-97.70827567965,https://geocoding.geo.census.gov/,"1401 S RANGERVILLE RD, HARLINGEN, TX, 78552",1401 RANGERVILLE ROAD,HARLINGEN,TX,78552,,,
420070,33.923659603366,-80.344252819479,https://geocoding.geo.census.gov/,"129 N WASHINGTON ST, SUMTER, SC, 29150",129 N WASHINGTON ST,SUMTER,SC,29150,,,
454084,30.305902704563,-97.736182170678,https://geocoding.geo.census.gov/,"4110 GUADALUPE ST, AUSTIN, TX, 78751",4110 GUADALUPE,AUSTIN,TX,78751,,,
420072,32.855091054391,-81.087573584278,https://geocoding.geo.census.gov/,"595 WEST CAROLINA AVE, VARNVILLE, SC, 29944",595 WEST CAROLINA AVENUE,VARNVILLE,SC,29944,,,
420071,34.174310562788,-82.156831334946,https://geocoding.geo.census.gov/,"1325 SPRING ST, GREENWOOD, SC, 29646",1325 SPRING STREET,GREENWOOD,SC,29646,,,
420078,34.821493940888,-82.413655790617,https://geocoding.geo.census.gov/,"701 GROVE RD, GREENVILLE, SC, 29605",701 GROVE ROAD,GREENVILLE,SC,29605,,,
450718,30.509615140028,-97.711771442365,https://geocoding.geo.census.gov/,"2400 ROUND ROCK AVE, ROUND ROCK, TX, 78681",2400 ROUND ROCK AVE,ROUND ROCK,TX,78681,,,
450711,26.185949881435,-98.223774949184,https://geocoding.geo.census.gov/,"101 E RIDGE RD, MCALLEN, TX, 78503",101 E RIDGE RD,MCALLEN,TX,78503,,,
490130,37.419763414205,-76.543091924415,https://geocoding.geo.census.gov/,"7519 HOSPITAL DR, GLOUCESTER, VA, 23061",7519 HOSPITAL ROAD,GLOUCESTER,VA,23061,,,
450713,30.227260425401,-97.77354477937,https://geocoding.geo.census.gov/,"901 W BEN WHITE BLVD, AUSTIN, TX, 78704",901 WEST BEN WHITE BLVD,AUSTIN,TX,78704,,,
490136,37.465898340912,-77.661424246967,https://geocoding.geo.census.gov/,"13710 ST FRANCIS BLVD, MIDLOTHIAN, VA, 23114",13710 ST FRANCIS BOULEVARD,MIDLOTHIAN,VA,23114,,,
434003,42.91365697922,-97.397726957258,https://geocoding.geo.census.gov/,"3515 BROADWAY ST, YANKTON, SD, 57078",3515 BROADWAY AVE   POST OFFICE BOX 7600,YANKTON,SD,57078,,,
454079,32.903121090308,-97.31659373544,https://geocoding.geo.census.gov/,"3100 ALLIANCE TOWN CENTER, FORT WORTH, TX, 76177",3100 ALLIANCE TOWN CENTER,FORT WORTH,TX,76177,,,
454076,29.712708504965,-95.375241235649,https://geocoding.geo.census.gov/,"2800 S MACGREGOR WAY, HOUSTON, TX, 77021",2800 MACGREGOR WAY,HOUSTON,TX,77021,,,
420080,32.224291263064,-80.713871246817,https://geocoding.geo.census.gov/,"25 HOSPITAL CENTER BLVD, HILTON HEAD ISLAND, SC, 29926",25 HOSPITAL CENTER BLVD,HILTON HEAD ISLAND,SC,29926,,,
420085,33.755257431091,-78.817112511714,https://geocoding.geo.census.gov/,"809 82ND PKWY, MYRTLE BEACH, SC, 29572",809 82ND PARKWAY,MYRTLE BEACH,SC,29572,,,
444030,36.198150229648,-86.794547326208,https://geocoding.geo.census.gov/,"300 GREAT CIRCLE RD, NASHVILLE, TN, 37228",300 GREAT CIRCLE ROAD,NASHVILLE,TN,37228,,,
400011,18.153076316292,-65.833799253711,https://geocoding.geo.census.gov/,"300 CLL FONT MARTELO, HUMACAO, PR, 00791",300  AVE FONT MARTELLO,HUMACAO,PR,00792,,,
444032,35.951002658027,-84.022125700611,https://geocoding.geo.census.gov/,"1444 OLD WEISGARBER RD, KNOXVILLE, TN, 37909",1444 OLD WEISGARBER RD,KNOXVILLE,TN,37909,,,
420082,33.584142808943,-81.759424583203,https://geocoding.geo.census.gov/,"302 UNIVERSITY PKWY, AIKEN, SC, 29801",302 UNIVERSITY PARKWAY,AIKEN,SC,29801,,,
420089,32.818625978828,-79.850303393975,https://geocoding.geo.census.gov/,"2000 HOSPITAL DR, MOUNT PLEASANT, SC, 29464",2000 HOSPITAL DR,MOUNT PLEASANT,SC,29464,,,
450709,29.550606280102,-95.085617561605,https://geocoding.geo.census.gov/,"18300 SAINT JOHN DR, HOUSTON, TX, 77058",18300 ST JOHN DRIVE,NASSAU BAY,TX,77058,,,
444033,35.035098338369,-89.801669885903,https://geocoding.geo.census.gov/,"7890 LOWRANCE RD, MEMPHIS, TN, 38125",7890 LOWRANCE RD,MEMPHIS,TN,38125,,,
420087,32.782348582142,-79.949032953811,https://geocoding.geo.census.gov/,"316 CALHOUN ST, CHARLESTON, SC, 29401",316 CALHOUN ST,CHARLESTON,SC,29401,,,
420086,34.00763299171,-81.032712997422,https://geocoding.geo.census.gov/,"TAYLOR ST & MARION ST, COLUMBIA, SC, 29201",1330 TAYLOR AT MARION ST,COLUMBIA,SC,29220,,,
444027,36.543210550086,-82.512650675219,https://geocoding.geo.census.gov/,"1025 EXECUTIVE PARK BLVD, KINGSPORT, TN, 37660",1025 EXECUTIVE PARK BLVD,KINGSPORT,TN,37660,,,
444026,35.049572701314,-85.276714412622,https://geocoding.geo.census.gov/,"804 N HOLTZCLAW AVE, CHATTANOOGA, TN, 37404",804 NORTH HOLTZCLAW AVENUE,CHATTANOOGA,TN,37404,,,
490120,36.746792497512,-76.245051182779,https://geocoding.geo.census.gov/,"736 BATTLEFIELD BLVD N, CHESAPEAKE, VA, 23320","736 BATTLEFIELD BLVD, NORTH",CHESAPEAKE,VA,23320,,,
444029,35.599944320589,-87.061946706968,https://geocoding.geo.census.gov/,"1001 S JAMES CAMPBELL BLVD, COLUMBIA, TN, 38401",1001 N JAMES CAMPBELL BLVD,COLUMBIA,TN,38401,,,
420079,32.977466338479,-80.073435272644,https://geocoding.geo.census.gov/,"9330 MEDICAL PLAZA DR, CHARLESTON, SC, 29406",9330 MEDICAL PLAZA DR,CHARLESTON,SC,29406,,,
400007,18.15444603477,-65.835115931791,https://geocoding.geo.census.gov/,"355 CLL FONT MARTELO, HUMACAO, PR, 00791",355 AVE FONT MARTELO,HUMACAO,PR,00791,,,
400005,18.15047008428,-65.825342507638,https://geocoding.geo.census.gov/,"3 CLL FONT MARTELO, HUMACAO, PR, 00791",3 CALLE FONT MARTELO,HUMACAO,PR,00791,,,
450702,32.532095607562,-94.728868820689,https://geocoding.geo.census.gov/,"2901 N 4TH ST, LONGVIEW, TX, 75605",2901 N FOURTH ST,LONGVIEW,TX,75605,,,
490127,37.285461004591,-82.068240428299,https://geocoding.geo.census.gov/,"1535 SLATE CREEK RD, GRUNDY, VA, 24614",1535 SLATE CREEK ROAD,GRUNDY,VA,24614,,,
510055,38.409990710115,-82.428332889429,https://geocoding.geo.census.gov/,"1340 HAL GREER BLVD, HUNTINGTON, WV, 25701",1340 HAL GREER BOULEVARD,HUNTINGTON,WV,25701,,,
500008,47.650667301654,-122.308015618408,https://geocoding.geo.census.gov/,"1959 NE PACIFIC ST, SEATTLE, WA, 98195",1959 NE PACIFIC ST  BOX 356151,SEATTLE,WA,98195,,,
500129,47.260048781555,-122.453463356294,https://geocoding.geo.census.gov/,"315 MARTIN LUTHER KING JR WAY, TACOMA, WA, 98405",315 S MLK JR WAY,TACOMA,WA,98405,,,
500007,48.502847444682,-122.615744936681,https://geocoding.geo.census.gov/,"1211 24TH ST, ANACORTES, WA, 98221",1211  24TH STREET,ANACORTES,WA,98221,,,
500005,47.609914632325,-122.328313490071,https://geocoding.geo.census.gov/,"925 SENECA ST, SEATTLE, WA, 98101",925 SENECA ST,SEATTLE,WA,98101,,,
501336,47.226399571964,-123.116020745276,https://geocoding.geo.census.gov/,"901 MOUNTAIN VIEW DR, SHELTON, WA, 98584",901 MT VIEW DRIVE,SHELTON,WA,98584,,,
501337,46.234640662508,-119.094380014831,https://geocoding.geo.census.gov/,"520 N 4TH AVE, PASCO, WA, 99301",520 N FOURTH AVENUE,PASCO,WA,99301,,,
501338,47.512264353526,-121.88472540377,https://geocoding.geo.census.gov/,"9801 FRONTIER AVE SE, SNOQUALMIE, WA, 98065",9801 FRONTIER AVE SE,SNOQUALMIE,WA,98065,,,
510050,40.066851864664,-80.696005494223,https://geocoding.geo.census.gov/,"1 MEDICAL PARK, WHEELING, WV, 26003",1 MEDICAL PARK,WHEELING,WV,26003,,,
501339,48.214184500042,-122.686026676083,https://geocoding.geo.census.gov/,"101 N MAIN ST, COUPEVILLE, WA, 98239",101 NORTH MAIN STREET,COUPEVILLE,WA,98239,,,
500011,47.456841763895,-122.341446463488,https://geocoding.geo.census.gov/,"16251 SYLVESTER RD SW, BURIEN, WA, 98166",16251 SYLVESTER ROAD SW,BURIEN,WA,98166,,,
500015,47.308612830586,-122.22973644162,https://geocoding.geo.census.gov/,"202 N DIVISION ST, AUBURN, WA, 98001",202 NORTH DIVISION STREET PLAZA ONE,AUBURN,WA,98001,,,
500014,48.000061407112,-122.208006319256,https://geocoding.geo.census.gov/,"1321 COLBY AVE, EVERETT, WA, 98201",1321 COLBY AVENUE,EVERETT,WA,98201,,,
51004F,38.38401521052,-82.518091341231,https://geocoding.geo.census.gov/,"1540 SPRING VALLEY DR, HUNTINGTON, WV, 25704",1540 SPRING VALLEY ROAD,HUNTINGTON,WV,25704,,,
670093,30.282201054395,-95.474130774628,https://geocoding.geo.census.gov/,"2006 S LOOP 336 W, CONROE, TX, 77304","2006 SOUTH LOOP 336 WEST, SUITE 500",CONROE,TX,77304,,,
510048,37.846159706535,-81.994065239583,https://geocoding.geo.census.gov/,"20 HOSPITAL DR, LOGAN, WV, 25601",20 HOSPITAL DRIVE,LOGAN,WV,25601,,,
670098,29.719897916536,-98.071996542003,https://geocoding.geo.census.gov/,"555 CREEKSIDE CROSSING, NEW BRAUNFELS, TX, 78130","555 CREEKSIDE XING,",NEW BRAUNFELS,TX,78130,,,
510046,37.362890286133,-81.111835018064,https://geocoding.geo.census.gov/,"122 12TH ST, PRINCETON, WV, 24740",122 12TH STREET,PRINCETON,WV,24740,,,
501329,48.495503951559,-122.276013971192,https://geocoding.geo.census.gov/,"2000 HOSPITAL DR, SEDRO WOOLLEY, WA, 98284",2000 HOSPITAL DRIVE,SEDRO WOOLLEY,WA,98284,,,
501325,47.946664184665,-124.392303006578,https://geocoding.geo.census.gov/,"530 BOGACHIEL WAY, FORKS, WA, 98331",530 BOGACHIEL WAY,FORKS,WA,98331,,,
501326,48.541204517618,-117.892954589075,https://geocoding.geo.census.gov/,"982 E COLUMBIA AVE, COLVILLE, WA, 99114",982 EAST COLUMBIA,COLVILLE,WA,99114,,,
501327,46.86963732343,-117.374357051317,https://geocoding.geo.census.gov/,"1200 W FAIRVIEW ST, COLFAX, WA, 99111",1200 WEST FAIRVIEW,COLFAX,WA,99111,,,
500119,47.67157469264,-117.23520707393,https://geocoding.geo.census.gov/,"12606 E MISSION AVE, SPOKANE VALLEY, WA, 99216",12606 EAST MISSION AVENUE,SPOKANE VALLEY,WA,99216,,,
501328,48.397035755483,-119.545086215724,https://geocoding.geo.census.gov/,"810 JASMINE ST, OMAK, WA, 98841",810 JASMINE STREET,OMAK,WA,98841,,,
501332,46.403573447783,-117.054438768671,https://geocoding.geo.census.gov/,"1221 HIGHLAND AVE, CLARKSTON, WA, 99403",1221 HIGHLAND AVENUE,CLARKSTON,WA,99403,,,
501333,46.98744780581,-120.536819129766,https://geocoding.geo.census.gov/,"603 S CHESTNUT ST, ELLENSBURG, WA, 98926",603 SOUTH CHESTNUT,ELLENSBURG,WA,98926,,,
501334,47.836098472648,-119.99311297844,https://geocoding.geo.census.gov/,"110 APPLE BLOSSOM DR, CHELAN, WA, 98816",110 S APPLE BLOSSOM DR,CHELAN,WA,98816,,,
501335,47.208378137001,-121.988152295286,https://geocoding.geo.census.gov/,"1450 BATTERSBY AVE, ENUMCLAW, WA, 98022",1450 BATTERSBY AVENUE,ENUMCLAW,WA,98022,,,
500003,48.417513970924,-122.323932335107,https://geocoding.geo.census.gov/,"1415 E KINCAID ST, MOUNT VERNON, WA, 98274",1415 KINCAID STREET,MOUNT VERNON,WA,98274,,,
500124,47.714942908684,-122.18054712834,https://geocoding.geo.census.gov/,"12040 NE 128TH ST, KIRKLAND, WA, 98034",12040 NE 128TH STREET,KIRKLAND,WA,98034,,,
501330,46.32233899081,-120.006994293265,https://geocoding.geo.census.gov/,"1016 TACOMA AVE, SUNNYSIDE, WA, 98944",1016 TACOMA AVENUE,SUNNYSIDE,WA,98944,,,
51003F,39.269507906218,-80.362642768656,https://geocoding.geo.census.gov/,"1 MED CENTER DR, CLARKSBURG, WV, 26301",1 MEDICAL CENTER DRIVE,CLARKSBURG,WV,26301,,,
501331,46.715292366788,-117.181146860335,https://geocoding.geo.census.gov/,"835 SE BISHOP BLVD, PULLMAN, WA, 99163",835 S BISHOP BLVD,PULLMAN,WA,99163,,,
510038,39.047893503411,-80.491446249774,https://geocoding.geo.census.gov/,"230 HOSPITAL PL, WESTON, WV, 26452",230 HOSPITAL PLAZA,WESTON,WV,26452,,,
50011F,47.701449153053,-117.475636324342,https://geocoding.geo.census.gov/,"4815 N ASSEMBLY ST, SPOKANE, WA, 99205",4815 N. ASSEMBLY STREET,SPOKANE,WA,99205,,,
670068,33.045215015087,-97.069304499845,https://geocoding.geo.census.gov/,"4400 LONG PRAIRIE RD, FLOWER MOUND, TX, 75028",4400 LONG PRAIRIE ROAD,FLOWER MOUND,TX,75028,,,
670067,32.682444620205,-97.116719277181,https://geocoding.geo.census.gov/,"707 HIGHLANDER BLVD, ARLINGTON, TX, 76015",707 HIGHLANDER BLVD,ARLINGTON,TX,76015,,,
491309,36.749370626863,-83.049778236756,https://geocoding.geo.census.gov/,"127 HEALTH CARE DR, PENNINGTON GAP, VA, 24277",127 HEALTH CARE DRIVE,PENNINGTON GAP,VA,24277,,,
670069,33.175299775324,-96.722166057939,https://geocoding.geo.census.gov/,"8000 ELDORADO PKWY, MCKINNEY, TX, 75070",8000 W ELDORADO PKWY BLDG C SUITE C,MCKINNEY,TX,75070,,,
534004,42.835282685084,-106.293879274848,https://geocoding.geo.census.gov/,"2521 E 15TH ST, CASPER, WY, 82609",2521 EAST 15TH STREET,CASPER,WY,82609,,,
500027,47.608637620534,-122.320844065738,https://geocoding.geo.census.gov/,"747 BROADWAY AVE, SEATTLE, WA, 98122",747 BROADWAY,SEATTLE,WA,98122,,,
510070,37.786518833437,-81.203026920782,https://geocoding.geo.census.gov/,"1710 HARPER RD, BECKLEY, WV, 25801",1710 HARPER ROAD,BECKLEY,WV,25801,,,
510072,39.680522036482,-80.857592142876,https://geocoding.geo.census.gov/,"3 E BENJAMIN DR, NEW MARTINSVILLE, WV, 26155",#3 EAST BENJAMIN DRIVE,NEW MARTINSVILLE,WV,26155,,,
500033,47.131032955989,-119.265425776397,https://geocoding.geo.census.gov/,"801 E WHEELER RD, MOSES LAKE, WA, 98837",801 EAST WHEELER ROAD,MOSES LAKE,WA,98837,,,
500154,47.35812005371,-122.104931572225,https://geocoding.geo.census.gov/,"17700 SE 272ND ST, COVINGTON, WA, 98042",17700 SE 272ND ST,COVINGTON,WA,98042,,,
503302,47.651339244832,-117.425162396598,https://geocoding.geo.census.gov/,"911 W 5TH AVE, SPOKANE, WA, 99204",911 WEST 5TH AVENUE,SPOKANE,WA,99204,,,
503301,47.260029126731,-122.453458778577,https://geocoding.geo.census.gov/,"317 MARTIN LUTHER KING JR WAY, TACOMA, WA, 98405",317 MARTIN LUTHER KING JR W BOX 5299,TACOMA,WA,98415,,,
500152,47.536477513928,-122.022147876762,https://geocoding.geo.census.gov/,"751 NE BLAKLEY, ISSAQUAH, WA, 98029",751 NE BLAKELY DR,ISSAQUAH,WA,98029,,,
500030,48.77231533188,-122.474736688808,https://geocoding.geo.census.gov/,"2901 SQUALICUM PKWY, BELLINGHAM, WA, 98225",2901 SQUALICUM PARKWAY,BELLINGHAM,WA,98225,,,
500151,47.364534065937,-122.614802113907,https://geocoding.geo.census.gov/,"11567 CANTERWOOD BLVD NW, GIG HARBOR, WA, 98332",11567 CANTERWOOD BOULEVARD NW,GIG HARBOR,WA,98332,,,
500037,46.371299996564,-120.3173795558,https://geocoding.geo.census.gov/,"502 W 4TH AVE, TOPPENISH, WA, 98948",502 W FOURTH AVE,TOPPENISH,WA,98948,,,
500036,46.592756260144,-120.546273013384,https://geocoding.geo.census.gov/,"2811 W TIETON DR, YAKIMA, WA, 98902",2811 TIETON DRIVE,YAKIMA,WA,98902,,,
503300,47.664454066597,-122.283099247517,https://geocoding.geo.census.gov/,"4800 SAND POINT WAY NE, SEATTLE, WA, 98105","4800 SAND POINT WAY NE, PO BOX C-5371",SEATTLE,WA,98105,,,
491307,38.66548767917,-78.468589625096,https://geocoding.geo.census.gov/,"200 MEMORIAL DR, LURAY, VA, 22835",200 MEMORIAL DRIVE,LURAY,VA,22835,,,
670071,32.74826293633,-97.116625863861,https://geocoding.geo.census.gov/,"811 WRIGHT ST, ARLINGTON, TX, 76012",811 WRIGHT STREET,ARLINGTON,TX,76012,,,
520089,43.065251096851,-89.400830367013,https://geocoding.geo.census.gov/,"202 S PARK ST, MADISON, WI, 53715",202 S PARK ST,MADISON,WI,53715,,,
491305,38.872557871063,-78.512899059689,https://geocoding.geo.census.gov/,"759 S MAIN ST, WOODSTOCK, VA, 22664",759 SOUTH MAIN STREET,WOODSTOCK,VA,22664,,,
520088,43.778620392115,-88.430438701914,https://geocoding.geo.census.gov/,"430 E DIVISION ST, FOND DU LAC, WI, 54935",430 E DIVISION ST,FOND DU LAC,WI,54935,,,
520087,43.795027646301,-91.246772640727,https://geocoding.geo.census.gov/,"1910 SOUTH AVE, LA CROSSE, WI, 54601",1910 SOUTH AVE,LA CROSSE,WI,54601,,,
491303,37.160181801482,-82.4497178658,https://geocoding.geo.census.gov/,"312 HOSPITAL DR, CLINTWOOD, VA, 24228",312 HOSPITAL DRIVE,CLINTWOOD,VA,24228,,,
500150,45.721812689254,-122.647921212903,https://geocoding.geo.census.gov/,"2211 NE 139TH ST, VANCOUVER, WA, 98686",2211 NE 139TH STREET,VANCOUVER,WA,98686,,,
670075,29.989803750412,-95.570181095425,https://geocoding.geo.census.gov/,"20171 CHASEWOOD PARK DR, HOUSTON, TX, 77070",20171 CHASEWOOD PARK DRIVE,HOUSTON,TX,77070,,,
491304,37.778417216632,-79.441937713267,https://geocoding.geo.census.gov/,"1 HEALTH CIR, LEXINGTON, VA, 24450",1 HEALTH CIRCLE,LEXINGTON,VA,24450,,,
670073,32.983363053704,-96.8289918221,https://geocoding.geo.census.gov/,"17101 DALLAS PKWY, ADDISON, TX, 75001",17101 DALLAS PARKWAY,ADDISON,TX,75001,,,
520083,43.059828973974,-89.400828503653,https://geocoding.geo.census.gov/,"700 S PARK ST, MADISON, WI, 53715",700 SOUTH PARK ST,MADISON,WI,53715,,,
510062,37.799268748263,-81.168928910203,https://geocoding.geo.census.gov/,"306 STANAFORD RD, BECKLEY, WV, 25801",306 STANAFORD ROAD,BECKLEY,WV,25801,,,
670078,29.587709495582,-98.474187278861,https://geocoding.geo.census.gov/,"16088 SAN PEDRO AVE, SAN ANTONIO, TX, 78232",16088 SAN PEDRO,SAN ANTONIO,TX,78232,,,
670077,29.785585656878,-95.69487821397,https://geocoding.geo.census.gov/,"18500 KATY FWY, HOUSTON, TX, 77094",18500 KATY FREEWAY,HOUSTON,TX,77094,,,
670076,33.675717909979,-96.602684404332,https://geocoding.geo.census.gov/,"3601 CALAIS ST, SHERMAN, TX, 75090",3601 CALAIS DRIVE,SHERMAN,TX,75090,,,
500019,46.712710689193,-122.98689693436,https://geocoding.geo.census.gov/,"914 S SCHEUBER RD, CENTRALIA, WA, 98531",914 S SCHEUBER ROAD,CENTRALIA,WA,98531,,,
500139,47.041683012975,-122.951129693499,https://geocoding.geo.census.gov/,"3900 CAPITOL MALL DR SW, OLYMPIA, WA, 98502",3900 CAPITAL MALL DR SW,OLYMPIA,WA,98502,,,
500016,47.438684887714,-120.324787714322,https://geocoding.geo.census.gov/,"1201 N MILLER ST, WENATCHEE, WA, 98801",1201 S MILLER STREET,WENATCHEE,WA,98807,,,
500021,47.154976526901,-122.504375152094,https://geocoding.geo.census.gov/,"11315 BRIDGEPORT WAY SW, LAKEWOOD, WA, 98499",11315 BRIDGEPORT WAY S W,LAKEWOOD,WA,98499,,,
500141,47.292993741561,-122.322905191429,https://geocoding.geo.census.gov/,"34515 9TH AVE S, FEDERAL WAY, WA, 98003",34515 9TH AVENUE SOUTH,FEDERAL WAY,WA,98003,,,
520091,45.894296848004,-89.701821262506,https://geocoding.geo.census.gov/,"240 MAPLE ST, WOODRUFF, WI, 54568",240 MAPLE ST,WOODRUFF,WI,54568,,,
500026,47.803229434267,-122.335617612093,https://geocoding.geo.census.gov/,"21601 76TH AVE W, EDMONDS, WA, 98026",21601 76TH AVENUE WEST,EDMONDS,WA,98026,,,
51005F,39.413778556405,-77.913362731643,https://geocoding.geo.census.gov/,"510 BUTLER AVE, MARTINSBURG, WV, 25405",510 BUTLER AVE.,MARTINSBURG,WV,25405,,,
500025,47.606230238166,-122.310164477261,https://geocoding.geo.census.gov/,"500 17TH AVE, SEATTLE, WA, 98122",500 17TH AVENUE,SEATTLE,WA,98122,,,
500024,47.052705744204,-122.84451119681,https://geocoding.geo.census.gov/,"413 LILLY RD NE, OLYMPIA, WA, 98506",413 LILLY ROAD NE,OLYMPIA,WA,98506,,,
670082,33.218447312786,-96.680681565565,https://geocoding.geo.census.gov/,"5252 W UNIVERSITY DR, MC KINNEY, TX, 75071",5252 WEST UNIVERSITY DRIVE,MC KINNEY,TX,75071,,,
520098,43.077156159602,-89.429170510732,https://geocoding.geo.census.gov/,"600 HIGHLAND AVE, MADISON, WI, 53792",600 HIGHLAND AVENUE,MADISON,WI,53792,,,
520097,44.532404550836,-88.066913581086,https://geocoding.geo.census.gov/,"1726 SHAWANO AVE, GREEN BAY, WI, 54303",1726 SHAWANO AVE,GREEN BAY,WI,54303,,,
520096,42.733386269854,-87.825257502417,https://geocoding.geo.census.gov/,"3801 SPRING ST, RACINE, WI, 53405",3801 SPRING ST,RACINE,WI,53405,,,
670085,32.931340356157,-97.309206625095,https://geocoding.geo.census.gov/,"10864 TEXAS HEALTH TRL, FORT WORTH, TX, 76244",10864 TEXAS HEALTH TRAIL,FORT WORTH,TX,76244,,,
524019,44.682917116841,-90.16494517241,https://geocoding.geo.census.gov/,"1600 N CHESTNUT AVE, MARSHFIELD, WI, 54449",1600 N CHESTNUT AVE,MARSHFIELD,WI,54449,,,
524018,43.082949962095,-88.434882549904,https://geocoding.geo.census.gov/,"34700 VALLEY RD, OCONOMOWOC, WI, 53066",34700 VALLEY RD,OCONOMOWOC,WI,53066,,,
510091,38.342947145504,-81.630502062982,https://geocoding.geo.census.gov/,"1306 KANAWHA BLVD E, CHARLESTON, WV, 25301",1306 KANAWHA BOULEVARD EAST,CHARLESTON,WV,25301,,,
510094,37.678644268756,-82.272038673552,https://geocoding.geo.census.gov/,"859 ALDERSON ST, WILLIAMSON, WV, 25661",859 ALDERSON ST,WILLIAMSON,WV,25661,,,
510093,39.426227780196,-80.194537994325,https://geocoding.geo.census.gov/,"140 MIDDLETOWN RD, WHITE HALL, WV, 26554",140 MIDDLETOWN LOOP,WHITEHALL,WV,26554,,,
500053,46.177058680955,-119.190460725052,https://geocoding.geo.census.gov/,"3780 PLAZA WAY, KENNEWICK, WA, 99338",3780 PLAZA WAY,KENNEWICK,WA,99338,,,
500052,47.619101808709,-122.311506765937,https://geocoding.geo.census.gov/,"201 16TH AVE E, SEATTLE, WA, 98112",201 - 16TH AVENUE EAST,SEATTLE,WA,98112,,,
524026,43.025052870498,-88.233563251127,https://geocoding.geo.census.gov/,"1501 AIRPORT RD, WAUKESHA, WI, 53188",1501 AIRPORT RD,WAUKESHA,WI,53188,,,
500058,46.28048767989,-119.282772879812,https://geocoding.geo.census.gov/,"888 SWIFT BLVD, RICHLAND, WA, 99352",888 SWIFT BLVD,RICHLAND,WA,99352,,,
524025,43.775865268632,-88.429044758446,https://geocoding.geo.census.gov/,"459 E 1ST ST, FOND DU LAC, WI, 54935",459 E FIRST ST,FOND DU LAC,WI,54935,,,
500051,47.620276364462,-122.185718380742,https://geocoding.geo.census.gov/,"1035 116TH AVE NE, BELLEVUE, WA, 98004",1035-116TH AVE NE,BELLEVUE,WA,98004,,,
500050,45.625378870031,-122.581151178739,https://geocoding.geo.census.gov/,"400 NE MOTHER JOSEPH PL, VANCOUVER, WA, 98664",400 NE MOTHER JOSEPH PLACE,VANCOUVER,WA,98664,,,
510086,37.439079064942,-81.589218906918,https://geocoding.geo.census.gov/,"454 MCDOWELL ST, WELCH, WV, 24801",454 MCDOWELL STREET,WELCH,WV,24801,,,
500039,47.656298943896,-122.676861420045,https://geocoding.geo.census.gov/,"1800 NW MYHRE RD, SILVERDALE, WA, 98383",1800 NW MYHRE RD,SILVERDALE,WA,98383,,,
500041,46.130962596319,-122.941342712846,https://geocoding.geo.census.gov/,"1615 DELAWARE ST, LONGVIEW, WA, 98632",1615 DELAWARE STREET,LONGVIEW,WA,98632,,,
500077,47.708992254598,-117.405960183707,https://geocoding.geo.census.gov/,"5633 N LIDGERWOOD ST, SPOKANE, WA, 99208",5633 NORTH LIDGERWOOD,SPOKANE,WA,99208,,,
524000,43.046588308424,-88.009446606775,https://geocoding.geo.census.gov/,"1220 DEWEY AVE, WAUWATOSA, WI, 53213",1220 DEWEY AVE,WAUWATOSA,WI,53213,,,
500079,47.177467795623,-122.290255758927,https://geocoding.geo.census.gov/,"401 15TH AVE SE, PUYALLUP, WA, 98372",401 15TH AVENUE SE,PUYALLUP,WA,98372,,,
500072,48.115372135317,-123.415769226946,https://geocoding.geo.census.gov/,"939 CAROLINE ST, PORT ANGELES, WA, 98362",939 CAROLINE ST,PORT ANGELES,WA,98362,,,
50005F,47.100658099464,-122.559069433673,https://geocoding.geo.census.gov/,"9040A JACKSON AVE, JOINT BASE LEWIS MCCHORD, WA, 98433",9040A Jackson Ave,Joint Base Lewis-McChord,WA,98431,,,
524008,43.133765729611,-89.395202191859,https://geocoding.geo.census.gov/,"301 TROY DR, MADISON, WI, 53704",301 TROY DR,MADISON,WI,53704,,,
500064,47.604154197691,-122.323571549806,https://geocoding.geo.census.gov/,"325 9TH AVE, SEATTLE, WA, 98104",325 9TH AVENUE,SEATTLE,WA,98104,,,
524014,44.524141577117,-87.923045189217,https://geocoding.geo.census.gov/,"3150 GERSHWIN DR, GREEN BAY, WI, 54311",3150 GERSHWIN DRIVE,GREEN BAY,WI,54311,,,
524017,44.929888647108,-89.634339465525,https://geocoding.geo.census.gov/,"1150 LAKE VIEW DR, WAUSAU, WI, 54403",1150 LAKEVIEW DR,WAUSAU,WI,54403,,,
500060,48.191158329781,-122.117629382732,https://geocoding.geo.census.gov/,"330 S STILLAGUAMISH AVE, ARLINGTON, WA, 98223",330 S STILLAGUAMISH AVE,ARLINGTON,WA,98223,,,
670121,32.841537017833,-97.188536095408,https://geocoding.geo.census.gov/,"1612 HURST TOWN CENTER DR, HURST, TX, 76054",1612 HURST TOWN CENTER DRIVE,HURST,TX,76054,,,
670006,30.294223633013,-97.824029327309,https://geocoding.geo.census.gov/,"5656 BEE CAVES RD, AUSTIN, TX, 78746","5656 BEE CAVES ROAD, SUITE M-302",AUSTIN,TX,78746,,,
511301,38.482575841329,-80.409800771271,https://geocoding.geo.census.gov/,"125 DIANA DR, WEBSTER SPRINGS, WV, 26288",125 DIANA DRIVE,WEBSTER SPRINGS,WV,26288,,,
670005,30.047266805769,-95.257967723019,https://geocoding.geo.census.gov/,"300 KINGWOOD MEDICAL DR, KINGWOOD, TX, 77339",300 KINGWOOD MEDICAL DRIVE,KINGWOOD,TX,77339,,,
670125,29.352015964503,-98.456159064441,https://geocoding.geo.census.gov/,"2303 SE MILITARY DR, SAN ANTONIO, TX, 78223",2303 SE MILITARY DR P O BOX 23340,SAN ANTONIO,TX,78223,,,
670124,31.682676618677,-106.208457730045,https://geocoding.geo.census.gov/,"13600 HORIZON BLVD, HORIZON CITY, TX, 79928","13600 HORIZON STREET, SUITE 100",HORIZON CITY,TX,79928,,,
521345,45.117717244168,-92.553288166506,https://geocoding.geo.census.gov/,"535 HOSPITAL RD, NEW RICHMOND, WI, 54017",535 HOSPITAL RD,NEW RICHMOND,WI,54017,,,
520136,43.073517284108,-87.976172460845,https://geocoding.geo.census.gov/,"5000 W CHAMBERS ST, MILWAUKEE, WI, 53210",5000 W CHAMBERS ST,MILWAUKEE,WI,53210,,,
521346,44.761594388835,-88.608663220194,https://geocoding.geo.census.gov/,"100 CO RD B, SHAWANO, WI, 54166",100 COUNTY RD B,SHAWANO,WI,54166,,,
670008,29.534361905773,-95.125380499603,https://geocoding.geo.census.gov/,"333 N TEXAS AVE, WEBSTER, TX, 77598","333 N TEXAS AVENUE, SUITE 1000",WEBSTER,TX,77598,,,
520138,42.988596207335,-87.95077482681,https://geocoding.geo.census.gov/,"2900 W OKLAHOMA AVE, MILWAUKEE, WI, 53215",2900 W OKLAHOMA AVE,MILWAUKEE,WI,53215,,,
521348,43.551892879318,-90.888955812866,https://geocoding.geo.census.gov/,"507 S MAIN ST, VIROQUA, WI, 54665",507 SOUTH MAIN ST,VIROQUA,WI,54665,,,
670128,30.451247914777,-97.593037631379,https://geocoding.geo.census.gov/,"2600 E PFLUGERVILLE PKWY, PFLUGERVILLE, TX, 78660",2600 EAST  PFLUGERVILLE  PARKWAY,PFLUGERVILLE,TX,78660,,,
520139,43.002654114832,-88.023562488936,https://geocoding.geo.census.gov/,"8901 W LINCOLN AVE, WEST ALLIS, WI, 53227",8901 W LINCOLN AVE,WEST ALLIS,WI,53227,,,
521349,44.862727065968,-92.605845546019,https://geocoding.geo.census.gov/,"1629 E DIVISION ST, RIVER FALLS, WI, 54022",1629 E DIVISION ST,RIVER FALLS,WI,54022,,,
521350,45.140326299239,-89.138820604342,https://geocoding.geo.census.gov/,"112 E 5TH AVE, ANTIGO, WI, 54409",112 E FIFTH AVE,ANTIGO,WI,54409,,,
521351,43.549555504178,-89.994490100367,https://geocoding.geo.census.gov/,"2000 N DEWEY AVE, REEDSBURG, WI, 53959",2000 N DEWEY AVE,REEDSBURG,WI,53959,,,
521352,42.952556169665,-90.130358738558,https://geocoding.geo.census.gov/,"800 COMPASSION WAY, DODGEVILLE, WI, 53533",800 COMPASSION WAY,DODGEVILLE,WI,53533,,,
521354,42.721106451798,-90.455834681423,https://geocoding.geo.census.gov/,"1400 EASTSIDE RD, PLATTEVILLE, WI, 53818",1400 EAST SIDE RD,PLATTEVILLE,WI,53818,,,
521355,43.97770420599,-88.941323346639,https://geocoding.geo.census.gov/,"225 MEMORIAL DR, BERLIN, WI, 54923",225 MEMORIAL DRIVE,BERLIN,WI,54923,,,
520021,42.577438493674,-87.819381567636,https://geocoding.geo.census.gov/,"6308 8TH AVE, KENOSHA, WI, 53143",6308 EIGHTH AVE,KENOSHA,WI,53143,,,
670134,30.261993623278,-94.221372956493,https://geocoding.geo.census.gov/,"220 BLANCO ST, LUMBERTON, TX, 77657",220 BLANCO ST,LUMBERTON,TX,77657,,,
670010,33.175808092005,-97.088208288817,https://geocoding.geo.census.gov/,"2809 MAYHILL RD, DENTON, TX, 76208",2809 SOUTH MAYHILL ROAD,DENTON,TX,76208,,,
520028,42.607643910829,-89.632681422559,https://geocoding.geo.census.gov/,"515 22ND AVE, MONROE, WI, 53566",515 22ND AVE,MONROE,WI,53566,,,
670136,30.236063368249,-97.833273534937,https://geocoding.geo.census.gov/,"5245 W US HWY 290 SVC RD, AUSTIN, TX, 78735",5245 W US 290,AUSTIN,TX,78735,,,
670135,29.811937204438,-95.164053483749,https://geocoding.geo.census.gov/,"6011 SAM HOUSTON PKWY, HOUSTON, TX, 77049",6011 W SAM HOUSTON PKWY SOUTH,HOUSTON,TX,77072,,,
521356,44.895849013789,-87.867111501707,https://geocoding.geo.census.gov/,"820 ARBUTUS AVE, OCONTO, WI, 54153",820 ARBUTUS AVE,OCONTO,WI,54153,,,
521358,44.833103476181,-87.351543138689,https://geocoding.geo.census.gov/,"323 S 18TH AVE, STURGEON BAY, WI, 54235",323 SOUTH 18TH AVENUE,STURGEON BAY,WI,54235,,,
521359,46.566928427536,-90.889023956587,https://geocoding.geo.census.gov/,"1615 MAPLE LN, ASHLAND, WI, 54806",1615 MAPLE LANE,ASHLAND,WI,54806,,,
523300,43.038580747787,-88.021369749865,https://geocoding.geo.census.gov/,"9000 W WISCONSIN AVE, MILWAUKEE, WI, 53226",9000 W WISCONSIN AVE,MILWAUKEE,WI,53226,,,
52002F,44.000993111808,-90.509202550209,https://geocoding.geo.census.gov/,"500 W VETERANS ST, TOMAH, WI, 54660",500 EAST VETERANS STREET,TOMAH,WI,54660,,,
520035,43.77234274743,-87.711190221743,https://geocoding.geo.census.gov/,"2629 N 7TH ST, SHEBOYGAN, WI, 53083",2629 N 7TH ST,SHEBOYGAN,WI,53083,,,
520034,44.124706781775,-87.618563890245,https://geocoding.geo.census.gov/,"5000 MEMORIAL DR, TWO RIVERS, WI, 54241",5000 MEMORIAL DRIVE,TWO RIVERS,WI,54241,,,
520033,44.382189573036,-89.829426833994,https://geocoding.geo.census.gov/,"410 DEWEY ST, WISCONSIN RAPIDS, WI, 54494",410 DEWEY ST,WISCONSIN RAPIDS,WI,54494,,,
520030,44.9673735026,-89.669945163847,https://geocoding.geo.census.gov/,"333 PINE RIDGE BLVD, WAUSAU, WI, 54401",333 PINE RIDGE BLVD,WAUSAU,WI,54401,,,
670260,33.180351549031,-96.838899542315,https://geocoding.geo.census.gov/,"12400 DALLAS PKWY, FRISCO, TX, 75033",12400 N DALLAS PARKWAY,FRISCO,TX,75033,,,
670343,30.145989632,-96.398533817299,https://geocoding.geo.census.gov/,"700 MEDICAL PKWY, BRENHAM, TX, 77833",700 MEDICAL PARKWAY,BRENHAM,TX,77833,,,
511322,38.292125132917,-80.832315920368,https://geocoding.geo.census.gov/,"400 FAIRVIEW HEIGHTS RD, SUMMERSVILLE, WV, 26651",400 FAIRVIEW HEIGHTS ROAD,SUMMERSVILLE,WV,26651,,,
670103,32.898257202923,-97.312849728846,https://geocoding.geo.census.gov/,"3101 N TARRANT PKWY, FORT WORTH, TX, 76177",3101 NORTH TARRANT PARKWAY,FORT WORTH,TX,76177,,,
511321,38.991280029221,-80.236767590768,https://geocoding.geo.census.gov/,"1 AMALIA DR, BUCKHANNON, WV, 26201",1 AMALIA DRIVE,BUCKHANNON,WV,26201,,,
670102,29.771073781568,-95.201467393022,https://geocoding.geo.census.gov/,"12950 EAST FWY, HOUSTON, TX, 77015","12950 EAST FREEWAY, SUITE 100",HOUSTON,TX,77015,,,
520113,45.070664166228,-87.642151763116,https://geocoding.geo.census.gov/,"3003 UNIVERSITY DR, MARINETTE, WI, 54143",3003 UNIVERSITY DR,MARINETTE,WI,54143,,,
521323,44.557339773843,-90.606996462501,https://geocoding.geo.census.gov/,"216 SUNSET PL, NEILLSVILLE, WI, 54456",216 SUNSET PLACE,NEILLSVILLE,WI,54456,,,
670109,29.76985767743,-94.980852854586,https://geocoding.geo.census.gov/,"1626 W BAKER RD, BAYTOWN, TX, 77521",1626 W BAKER ROAD,BAYTOWN,TX,77521,,,
521324,45.135551076981,-90.354097977301,https://geocoding.geo.census.gov/,"135 S GIBSON ST, MEDFORD, WI, 54451",135 S GIBSON ST,MEDFORD,WI,54451,,,
670108,30.511733596794,-98.305574103667,https://geocoding.geo.census.gov/,"810 W STATE HWY 71, MARBLE FALLS, TX, 78654",810 W HIGHWAY 71,MARBLE FALLS,TX,78654,,,
521325,45.930842689187,-90.441887604702,https://geocoding.geo.census.gov/,"98 SHERRY AVE, PARK FALLS, WI, 54552",98 SHERRY AVE,PARK FALLS,WI,54552,,,
670107,32.576387351188,-97.32122121348,https://geocoding.geo.census.gov/,"12500 SOUTH FWY, BURLESON, TX, 76028",12500 SOUTH FREEWAY SUITE 100,BURLESON,TX,76028,,,
520116,43.201362283888,-88.698927440171,https://geocoding.geo.census.gov/,"125 HOSPITAL DR, WATERTOWN, WI, 53098",125 HOSPITAL DRIVE,WATERTOWN,WI,53098,,,
521326,44.381613330604,-88.733182064376,https://geocoding.geo.census.gov/,"1405 MILL ST, NEW LONDON, WI, 54961",1405 MILL ST,NEW LONDON,WI,54961,,,
521327,43.631046218254,-88.745336294429,https://geocoding.geo.census.gov/,"620 W BROWN ST, WAUPUN, WI, 53963",620 W BROWN ST,WAUPUN,WI,53963,,,
521328,45.45540269018,-91.108861683848,https://geocoding.geo.census.gov/,"900 COLLEGE AVE W, LADYSMITH, WI, 54848",900 COLLEGE AVE WEST,LADYSMITH,WI,54848,,,
521329,46.697739007392,-92.10400162977,https://geocoding.geo.census.gov/,"3500 TOWER AVE, SUPERIOR, WI, 54880",3500 TOWER AVE,SUPERIOR,WI,54880,,,
521331,45.77540255382,-92.687402461418,https://geocoding.geo.census.gov/,"257 W SAINT GEORGE AVE, GRANTSBURG, WI, 54840",257 W ST GEORGE AVE,GRANTSBURG,WI,54840,,,
521333,44.302396218114,-90.854750217062,https://geocoding.geo.census.gov/,"711 W ADAMS ST, BLACK RIVER FALLS, WI, 54615",711 W ADAMS ST,BLACK RIVER FALLS,WI,54615,,,
511315,39.408608207704,-79.00314215581,https://geocoding.geo.census.gov/,"100 PIN OAK LN, KEYSER, WV, 26726",100 PIN OAK LANE,KEYSER,WV,26726,,,
520002,44.52658182547,-89.56624339083,https://geocoding.geo.census.gov/,"900 ILLINOIS AVE, STEVENS POINT, WI, 54481",900 ILLINOIS AVE,STEVENS POINT,WI,54481,,,
511316,39.001707905012,-79.137923107431,https://geocoding.geo.census.gov/,"117 HOSPITAL DR, PETERSBURG, WV, 26847",117 HOSPITAL DRIVE,PETERSBURG,WV,26847,,,
511313,38.046160910278,-81.808039311597,https://geocoding.geo.census.gov/,"701 MADISON AVE, MADISON, WV, 25130",701 MADISON AVENUE,MADISON,WV,25130,,,
511314,38.20034501673,-80.108870652834,https://geocoding.geo.census.gov/,"150 DUNCAN RD, BUCKEYE, WV, 24924",150 DUNCAN ROAD,BUCKEYE,WV,24924,,,
511319,39.29634818451,-77.858571372848,https://geocoding.geo.census.gov/,"300 S PRESTON ST, RANSON, WV, 25438",300 SOUTH PRESTON STREET,RANSON,WV,25438,,,
511317,37.975329010922,-81.142752895774,https://geocoding.geo.census.gov/,"430 MAIN ST, OAK HILL, WV, 25901","430 MAIN STREET, WEST",OAK HILL,WV,25901,,,
50030F,47.562152214612,-122.311160076185,https://geocoding.geo.census.gov/,"1660 S COLUMBIAN WAY, SEATTLE, WA, 98108",1660 S. COLUMBIAN WAY,SEATTLE,WA,98108,,,
511318,38.182825285615,-81.323983018901,https://geocoding.geo.census.gov/,"401 6TH AVE, MONTGOMERY, WV, 25136",401 SIXTH AVENUE,MONTGOMERY,WV,25136,,,
520009,44.248713845887,-88.404078194837,https://geocoding.geo.census.gov/,"1506 S ONEIDA ST, APPLETON, WI, 54915",1506 S ONEIDA ST,APPLETON,WI,54915,,,
520008,43.012047690086,-88.242587132917,https://geocoding.geo.census.gov/,"725 AMERICAN AVE, WAUKESHA, WI, 53188",725 AMERICAN AVE,WAUKESHA,WI,53188,,,
511311,39.332577787078,-78.698313617682,https://geocoding.geo.census.gov/,"363 SUNRISE BLVD, ROMNEY, WV, 26757",363 SUNRISE BOULEVARD,ROMNEY,WV,26757,,,
670115,30.005104617096,-95.282686626374,https://geocoding.geo.census.gov/,"8901 FM 1960 BYPASS RD W, HUMBLE, TX, 77338","8901 FM 1960 BYPASS RD W, SUITE 105",HUMBLE,TX,77338,,,
520004,43.804574274908,-91.239564769811,https://geocoding.geo.census.gov/,"700 WEST AVE S, LA CROSSE, WI, 54601",700 WEST AVENUE SOUTH,LA CROSSE,WI,54601,,,
53004F,41.145765354318,-104.787488670189,https://geocoding.geo.census.gov/,"2360 E PERSHING BLVD, CHEYENNE, WY, 82001",2360 E. PERSHING BLVD.,CHEYENNE,WY,82001,,,
521334,44.345269476888,-89.075788056139,https://geocoding.geo.census.gov/,"800 RIVERSIDE DR, WAUPACA, WI, 54981",800 RIVERSIDE DRIVE,WAUPACA,WI,54981,,,
521335,44.963265088717,-92.711133930857,https://geocoding.geo.census.gov/,"405 STAGELINE RD, HUDSON, WI, 54016",405 STAGELINE ROAD,HUDSON,WI,54016,,,
521336,46.06988362796,-91.2406313431,https://geocoding.geo.census.gov/,"11040 STATE RD 77, HAYWARD, WI, 54843",11040 N STATE RD 77,HAYWARD,WI,54843,,,
521337,45.40925820052,-92.642588432015,https://geocoding.geo.census.gov/,"235 E STATE ST, SAINT CROIX FALLS, WI, 54024",235 E STATE STREET,SAINT CROIX FALLS,WI,54024,,,
521338,43.323747019414,-89.036076719489,https://geocoding.geo.census.gov/,"1515 PARK AVE, COLUMBUS, WI, 53925",1515 PARK AVE,COLUMBUS,WI,53925,,,
521339,45.175703383867,-89.683047187756,https://geocoding.geo.census.gov/,"601 S CENTER AVE, MERRILL, WI, 54452",601 S CENTER AVE,MERRILL,WI,54452,,,
521340,44.881986576505,-91.901931617053,https://geocoding.geo.census.gov/,"2321 STOUT RD, MENOMONIE, WI, 54751",2321 STOUT RD,MENOMONIE,WI,54751,,,
521341,43.339048368108,-90.382394623671,https://geocoding.geo.census.gov/,"333 E 2ND ST, RICHLAND CENTER, WI, 53581",333 E SECOND ST,RICHLAND CENTER,WI,53581,,,
521342,45.74211941191,-91.925740127145,https://geocoding.geo.census.gov/,"113 4TH AVE, SHELL LAKE, WI, 54871",113 4TH AVE,SHELL LAKE,WI,54871,,,
521343,42.920375371968,-89.211366752058,https://geocoding.geo.census.gov/,"900 RIDGE ST, STOUGHTON, WI, 53589",900 RIDGE ST,STOUGHTON,WI,53589,,,
521344,43.132970852387,-90.707611946957,https://geocoding.geo.census.gov/,"205 PARKER ST, BOSCOBEL, WI, 53805",205 PARKER ST,BOSCOBEL,WI,53805,,,
511304,39.558640083475,-81.00382095436,https://geocoding.geo.census.gov/,"314 S WELLS ST, SISTERSVILLE, WV, 26175",314 SOUTH WELLS STREET,SISTERSVILLE,WV,26175,,,
520011,45.507191239762,-91.760762567491,https://geocoding.geo.census.gov/,"1700 STOUT ST, RICE LAKE, WI, 54868",1700 WEST STOUT STREET,RICE LAKE,WI,54868,,,
511303,38.923543233847,-81.092069881494,https://geocoding.geo.census.gov/,"186 HOSPITAL RD, GRANTSVILLE, WV, 26147",186 HOSPITAL DRIVE,GRANTSVILLE,WV,26147,,,
511308,38.659180939306,-80.749253499309,https://geocoding.geo.census.gov/,"100 HOLYMAN DR, GASSAWAY, WV, 26624",100 HOYLMAN DRIVE,GASSAWAY,WV,26624,,,
511306,38.813549595307,-81.368911566595,https://geocoding.geo.census.gov/,"200 HOSPITAL DR, SPENCER, WV, 25276",200 HOSPITAL DRIVE,SPENCER,WV,25276,,,
670044,32.886369756075,-96.465202435495,https://geocoding.geo.census.gov/,"3150 HORIZON RD, ROCKWALL, TX, 75032",3150 HORIZON ROAD,ROCKWALL,TX,75032,,,
670043,30.531526548296,-97.813973921318,https://geocoding.geo.census.gov/,"1401 MEDICAL PKWY, CEDAR PARK, TX, 78613",1401 MEDICAL PARKWAY,CEDAR PARK,TX,78613,,,
510012,38.868541114078,-82.122567431594,https://geocoding.geo.census.gov/,"2520 VALLEY DR, POINT PLEASANT, WV, 25550",2520 VALLEY DRIVE,POINT PLEASANT,WV,25550,,,
670049,32.874285125115,-96.770716560594,https://geocoding.geo.census.gov/,"9301 N CENTRAL EXPY, DALLAS, TX, 75231",9301 NORTH CENTRAL EXPRESSWAY SUITE 100,DALLAS,TX,75231,,,
520059,42.673570336942,-88.28252775282,https://geocoding.geo.census.gov/,"252 MCHENRY ST, BURLINGTON, WI, 53105",252 MCHENRY ST,BURLINGTON,WI,53105,,,
510013,39.946631520662,-80.754171220555,https://geocoding.geo.census.gov/,"800 WHEELING AVE, GLEN DALE, WV, 26038",800 WHEELING AVE,GLEN DALE,WV,26038,,,
670047,31.789306670019,-106.267608718762,https://geocoding.geo.census.gov/,"3280 JOE BATTLE BLVD, EL PASO, TX, 79938",3280 JOE BATTLE BLVD,EL PASO,TX,79938,,,
501301,46.474842016513,-117.602754574424,https://geocoding.geo.census.gov/,"66 6TH ST, POMEROY, WA, 99347",66 NORTH SIXTH STREET,POMEROY,WA,99347,,,
501302,46.312719851398,-117.969124172848,https://geocoding.geo.census.gov/,"1012 S 3RD ST, DAYTON, WA, 99328",1012 SOUTH 3RD STREET,DAYTON,WA,99328,,,
510007,38.431472569627,-82.40120372453,https://geocoding.geo.census.gov/,"2900 1ST AVE, HUNTINGTON, WV, 25702",2900 1ST AVENUE,HUNTINGTON,WV,25702,,,
520066,42.686793235387,-89.032848382625,https://geocoding.geo.census.gov/,"1000 MINERAL POINT AVE, JANESVILLE, WI, 53548",1000 MINERAL POINT AVE,JANESVILLE,WI,53547,,,
510006,39.32616878243,-80.239243770255,https://geocoding.geo.census.gov/,"327 MEDICAL PARK DR, BRIDGEPORT, WV, 26330",327 MEDICAL PARK DRIVE,BRIDGEPORT,WV,26330,,,
670053,29.605357345301,-95.621344561975,https://geocoding.geo.census.gov/,"1317 LAKE POINTE PKWY, SUGAR LAND, TX, 77478",1317 LAKE POINTE PARKWAY,SUGAR LAND,TX,77478,,,
510008,39.477471887394,-77.980454694513,https://geocoding.geo.census.gov/,"2500 HOSPITAL DR, MARTINSBURG, WV, 25401",2500 HOSPITAL DRIVE,MARTINSBURG,WV,25401,,,
520063,43.353302988287,-88.197477441592,https://geocoding.geo.census.gov/,"3200 PLEASANT VALLEY RD, WEST BEND, WI, 53095",3200 PLEASANT VALLEY ROAD,WEST BEND,WI,53095,,,
520062,43.101371810289,-88.486480299428,https://geocoding.geo.census.gov/,"791 SUMMIT AVE, OCONOMOWOC, WI, 53066",791 E SUMMIT AVE,OCONOMOWOC,WI,53066,,,
670056,30.00983742766,-97.856030596839,https://geocoding.geo.census.gov/,"6001 KYLE PKWY, KYLE, TX, 78640",6001 KYLE PKWY,KYLE,TX,78640,,,
670055,29.614986834322,-98.473744526464,https://geocoding.geo.census.gov/,"1139 E SONTERRA BLVD, SAN ANTONIO, TX, 78258","1139 E SONTERRA BLVD,",SAN ANTONIO,TX,78258,,,
670054,29.531016603643,-98.59249362729,https://geocoding.geo.census.gov/,"9522 HUEBNER RD, SAN ANTONIO, TX, 78240",9522 HUEBNER ROAD,SAN ANTONIO,TX,78240,,,
670059,30.201969531078,-95.459362574066,https://geocoding.geo.census.gov/,"17400 ST LUKES WAY, THE WOODLANDS, TX, 77384",17400 ST LUKES WAY,THE WOODLANDS,TX,77384,,,
510002,37.77214337932,-80.46913432453,https://geocoding.geo.census.gov/,"1320 MAPLEWOOD AVE, RONCEVERTE, WV, 24970",1320 MAPLEWOOD AVENUE,RONCEVERTE,WV,24970,,,
520071,42.930035094483,-88.828623458933,https://geocoding.geo.census.gov/,"611 SHERMAN AVE E, FORT ATKINSON, WI, 53538",611 SHERMAN AVE E,FORT ATKINSON,WI,53538,,,
520193,44.473399282365,-87.941625327231,https://geocoding.geo.census.gov/,"2845 GREENBRIER RD, GREEN BAY, WI, 54311",2845 GREENBRIER RD,GREEN BAY,WI,54313,,,
520198,44.028020396347,-88.593088093484,https://geocoding.geo.census.gov/,"855 N WESTHAVEN DR, OSHKOSH, WI, 54904",855 N WESTHAVEN DRIVE,OSHKOSH,WI,54904,,,
670060,32.79762240922,-96.561228549753,https://geocoding.geo.census.gov/,"231 COLLINS RD, SUNNYVALE, TX, 75182",231 SOUTH COLLINS ROAD,SUNNYVALE,TX,75182,,,
520078,42.985867821727,-87.933901332762,https://geocoding.geo.census.gov/,"3237 S 16TH ST, MILWAUKEE, WI, 53215",3237 S 16TH ST,MILWAUKEE,WI,53215,,,
520076,43.448822126641,-88.828207515628,https://geocoding.geo.census.gov/,"707 S UNIVERSITY AVE, BEAVER DAM, WI, 53916",707 S UNIVERSITY AVE,BEAVER DAM,WI,53916,,,
520075,44.50148022805,-88.0127769715,https://geocoding.geo.census.gov/,"835 S VAN BUREN ST, GREEN BAY, WI, 54301",835 S VAN BUREN ST,GREEN BAY,WI,54301,,,
670062,33.22111444091,-96.938218323855,https://geocoding.geo.census.gov/,"26791 US HWY 380, AUBREY, TX, 76227",26791 HIGHWAY 380,AUBREY,TX,76227,,,
510030,38.928188368943,-79.853215173114,https://geocoding.geo.census.gov/,"812 GORMAN AVE, ELKINS, WV, 26241",812 GORMAN AVENUE,ELKINS,WV,26241,,,
670266,30.004705639969,-95.253997660663,https://geocoding.geo.census.gov/,"1475 FM 1960 BYPASS RD E, HUMBLE, TX, 77338",1475 FM 1960 BYPASS E,HUMBLE,TX,77338,,,
670023,32.568415300682,-97.097065360308,https://geocoding.geo.census.gov/,"2700 E BROAD ST, MANSFIELD, TX, 76063",2700 E BROAD STREET,MANSFIELD,TX,76063,,,
670265,32.890181693379,-97.098499932902,https://geocoding.geo.census.gov/,"4201 WILLIAM D TATE AVE, GRAPEVINE, TX, 76051",4201 WILLIAM D TATE AVENUE,GRAPEVINE,TX,76051,,,
520038,43.317689314709,-88.363299969412,https://geocoding.geo.census.gov/,"1032 E SUMNER ST, HARTFORD, WI, 53027",1032 E SUMNER ST,HARTFORD,WI,53027,,,
520037,44.675958657982,-90.179978190853,https://geocoding.geo.census.gov/,"611 SAINT JOSEPH AVE, MARSHFIELD, WI, 54449",611 ST JOSEPH AVE,MARSHFIELD,WI,54449,,,
670025,33.015944525732,-96.789942530507,https://geocoding.geo.census.gov/,"1100 ALLIED DR, PLANO, TX, 75093",1100 ALLIED DRIVE,PLANO,TX,75093,,,
670267,30.130702591461,-95.443424192193,https://geocoding.geo.census.gov/,"25440 I- 45, SPRING, TX, 77386",25440 INTERSTATE 45 NORTH,SPRING,TX,77386,,,
501318,46.829507398863,-119.154433714699,https://geocoding.geo.census.gov/,"315 N 14TH AVE, OTHELLO, WA, 99344",315 NORTH 14TH AVENUE,OTHELLO,WA,99344,,,
501319,46.555881096296,-122.27985468958,https://geocoding.geo.census.gov/,"521 ADAMS AVE, MORTON, WA, 98356",521 ADAMS STREET,MORTON,WA,98356,,,
51002F,37.765749118286,-81.192448124003,https://geocoding.geo.census.gov/,"200 VETERANS AVE, BECKLEY, WV, 25801",200 VETERANS AVENUE,BECKLEY,WV,25801,,,
501314,46.311648410214,-124.043279013416,https://geocoding.geo.census.gov/,"174 1ST AVE N, ILWACO, WA, 98624",174 FIRST AVENUE NORTH,ILWACO,WA,98624,,,
501315,45.723077064442,-121.470472570786,https://geocoding.geo.census.gov/,"211 NE SKYLINE DR, WHITE SALMON, WA, 98672",211 SKYLINE DRIVE,WHITE SALMON,WA,98672,,,
500108,47.245776572995,-122.448751913538,https://geocoding.geo.census.gov/,"1717 S J ST, TACOMA, WA, 98405",1717 SOUTH J STREET,TACOMA,WA,98405,,,
501317,47.315362778774,-119.547245867282,https://geocoding.geo.census.gov/,"200 NAT WASHINGTON WAY, EPHRATA, WA, 98823",200 NAT WASHINGTON WAY,EPHRATA,WA,98823,,,
501321,48.70754465825,-119.438816485867,https://geocoding.geo.census.gov/,"203 WESTERN AVE, TONASKET, WA, 98855",203 SOUTH WESTERN,TONASKET,WA,98855,,,
520160,44.277662010354,-88.395510120751,https://geocoding.geo.census.gov/,"1818 N MEADE ST, APPLETON, WI, 54911",1818 N MEADE ST,APPLETON,WI,54911,,,
501322,48.654349918993,-118.721282907737,https://geocoding.geo.census.gov/,"36 KLONDIKE RD, REPUBLIC, WA, 99166",36 KLONDIKE ROAD,REPUBLIC,WA,99166,,,
501323,48.106297343982,-122.790235237889,https://geocoding.geo.census.gov/,"834 SHERIDAN ST, PORT TOWNSEND, WA, 98368",834 SHERIDAN STREET,PORT TOWNSEND,WA,98368,,,
501324,48.106785558028,-119.782636998536,https://geocoding.geo.census.gov/,"507 HOSPITAL WAY, BREWSTER, WA, 98812",507 HOSPITAL WAY,BREWSTER,WA,98812,,,
501320,47.231110258787,-119.869099875389,https://geocoding.geo.census.gov/,"908 10TH AVE SW, QUINCY, WA, 98848",908 10TH AVENUE SOUTHWEST,QUINCY,WA,98848,,,
52003F,43.020268571228,-87.972172511791,https://geocoding.geo.census.gov/,"5000 W NATIONAL AVE, MILWAUKEE, WI, 53295",5000 W. NATIONAL AVENUE,MILWAUKEE,WI,53295,,,
510029,38.355604544273,-81.726276458941,https://geocoding.geo.census.gov/,"4605 MACCORKLE AVE, SOUTH CHARLESTON, WV, 25309",4605 MACCORKLE AVENUE SW,SOUTH CHARLESTON,WV,25309,,,
520044,43.761182953547,-87.747220783757,https://geocoding.geo.census.gov/,"3100 SUPERIOR AVE, SHEBOYGAN, WI, 53081",3100 SUPERIOR AVE,SHEBOYGAN,WI,53081,,,
670031,29.640123846692,-95.160922019586,https://geocoding.geo.census.gov/,"4600 SAM HOUSTON PKWY, PASADENA, TX, 77505",4600 EAST SAM HOUSTON PARKWAY SOUTH,PASADENA,TX,77505,,,
520041,43.565368035898,-89.469380776353,https://geocoding.geo.census.gov/,"2817 NEW PINERY RD, PORTAGE, WI, 53901",2817 NEW PINERY ROAD,PORTAGE,WI,53901,,,
670034,30.55990813464,-97.686337454464,https://geocoding.geo.census.gov/,"300 UNIVERSITY BLVD, ROUND ROCK, TX, 78665",300 UNIVERSITY BLVD,ROUND ROCK,TX,78664,,,
510023,40.394215249118,-80.529188240086,https://geocoding.geo.census.gov/,"601 COLLIERS WAY, WEIRTON, WV, 26062",601 COLLIERS WAY,WEIRTON,WV,26062,,,
510022,38.347299430212,-81.626035270735,https://geocoding.geo.census.gov/,"501 MORRIS ST, CHARLESTON, WV, 25301",501 MORRIS STREET,CHARLESTON,WV,25301,,,
520049,44.502171237965,-88.010571979034,https://geocoding.geo.census.gov/,"744 S WEBSTER AVE, GREEN BAY, WI, 54301",744 S WEBSTER AVE,GREEN BAY,WI,54301,,,
510024,39.66199250038,-79.946693307447,https://geocoding.geo.census.gov/,"1200 J D ANDERSON DR, MORGANTOWN, WV, 26505",1200 JD ANDERSON DRIVE,MORGANTOWN,WV,26505,,,
501307,47.331516310069,-118.681520876682,https://geocoding.geo.census.gov/,"502 AMENDE DR E, ODESSA, WA, 99159",502 E AMENDE DRIVE,ODESSA,WA,99159,,,
52004F,43.074013602825,-89.428971349434,https://geocoding.geo.census.gov/,"2500 OVERLOOK TER, MADISON, WI, 53705",2500 OVERLOOK TERRACE,MADISON,WI,53705,,,
501308,47.942317637735,-119.005646507583,https://geocoding.geo.census.gov/,"411 FORTUYN RD, GRAND COULEE, WA, 99133",411 FORTUYN ROAD,GRAND COULEE,WA,99133,,,
501309,48.278145109574,-117.711484824982,https://geocoding.geo.census.gov/,"500 E WEBSTER AVE, CHEWELAH, WA, 99109",500 EAST WEBSTER,CHEWELAH,WA,99109,,,
501303,46.66222948096,-123.811561282595,https://geocoding.geo.census.gov/,"800 ALDER ST, SOUTH BEND, WA, 98586",800 ALDER STREET,SOUTH BEND,WA,98586,,,
501304,47.006399448994,-123.391369209043,https://geocoding.geo.census.gov/,"600 E MAIN ST, ELMA, WA, 98541",600 EAST MAIN STREET,ELMA,WA,98541,,,
501305,47.657943779572,-118.146457822387,https://geocoding.geo.census.gov/,"10 NICHOLS ST, DAVENPORT, WA, 99122",10 NICHOLS STREET,DAVENPORT,WA,99122,,,
501310,48.182126341375,-117.048536258049,https://geocoding.geo.census.gov/,"714 PINE ST, NEWPORT, WA, 99156",714 WEST PINE STREET,NEWPORT,WA,99156,,,
501311,47.12098362376,-118.37216086097,https://geocoding.geo.census.gov/,"903 S ADAMS ST, RITZVILLE, WA, 99169",903 SOUTH ADAMS,RITZVILLE,WA,99169,,,
501312,46.20896913675,-119.763645863199,https://geocoding.geo.census.gov/,"723 MEMORIAL ST, PROSSER, WA, 99350",723 MEMORIAL STREET,PROSSER,WA,99350,,,
501313,47.596630077693,-120.656257074773,https://geocoding.geo.census.gov/,"817 COMMERCIAL ST, LEAVENWORTH, WA, 98826",817 COMMERCIAL STREET,LEAVENWORTH,WA,98826,,,
520177,43.038416313394,-88.031655405557,https://geocoding.geo.census.gov/,"9200 W WISCONSIN AVE, MILWAUKEE, WI, 53226",9200 W WISCONSIN AVE,MILWAUKEE,WI,53226,,,
520057,43.48064637462,-89.731339736761,https://geocoding.geo.census.gov/,"707 14TH ST, BARABOO, WI, 53913",707 14TH ST,BARABOO,WI,53913,,,
670041,30.571347796453,-97.65334190706,https://geocoding.geo.census.gov/,"201 SETON PKWY, ROUND ROCK, TX, 78665",201 SETON PARKWAY,ROUND ROCK,TX,78664,,,
520051,43.060618163058,-87.879987873738,https://geocoding.geo.census.gov/,"2323 N LAKE DR, MILWAUKEE, WI, 53211",2323 N LAKE DR,MILWAUKEE,WI,53211,,,
531310,44.756702691466,-108.770426872854,https://geocoding.geo.census.gov/,"777 AVE H, POWELL, WY, 82435",777 AVENUE H,POWELL,WY,82435,,,
531306,44.013695060359,-107.948466166524,https://geocoding.geo.census.gov/,"400 S 15TH ST, WORLAND, WY, 82401",400 SOUTH 15TH STREET,WORLAND,WY,82401,,,
531304,43.647235147702,-108.203849729946,https://geocoding.geo.census.gov/,"150 ARAPAHOE, THERMOPOLIS, WY, 82443",150 EAST ARAPAHOE,THERMOPOLIS,WY,82443,,,
531305,42.049844808613,-104.960240311872,https://geocoding.geo.census.gov/,"201 14TH ST, WHEATLAND, WY, 82201",201 14TH STREET,WHEATLAND,WY,82201,,,
531302,42.759325276833,-105.381177306517,https://geocoding.geo.census.gov/,"111 S 5TH ST, DOUGLAS, WY, 82633",111 SOUTH 5TH STREET,DOUGLAS,WY,82633,,,
531303,43.848752324679,-104.189720982787,https://geocoding.geo.census.gov/,"1124 WASHINGTON BLVD, NEWCASTLE, WY, 82701",1124 WASHINGTON BOULEVARD,NEWCASTLE,WY,82701,,,
494033,37.391334327588,-80.109021218402,https://geocoding.geo.census.gov/,"5525 CATAWBA HOSPITAL DR, CATAWBA, VA, 24070",5525 CATAWBA HOSPITAL DRIVE,CATAWBA,VA,24070,,,
494032,37.315788295774,-76.731007784447,https://geocoding.geo.census.gov/,"5483 MOORETOWN RD, WILLIAMSBURG, VA, 23188",5483 MOORETOWN ROAD,WILLIAMSBURG,VA,23188,,,
531301,44.435842888671,-108.049147976232,https://geocoding.geo.census.gov/,"388 US HWY 20, BASIN, WY, 82410",388 US HIGHWAY 20 SOUTH,BASIN,WY,82410,,,
531308,44.34979353653,-106.707218773047,https://geocoding.geo.census.gov/,"497 W LOTT ST, BUFFALO, WY, 82834",497 WEST LOTT,BUFFALO,WY,82834,,,
531309,44.825865167223,-108.39117972187,https://geocoding.geo.census.gov/,"1115 LN 12, LOVELL, WY, 82431",1115 LANE 12,LOVELL,WY,82431,,,
670779,33.660042063842,-101.245703878657,https://geocoding.geo.census.gov/,"710 W MAIN ST, CROSBYTON, TX, 79322",710 WEST MAIN STREET,CROSBYTON,TX,79322,,,
531315,41.789546903098,-110.540808695386,https://geocoding.geo.census.gov/,"711 ONYX ST, KEMMERER, WY, 83101",711 ONYX STREET,KEMMERER,WY,83101,,,
531316,41.786454070235,-107.2618406598,https://geocoding.geo.census.gov/,"2221 ELM ST, RAWLINS, WY, 82301",2221 WEST ELM STREET,RAWLINS,WY,82301,,,
531313,42.717436735502,-110.931364303983,https://geocoding.geo.census.gov/,"901 ADAMS ST, AFTON, WY, 83110",901 ADAMS STREET,AFTON,WY,83110,,,
494023,38.869515963981,-77.158011131782,https://geocoding.geo.census.gov/,"2960 SLEEPY HOLLOW RD, FALLS CHURCH, VA, 22044",2960 SLEEPY HOLLOW ROAD,FALLS CHURCH,VA,22044,,,
531314,42.755075515388,-104.446073714406,https://geocoding.geo.census.gov/,"921 BALLENCEE AVE, LUSK, WY, 82225",921 SOUTH BALLANCEE AVENUE,LUSK,WY,82225,,,
494022,37.188460178325,-77.359668651641,https://geocoding.geo.census.gov/,"350 POPLAR DR, PETERSBURG, VA, 23805",350 POPLAR DRIVE  PO BOX 3060,PETERSBURG,VA,23805,,,
531311,44.407559762955,-104.378190221096,https://geocoding.geo.census.gov/,"713 E OAK ST, SUNDANCE, WY, 82729",713 OAK STREET,SUNDANCE,WY,82729,,,
494021,38.131636942318,-79.039726464773,https://geocoding.geo.census.gov/,"1301 RICHMOND AVE, STAUNTON, VA, 24401",1301 RICHMOND ROAD,STAUNTON,VA,24402,,,
531312,44.526092258332,-109.074224277878,https://geocoding.geo.census.gov/,"707 SHERIDAN AVE, CODY, WY, 82414",707 SHERIDAN AVENUE,CODY,WY,82414,,,
531319,41.242272299714,-110.991261782463,https://geocoding.geo.census.gov/,"190 ARROWHEAD DR, EVANSTON, WY, 82930",190 ARROWHEAD DR,EVANSTON,WY,82930,,,
494029,36.833774143499,-81.511454580248,https://geocoding.geo.census.gov/,"340 BAGLEY CIR, MARION, VA, 24354",340 BAGLEY CIRCLE,MARION,VA,24354,,,
494017,36.555781628016,-79.409640694424,https://geocoding.geo.census.gov/,"382 TAYLOR DR, DANVILLE, VA, 24541",382 TAYLOR DRIVE,DANVILLE,VA,24541,,,
494010,38.856870261036,-77.225533897289,https://geocoding.geo.census.gov/,"3302 GALLOWS RD, FALLS CHURCH, VA, 22042",3302 GALLOWS RD,FALLS CHURCH,VA,22042,,,
521309,43.97411909912,-89.820837512501,https://geocoding.geo.census.gov/,"402 W LAKE ST, FRIENDSHIP, WI, 53934",402 W LAKE ST,FRIENDSHIP,WI,53934,,,
670320,29.806914670823,-95.170892269707,https://geocoding.geo.census.gov/,"15149 WALLISVILLE RD, HOUSTON, TX, 77049",15149 WALLISVILLE ROAD,HOUSTON,TX,77049,,,
670322,33.002644989056,-96.771389513554,https://geocoding.geo.census.gov/,"4100 MAPLESHADE LN, PLANO, TX, 75093",4100 MAPLESHADE LANE,PLANO,TX,75075,,,
520212,45.888134684263,-89.709330546571,https://geocoding.geo.census.gov/,"9576 STATE HWY 70, MINOCQUA, WI, 54548",9576 HIGHWAY 70,MINOCQUA,WI,54548,,,
520213,42.958858958709,-88.109119996211,https://geocoding.geo.census.gov/,"4805 S MOORLAND RD, NEW BERLIN, WI, 53151",4805 S MOORLAND RD,NEW BERLIN,WI,53151,,,
521302,44.577832834969,-91.214449858594,https://geocoding.geo.census.gov/,"13025 8TH ST, OSSEO, WI, 54758",13025 8TH ST,OSSEO,WI,54758,,,
520214,43.178031889265,-88.087421558869,https://geocoding.geo.census.gov/,"N88W14275 MAIN ST, MENOMONEE FALLS, WI, 53051","N88W14275 MAIN STREET, SUITE 100",MENOMONEE FALLS,WI,53051,,,
521303,44.18296566055,-89.246334754292,https://geocoding.geo.census.gov/,"601 GROVE AVE, WILD ROSE, WI, 54984",601 GROVE AVE,WILD ROSE,WI,54984,,,
520215,44.541467011041,-89.543689665592,https://geocoding.geo.census.gov/,"4100 STATE HWY 66, STEVENS POINT, WI, 54482",4100 STATE HIGHWAY 66,STEVENS POINT,WI,54482,,,
521304,43.648874866971,-90.345936483578,https://geocoding.geo.census.gov/,"400 WATER AVE, HILLSBORO, WI, 54634",400 WATER AVE,HILLSBORO,WI,54634,,,
521305,43.94444685672,-90.807688062933,https://geocoding.geo.census.gov/,"310 E MAIN ST, SPARTA, WI, 54656",310 W MAIN ST,SPARTA,WI,54656,,,
521307,44.621236996461,-91.96341516262,https://geocoding.geo.census.gov/,"1220 3RD AVE W, DURAND, WI, 54736",1220 3RD AVE W,DURAND,WI,54736,,,
521308,45.296005125631,-92.360494317829,https://geocoding.geo.census.gov/,"265 GRIFFIN ST E, AMERY, WI, 54001",265 GRIFFIN STREET EAST,AMERY,WI,54001,,,
521310,44.866130619804,-88.127571683665,https://geocoding.geo.census.gov/,"855 S MAIN ST, OCONTO FALLS, WI, 54154",855 S MAIN ST,OCONTO FALLS,WI,54154,,,
521311,44.955263240129,-90.920239308722,https://geocoding.geo.census.gov/,"1120 PINE ST, STANLEY, WI, 54768",1120 PINE ST,STANLEY,WI,54768,,,
530014,41.13990078332,-104.817005342156,https://geocoding.geo.census.gov/,"214 E 23RD ST, CHEYENNE, WY, 82001",214 EAST 23RD STREET,CHEYENNE,WY,82001,,,
520100,42.546775791314,-89.010233906062,https://geocoding.geo.census.gov/,"1969 W HART RD, BELOIT, WI, 53511",1969 W HART RD,BELOIT,WI,53511,,,
520109,43.783841260038,-90.076744249627,https://geocoding.geo.census.gov/,"1050 DIVISION ST, MAUSTON, WI, 53948",1050 DIVISION ST,MAUSTON,WI,53948,,,
670331,30.954872905041,-95.379540707848,https://geocoding.geo.census.gov/,"317 PROSPECT DR, TRINITY, TX, 75862",317 PROSPECT DRIVE,TRINITY,TX,75862,,,
520107,44.094314919172,-87.676287701974,https://geocoding.geo.census.gov/,"2300 WESTERN AVE, MANITOWOC, WI, 54220",2300 WESTERN AVE,MANITOWOC,WI,54221,,,
670336,29.524054524634,-98.639587056031,https://geocoding.geo.census.gov/,"8703 BANDERA RD, SAN ANTONIO, TX, 78250",8703 BANDERA RD,SAN ANTONIO,TX,78250,,,
671303,32.400209363307,-98.821541311017,https://geocoding.geo.census.gov/,"304 S DAUGHERTY AVE, EASTLAND, TX, 76448",304 S DAUGHERTY STREET,EASTLAND,TX,76448,,,
520103,43.163988676641,-88.133901537016,https://geocoding.geo.census.gov/,"W180N8085 TOWN HALL RD, MENOMONEE FALLS, WI, 53051",W180 N8085 TOWN HALL RD,MENOMONEE FALLS,WI,53051,,,
671302,32.754638490818,-98.887682124525,https://geocoding.geo.census.gov/,"200 S GENEVA ST, BRECKENRIDGE, TX, 76424",200 SOUTH GENEVA STREET,BRECKENRIDGE,TX,76424,,,
520102,42.662569839951,-88.496804835696,https://geocoding.geo.census.gov/,"W3985 CO RD NN, ELKHORN, WI, 53121",W3985 COUNTY ROAD NN,ELKHORN,WI,53121,,,
671301,35.902745846588,-100.387463575567,https://geocoding.geo.census.gov/,"1020 S 4TH ST, CANADIAN, TX, 79014",1020 S 4TH ST,CANADIAN,TX,79014,,,
521313,45.488993699457,-89.733482767965,https://geocoding.geo.census.gov/,"401 W MOHAWK DR, TOMAHAWK, WI, 54487",401 W MOHAWK DR  SUITE 100,TOMAHAWK,WI,54487,,,
530034,42.840633176712,-106.230833516252,https://geocoding.geo.census.gov/,"6350 E 2ND ST, CASPER, WY, 82609",6350 E 2ND STREET,CASPER,WY,82609,,,
521314,45.10187177935,-91.500676308825,https://geocoding.geo.census.gov/,"1501 THOMPSON ST, BLOOMER, WI, 54724",1501 THOMPSON ST,BLOOMER,WI,54724,,,
521315,45.398187665833,-91.840201451879,https://geocoding.geo.census.gov/,"1222 E WOODLAND AVE, BARRON, WI, 54812",1222 E WOODLAND AVE,BARRON,WI,54812,,,
521317,44.025514931628,-88.154310828064,https://geocoding.geo.census.gov/,"614 MEMORIAL DR, CHILTON, WI, 53014",614 MEMORIAL DRIVE,CHILTON,WI,53014,,,
521318,45.303485806847,-92.697851432052,https://geocoding.geo.census.gov/,"2600 65TH AVE, OSCEOLA, WI, 54020",2600 65TH AVENUE,OSCEOLA,WI,54020,,,
521319,42.834108904465,-89.043129417491,https://geocoding.geo.census.gov/,"11101 N SHERMAN RD, EDGERTON, WI, 53534",11101 N SHERMAN ROAD,EDGERTON,WI,53534,,,
521321,43.83538541852,-88.817895266486,https://geocoding.geo.census.gov/,"845 PARKSIDE ST, RIPON, WI, 54971",845 PARKSIDE ST,RIPON,WI,54971,,,
521322,42.843980650249,-90.708481117535,https://geocoding.geo.census.gov/,"507 S MONROE ST, LANCASTER, WI, 53813",507 S MONROE ST,LANCASTER,WI,53813,,,
530025,41.312142273013,-105.557438009662,https://geocoding.geo.census.gov/,"255 N 30TH ST, LARAMIE, WY, 82072",255 N 30TH,LARAMIE,WY,82072,,,
670783,31.531449197795,-94.105065025694,https://geocoding.geo.census.gov/,"511 HOSPITAL ST, SAN AUGUSTINE, TX, 75972",511 HOSPITAL ST,SAN AUGUSTINE,TX,75972,,,
670781,32.767441167491,-99.895404740645,https://geocoding.geo.census.gov/,"101 AVE J, ANSON, TX, 79501",101 AVENUE J,ANSON,TX,79501,,,
670780,31.3074041655,-96.894046327533,https://geocoding.geo.census.gov/,"322 COLEMAN ST, MARLIN, TX, 76661",322 COLEMAN STREET,MARLIN,TX,76661,,,
520202,44.888487168588,-89.582429348987,https://geocoding.geo.census.gov/,"3400 MINISTRY PKWY, WESTON, WI, 54476",3400 MINISTRY PARKWAY,WESTON,WI,54476,,,
530012,42.848712714742,-106.308873935569,https://geocoding.geo.census.gov/,"1233 E 2ND ST, CASPER, WY, 82601",1233 EAST 2ND ST,CASPER,WY,82601,,,
520205,42.861610720713,-87.951609475239,https://geocoding.geo.census.gov/,"10101 S 27TH ST, FRANKLIN, WI, 53132",10101 SOUTH 27TH ST  2ND FLOOR,FRANKLIN,WI,53132,,,
520208,42.670931479085,-88.977381811938,https://geocoding.geo.census.gov/,"3400 E RACINE ST, JANESVILLE, WI, 53546",3400 EAST RACINE STREET,JANESVILLE,WI,53546,,,
530008,43.033715571267,-108.417312036644,https://geocoding.geo.census.gov/,"2100 W SUNSET DR, RIVERTON, WY, 82501",2100 W SUNSET DR,RIVERTON,WY,82501,,,
530006,44.807490740216,-106.976375587702,https://geocoding.geo.census.gov/,"1401 W 5TH ST, SHERIDAN, WY, 82801",1401 W 5TH ST,SHERIDAN,WY,82801,,,
520210,44.794406026789,-91.519134111608,https://geocoding.geo.census.gov/,"2310 CRAIG RD, EAU CLAIRE, WI, 54701",2310 CRAIG RD,EAU CLAIRE,WI,54701,,,
530002,44.290416323912,-105.519452180656,https://geocoding.geo.census.gov/,"501 S BURMA AVE, GILLETTE, WY, 82716",501 SOUTH BURMA AVENUE,GILLETTE,WY,82716,,,
521300,45.927543946575,-89.252475723393,https://geocoding.geo.census.gov/,"201 E HOSPITAL RD, EAGLE RIVER, WI, 54521",201 HOSPITAL ROAD,EAGLE RIVER,WI,54521,,,
514012,39.040995955942,-80.497348466247,https://geocoding.geo.census.gov/,"936 SHARPE HOSPITAL RD, WESTON, WV, 26452",936 SHARPE HOSPITAL ROAD,WESTON,WV,26452,,,
514008,38.419155505656,-82.437113651871,https://geocoding.geo.census.gov/,"1230 6TH AVE, HUNTINGTON, WV, 25701",1230 SIXTH AVENUE,HUNTINGTON,WV,25701,,,
514001,38.314946047686,-81.569316083544,https://geocoding.geo.census.gov/,"300 56TH ST SE, CHARLESTON, WV, 25304","300 56TH STREET, SE",CHARLESTON,WV,25304,,,
500088,47.441200423479,-122.215409578575,https://geocoding.geo.census.gov/,"400 S 43RD ST, RENTON, WA, 98055",400 S 43RD ST,RENTON,WA,98055,,,
500084,47.864528806642,-121.990605352331,https://geocoding.geo.census.gov/,"14701 179TH AVE SE, MONROE, WA, 98272",14701 179TH AVE SE,MONROE,WA,98272,,,
524044,43.050176129929,-87.927185497068,https://geocoding.geo.census.gov/,"1525 N 12TH ST, MILWAUKEE, WI, 53205",1525 N 12TH ST,MILWAUKEE,WI,53205,,,
524043,43.012105038922,-87.997821120146,https://geocoding.geo.census.gov/,"1706 S 68TH ST, WEST ALLIS, WI, 53214",1706 S 68TH ST,WEST ALLIS,WI,53214,,,
524042,43.106190471755,-89.528025345468,https://geocoding.geo.census.gov/,"3169 DEMING WAY, MIDDLETON, WI, 53562",3169 DEMING WAY,MIDDLETON,WI,53562,,,
524041,44.476272470109,-87.927617900771,https://geocoding.geo.census.gov/,"1351 ONTARIO RD, GREEN BAY, WI, 54311",1351 ONTARIO RD,GREEN BAY,WI,54311,,,
504009,47.533758755683,-122.36590214281,https://geocoding.geo.census.gov/,"2600 SW HOLDEN ST, SEATTLE, WA, 98126",2600 SOUTHWEST HOLDEN,SEATTLE,WA,98126,,,
493301,36.861295275531,-76.30171081964,https://geocoding.geo.census.gov/,"601 CHILDRENS LN, NORFOLK, VA, 23507",601 CHILDREN'S LANE,NORFOLK,VA,23507,,,
504016,47.242711350661,-122.479972287376,https://geocoding.geo.census.gov/,"3402 S 19TH ST, TACOMA, WA, 98405",3402 S 19TH ST,TACOMA,WA,98405,,,
504013,45.714723602933,-122.642207643444,https://geocoding.geo.census.gov/,"2805 NE 129TH ST, VANCOUVER, WA, 98686",2805 NE 129TH ST,VANCOUVER,WA,98686,,,
504012,48.137917441918,-122.182278612035,https://geocoding.geo.census.gov/,"3955 156TH ST NE, MARYSVILLE, WA, 98271",3955 156TH ST NE,MARYSVILLE,WA,98271,,,
504015,47.041510464555,-122.827625379781,https://geocoding.geo.census.gov/,"605 WOODLAND SQUARE LOOP SE, LACEY, WA, 98503",605 WOODLAND SQUARE LOOP SE,LACEY,WA,98503,,,
504014,47.651520272982,-117.413561642546,https://geocoding.geo.census.gov/,"104 W 5TH AVE, SPOKANE, WA, 99204",104 W 5TH AVE,SPOKANE,WA,99204,,,
504008,46.283584733091,-119.281352238383,https://geocoding.geo.census.gov/,"1175 CARONDELET DR, RICHLAND, WA, 99354",1175 CARONDELET DRIVE,RICHLAND,WA,99352,,,
504002,47.718548302126,-122.205005854974,https://geocoding.geo.census.gov/,"10200 NE 132ND ST, KIRKLAND, WA, 98034",10200 NE 132ND ST,KIRKLAND,WA,98034,,,
504004,47.572916374514,-117.692486012223,https://geocoding.geo.census.gov/,"850 MAPLE ST, MEDICAL LAKE, WA, 99022",850 MAPLE STREET - P O BOX  A,MEDICAL LAKE,WA,99022,,,
030110,33.464306225834,-112.353651563203,https://geocoding.geo.census.gov/,"13677 W MCDOWELL RD, GOODYEAR, AZ, 85395",13677 WEST MCDOWELL ROAD,GOODYEAR,AZ,85395,13677 WEST MCDOWELL ROAD,2026-09-28,
010139,33.463494801278,-86.775711172132,https://geocoding.geo.census.gov/,"2010 BROOKWOOD MEDICAL CENTER DR, BIRMINGHAM, AL, 35209",2010 BROOKWOOD MEDICAL CENTER DRIVE,BIRMINGHAM,AL,35209,2010 BROOKWOOD MEDICAL CENTER DRIVE,2026-09-28,
670347,33.175782679931,-97.088210031776,https://geocoding.geo.census.gov/,"2813 MAYHILL RD, DENTON, TX, 76208",2813 S MAYHILL ROAD,DENTON,TX,76208,2813 S MAYHILL ROAD,2026-09-28,
670345,29.710427789502,-95.462285377869,https://geocoding.geo.census.gov/,"4801 BISSONNET ST, BELLAIRE, TX, 77401",4801 BISSONNET STREET,BELLAIRE,TX,77401,4801 BISSONNET STREET,2026-09-28,
171387,37.040481389152,-95.639952689238,https://geocoding.geo.census.gov/,"1400 W 4TH ST, COFFEYVILLE, KS, 67337",1400 W 4TH ST,COFFEYVILLE,KS,67337,1400 W 4TH ST,2026-09-28,
370784,35.514399766645,-98.996932416151,https://geocoding.geo.census.gov/,"100 N 30TH ST, CLINTON, OK, 73601",100 N 30TH STREET,CLINTON,OK,73601,100 N 30TH STREET,2026-09-28,
330801,42.159383936926,-79.58920879787,https://geocoding.geo.census.gov/,"189 E MAIN ST, WESTFIELD, NY, 14787",189 EAST MAIN STREET,WESTFIELD,NY,14787,189 EAST MAIN STREET,2026-09-28,
030196,34.554176413665,-112.382239834295,https://geocoding.geo.census.gov/,"4822 STATE RTE 69, PRESCOTT, AZ, 86301",4822 EAST STATE ROUTE 69,PRESCOTT,AZ,86302,4822 EAST STATE ROUTE 69,2026-09-28,
244019,44.958495527599,-93.102291321103,https://geocoding.geo.census.gov/,"559 N CAPITOL BLVD, SAINT PAUL, MN, 55103",559 NORTH CAPITAL BOULEVARD,SAINT PAUL,MN,55103,559 NORTH CAPITAL BOULEVARD,2026-09-28,
331324,44.692131973703,-75.499563120036,https://geocoding.geo.census.gov/,"214 KING ST, OGDENSBURG, NY, 13669",214 KINGS STREET,OGDENSBURG,NY,13669,214 KINGS STREET,2026-09-28,
234048,42.635651219773,-83.309678078356,https://geocoding.geo.census.gov/,"461 W HURON ST, PONTIAC, MI, 48341",461 W HURON STREET,PONTIAC,MI,48341,461 W HURON STREET,2026-09-28,
671304,30.003544011349,-97.134887637434,https://geocoding.geo.census.gov/,"1201 HILL RD, SMITHVILLE, TX, 78957",1201 Hill Rd,SMITHVILLE,TX,78957,1201 Hill Rd,2026-09-28,
140119,41.874247104129,-87.667751728142,https://geocoding.geo.census.gov/,"1620 W HARRISON ST, CHICAGO, IL, 60612",1653 WEST CONGRESS PARKWAY,CHICAGO,IL,60612,1620 W HARRISON ST,2026-09-28,https://www.rush.edu/locations/rush-university-medical-center
143301,41.777611342836,-87.57205856431,https://geocoding.geo.census.gov/,"6501 S PROMONTORY DR, CHICAGO, IL, 60649",E 65TH ST AT LAKE MICHIGAN,CHICAGO,IL,60649,6501 SOUTH PROMONTORY DRIVE,2026-09-28,https://larabida.org/contact-new/
140114,41.9752362,-87.7017257,https://www.endeavorhealth.org/locations/swedish-hospital,"Swedish Hospital public entrance: 5140 N. California Ave., Chicago IL 60625",5145 N CALIFORNIA AVE,CHICAGO,IL,60625,5140 N CALIFORNIA AVE,2026-09-29,https://www.endeavorhealth.org/locations/swedish-hospital
